image_id,bed_slope,bed_intercept,bed_r2,bed_fit_success,edge_amplitude,edge_steepness,edge_midpoint,edge_offset,edge_r2,edge_fit_success,skin_slope,skin_intercept,skin_r2,skin_fit_success,bed_mean,bed_std,bed_skew,bed_kurtosis,edge_mean,edge_std,edge_skew,edge_kurtosis,skin_mean,skin_std,skin_skew,skin_kurtosis,spectral_centroid,spectral_entropy
-LiMpCaA24H9MjEXOVk0.-LiMpKyjdotKO7FGl0BA.-LiMymF5piukCb3-bLxl,0.14525168642891223,-12.115992034783023,0.9998217834325351,1,2.5155712254345874,0.20260034962173806,80.94786936905335,-1.7292477757843838,0.9864396623434324,1,-0.017621937128782683,2.5231185594179992,0.9330763000430451,1,-6.741645378279673,3.145040848662611,-0.00039863781871323357,-1.2254411896407542,0.40269236858403673,0.5759718074728678,-1.4186351206626289,0.7952197659537568,-0.34059793703733127,0.39991137519243175,0.671717503974843,-0.812993939605398,0.0074426249555595,2.005837375741733
-MfqQk9rlT3xf39lOVf8.-MfqQznhrKIfXEo5_v3e.-MlUFYxxTal0uM70vCHJ,-0.0603222788103801,22.38724925006419,0.9172934670216504,1,-15.011961229386477,0.12078837170632319,91.37234003085733,18.514905608929165,0.9983579983242525,1,-0.06543859884600489,11.185854879614778,0.9936247718992249,1,20.154846527816666,1.3649694942829387,-0.8130395833753515,-0.3762320163635149,8.828644634152987,4.39107178920929,0.43501937402378865,-1.3074304862133066,0.5523301048938369,1.4399747112691241,-0.05489884902607572,-0.959196927264975,0.0035173640819395357,1.295808443189304
-MpuPGPaG14m06m5GGV6.-MpuPNQdloC_xZ0ixJc9.-MpuPTec_LSCCg9hQeh9,-0.1955472008516535,-13.603146575539162,0.9983900292936337,1,21.21261038513975,0.20234367240294782,53.377575494371534,-19.099101335806683,0.9989730534944963,1,-0.08628203788072297,9.777229531514694,0.6964413071527846,1,-15.949735778636224,1.4130656785032336,0.053531943329408097,-1.2838075141804013,-10.113097228420026,8.138408468591994,0.27622372410341955,-1.605646558171967,0.07099802052032035,2.2718158667506114,1.0519727794651332,-0.4871980914039855,0.005067451676250994,1.5126454325690926
-LkStkgOz4aCQplRjDVI.-LkSu-v9GyFDvJPWbbAu.-LrNJIHi8YkYnNuVuJ3r,-0.02613966911432358,2.5474035934601353,0.9938322934656523,1,-2.894490132918327,0.08122271669657978,101.93774839837694,0.6918302290043327,0.9987279999555269,1,0.053872089830429015,-9.2297631983219,0.9585098988071477,1,1.5804861773521885,0.5673069307385902,-0.1910903155022416,-1.1233139480825136,-0.6475435762938629,0.7106656720280689,-0.08821402717866839,-1.3937138312381794,-0.4755613321928313,1.207398412490951,0.20991633189845876,-1.5454670334885312,0.005427651945574689,0.6845331033392156
-LilnSmSyM-6usWD64ZZ.-LilnfIIotZ2luAuWpsh.-MOf7yjM27GzIdmytBip,0.0331005015601068,-14.915805500569082,0.6448810143250698,1,71.14683670676729,0.04158963440788366,36.7631419183101,-70.5876582613351,0.9608300297272323,1,-0.012780387760003956,2.1305864868257287,0.20560849796342706,1,-13.691173139196414,0.8920450640731281,1.3699936601443439,0.7538235236348401,-5.031007256185278,3.036655355083431,-0.5382705860185175,-1.001985656733881,0.05374544751843834,0.6188393069469535,-0.46039908025291143,-1.2180571754352574,0.0030593702621592197,1.234653906415589
-LzpOhLU89jIhcizMvjA.-LzpOsIXYS1G9UI5k1xA.-M1P_BlLZBtauS2InEB-,0.004038391252080305,2.411974801134602,0.7114158462030523,1,,,,,,0,-0.022402936834991404,2.059198129755004,0.9220050458514734,1,2.436532405415435,0.02147951559589318,0.5848135739466834,0.5825695974260117,1.8108951279541023,0.4621964316792402,-0.23070108254733157,-1.1171046577440185,-0.1922377889686566,0.5123916698115353,0.6506170737359074,-0.9131818197930657,0.009030493665853644,1.8767274363244124
-NWaV80rB-4xKmVJVsyV.-NWaZJf0SrfcpEeGHAEa.-NYwGzeoFTcOiBNCuuBy,0.005481916674361376,-0.07005667263830606,0.8262915434001005,1,0.03790492316667769,-1.9926658902032928,56.50772300192395,0.08398820039005234,0.2633660265775212,1,-0.004725185434205859,0.7554054610129474,0.8919925876507131,1,0.05605560110812978,0.08321444841501559,-0.9402673730222383,-0.15068458400302065,0.09134800575461022,0.0302987172643937,0.39337885714461784,-0.6543235909027634,0.11989855446148796,0.10999480942404746,-0.6052497247286754,-0.6840341250554434,0.004122629536227251,1.4624508792451474
-NLQ9ArLNPOU5ZK1WO0d.-NPvYMrvoe8cuuy6-iDx.-NV44rPNRmXnrJ0v-c-S,-0.01569851871362138,-0.8847210298556525,0.8515246465153057,1,1.5571733769667266,0.1811303893866714,75.8516967835614,-1.529884722281917,0.9981017942328391,1,-6.986391238645119e-05,-0.09338527723220248,0.0006109545066237398,1,-1.3324853610694836,0.2851483553572283,0.6013466137302091,-1.2452691069478186,-0.5494804186191423,0.555086643739647,-0.45899481561548544,-1.4186968309892536,-0.10368796944448291,0.062324693121140216,0.2778038867875439,-0.7914892211710516,0.0028351230671759026,1.249211018265972
-N2L5E4vNd0BYiMZcEJi.-N2L5K0vZP35WS4HIpqr.-N5iMvNLtP4XKQ3125se,0.0032149834300451152,-1.9234908751889699,0.49566078197865193,1,1.9304528156303584,0.05646247580454118,71.32045713884888,-1.939923676271043,0.9979151452536578,1,0.017437072014621857,-1.8102052513482287,0.8741431494316108,1,-1.8704070070404941,0.04697386408749283,0.30136115313153494,1.4833539124106094,-1.267666811357091,0.3279089149179287,0.26563970142974663,-1.2107459164074519,0.3082853516300699,0.4092806645396975,-0.8261263078167898,-0.6823730352691539,0.00795981182262462,1.8273474468763573
-M76qN-Y4qB-ndFVJQyO.-M76qgEYnhDG9ZrB6Og6.-M7vghmDgvJfBeL-Q9lO,0.09225517588099585,-6.6475753826683395,0.9826104206547047,1,0.3519619355247719,0.4285034436630743,118.48992377859432,-0.43670392708072214,0.8386938379916086,1,0.00038608979371479446,0.4974397241301407,0.0008110186277923148,1,-3.2341477802671195,2.0148368588306047,-0.2854022053260927,-1.2878132009630667,-0.39315580709439646,0.09849670553262989,1.351929294210294,1.3910056308835124,0.560193287916186,0.29768951722818754,-0.37989727411084273,-1.1414010827927976,0.011074791109887907,2.48759561096826
-LceKoJLHb8IoImrI10u.-LceLGShBo4OlOGC-9af.-LnCLtC28l4rM-fyM1Um,-0.07694892461865366,8.210527602960816,0.9809500064063842,1,-3.8923289818447198,0.08973782205881789,94.89618656899316,3.4280299581071043,0.9999380666214462,1,0.00894413935784244,-1.555452016956281,0.8997072801079503,1,5.363191184638407,1.6818293443864065,0.34283582077490304,-1.1662672989577245,1.1931473031533772,1.009064327328576,0.1842283794127682,-1.386528063649589,-0.10174729042175353,0.20674597967980143,0.3259799016316118,-1.4854759224800522,0.00618023081495266,1.779676673439594
-Lhi_hQB4d9hP668bC18.-Lhi_pFqfsm7Fzt3bPH5.-MRxdGz0F8O-Wnn7c1pW,-0.2131206973683096,16.987058946701342,0.9956870178806343,1,-24.051519962323265,0.07516154157973022,18.53031114864449,25.058075607901642,0.999122935848281,1,-0.03192594186763298,3.36585635971512,0.9848445184059762,1,15.069999534583955,1.174597833422237,-0.15062314511272673,-1.0828941180459455,5.302022988320641,3.3663171070282676,0.736804610206569,-0.7357372271291092,-0.03444804826196514,0.7057432676480386,0.327461205901523,-1.0868769924049584,0.011153865431239859,2.1875995192139683
-N5Ex_wTi09PJr4NM0tK.-N5Ey-2ybtGwNm1dXOdE.-NFDYbpAgXzZqtS8ezZu,-0.030185102256214513,4.233438565031292,0.8708295405282148,1,-2064.9216544064006,0.06071023778955339,-51.5330316662636,2065.4278698579674,0.9821494527646373,1,-0.009241098184537,1.5297816408136917,0.9645522852267944,1,3.1168468736017703,0.7000729171963918,-0.8051067948250749,-0.6759461763900099,0.8136392221407437,0.25374368288841664,0.9335037505833507,-0.11739196872252888,0.028360662469526184,0.2065958454986669,0.4412271611300713,-1.0416335388392477,0.004516736390728041,1.5764049319945792
-LeGC3EwPfb82NnUGMCl.-M9N9tvEz5XJvKf9pBur.-MHu0mll7iDK-SiEBmR4,-0.03645827881011049,2.313815613194112,0.9819947339275753,1,1.5890890573791427,0.1407924571722579,92.44072045563286,-0.6880993232306125,0.9674744919095954,1,-0.025010158963312976,3.718644315040579,0.8765952796943359,1,0.9649388696596775,0.7963970951198848,-0.22283394641940693,-1.302859219332129,0.31536438510864695,0.5185216448192175,-0.3264329986501256,-1.31844818675331,-0.34551408010598145,0.586911672447701,0.8263215302609143,-0.6680629265103479,0.01535052695473919,2.384276718947735
-LkTWPSUPaZttsFxZy7D.-LkTX-0DF7gBqq41BENg.-LkTXGAuUiw6EDpvFX5a,,,,0,9109.29281431395,0.0514579405893186,-142.89907153683586,-9108.81584498468,0.9909318236150602,1,0.006539874665672296,0.3444785342622012,0.43436721564242864,1,-2.2932132201906845,1.4157477731124102,-0.5712183778577461,-0.6924231241450367,0.8172210473983441,0.22486756575399844,-2.5226737474440877,6.065434325241759,0.03055332428111567,2.5934601912074884
-LhA7iwTeQapDTyS-SYT.-LnCO19dr8OUeTrjNHv2.-LrhKYcF5pE2haUdKCgL,0.05629431406837526,-8.1875141196811,0.9930987992731527,1,4.740545497325991,0.07867020074888786,92.65096163268242,-4.828058075741485,0.999250741489804,1,0.0077708953553371485,-0.9821929887591225,0.5597340838254911,1,-6.104916811637218,1.222919884671128,-0.1415838208611251,-1.012404366667303,-1.9728749842627473,1.0978347240091826,-0.2340498180216665,-1.3311269873251714,0.2809258934747971,0.22773974764333907,-1.2809890127300743,0.4641241317692706,0.005235348761496819,1.635941619741864
-MzUJvOKRuGJTZFQOYOA.-MzUK8z-9fohlmlYvOFu.-MzUKEZ6rF-Vi2f-008u,-0.055815736586503295,6.056231785391455,0.9329879303648889,1,-4774.184931997444,0.032842790880506866,-158.26281524134302,4772.9778195713025,0.9926844494944914,1,0.008480243928706166,-2.132195443283495,0.7314646593643341,1,3.9911850220289202,1.2511188930630277,-0.6869983134051324,-0.7544855544472759,-0.08534693867456224,0.5219735369005979,0.583708770938442,-0.568882206889965,-0.7543115096654386,0.21734832737336118,1.081109162576113,-0.17005605266254697,0.007379272089882168,1.8932291482860262
-MbuPuAA88LtcDAuPoiZ.-MbuQ1CymRsvvqpp-z8D.-Med39eTJJ9JksGbTuvq,0.12888275269546,-19.494833153642556,0.9867090294160654,1,18.23452721418519,0.05813735738831957,80.258245986294,-16.874467593370277,0.9998418438241715,1,0.01517468231458552,-1.4167002781659694,0.8290480307731053,1,-14.725814012192304,2.8088979772429465,0.29521817224110036,-1.1269736222046773,-3.6639393492342953,2.7943044014986844,-0.4133646670262213,-1.1141537614919104,1.0493875568463948,0.3656965427308635,-0.9024235419399105,-0.13314750304118794,0.005360533814647579,1.6785502335940505
-Mqx8Ysk77qLkwt2-z5c.-NGQayjFESaXMkeTPbzQ.-NGQb6IftbbXndImc2-h,-0.11035662454658346,13.794290939399911,0.9815579756619265,1,-10.169471540919576,0.05916009352970398,75.4717015607241,10.000653193615344,0.9993626816154553,1,-0.007562501731312787,0.9266641478351207,0.6280591969619154,1,9.710257623874751,2.4113403842899377,-0.33249578891272713,-1.19320930233672,2.1305580618720232,1.3925104133157524,0.5149901175636935,-1.0003645178060503,-0.3021204493549033,0.21369364451330453,0.551320334207675,-0.33366668131865973,0.005480372998006244,1.7063030066179048
-Lo-ZdmJv-0kZM8lyXUX.-Lo-Zkh6JwG9iAYZb3U7.-Lpc2BpsyEGX4afcAEyK,0.06370105688311155,2.9966813685577365,0.926786462585787,1,-6.569132367314844,0.12526887253583385,110.39936391726859,9.379679586876755,0.9951130476889788,1,-0.07177962131339521,12.059291159440477,0.9915371816846854,1,5.351947909035216,1.4323042675481101,0.7343560868663164,-0.5778066281146055,7.374027503840564,1.8357500357345231,-0.5885861764174141,-1.0736496430616764,0.39561147868217406,1.5813946931040623,0.19108232074484569,-0.9806472617868773,0.0021037555339493345,1.0260102778489808
-MRUA729OiKXXyHBgHAJ.-MRU8BEsz4ELk9LiGR2N.-N3TPrQfGrDIErQrGRSS,-0.08320871237563222,21.885155239877957,0.9827314921760947,1,-17.25018392272979,0.08006970913913442,76.9465820760164,23.05576689367131,0.9975348211768904,1,-0.09789439596775283,18.15871786224945,0.9994831966041536,1,18.806225702814586,1.8168388225067262,-0.34989211352625865,-1.0578304354362376,9.14002321804972,2.690735127357991,0.7335965533216731,-0.7644844826143369,2.250731753026337,2.1483266627351894,0.012175276899689785,-1.266244126720711,0.0031064677613404468,1.1645010356025793
-LckAABpAjMnqZs6ghDo.-LckAEql7gylA9q_FGmU.-LckAQh_7Qk2gFWm_XaH,-0.012226613130260633,-0.1390603616793895,0.72019210263513,1,0.6772426520516532,0.34107299662231993,82.01442129305622,-0.5535745737763231,0.9602106770637546,1,0.0037585738890732823,-0.5101676278039834,0.8718899835394998,1,-0.5545254033557961,0.2871568181521597,0.704846970415956,-0.9552888930745151,-0.06011604565737248,0.2590317382689614,-0.855574136608318,-0.765993497087945,0.07801346030514877,0.08867112176676467,0.2568660418088751,-1.5241443032304303,0.004888713371930799,1.6358213065282
-Lp2huafdo4jPXGvgsp2.-Lp2i-WPb4MYcsc7dHYA.-M-TnKSYEQRyPVgU9Cb6,0.12017889451884611,-12.85847347514299,0.9989382888153386,1,18.180369411661562,0.037797386979138606,62.22148877192642,-13.25859380855895,0.9999337603504242,1,0.006462839327260046,-0.412597283978491,0.18857261717708929,1,-10.874658620750342,1.180665744339456,0.08220746738522036,-1.1470464254380741,-4.763835628319535,2.366185264614645,0.039763486089786554,-1.2537555013090482,0.3726772550272233,0.3263321577551178,-1.5643869916069142,1.9748607792872486,0.007145046104593507,1.7524710200919058
-MgPSdLgBgT6DsVSYvSf.-MgPT1uata4LohMkhJH7.-MzJeG7HXmpdgzTe-g1Q,-0.11001006952973547,10.801376886968852,0.9994434064741478,1,-5400.8002858865975,0.039818942698290415,-123.24400324457123,5401.426623150289,0.9932911351024909,1,-0.020475671311710013,3.214620936356315,0.9285744050737005,1,6.731669566522476,2.382667057005468,0.03984397293494637,-1.2492676530876266,1.5171042072071175,0.49700927111304677,0.678327436968912,-0.49288276904977923,-0.11260894410063807,0.46606177393903253,0.39094032494735026,-1.2010389743632721,0.00686057911632855,1.9362748209854153
-LoP7_n5ROEawdOTAeDN.-LoP7y1mZ9A1bOMfEnJ1.-LrrqzNLpvakeVZaWw5v,,,,0,0.4904649711027602,0.2790261242364761,23.622442662986597,-0.885026627755564,0.9853734641879195,1,0.018749697970191548,-1.3817500193309606,0.906486293539179,1,-0.6458918149555991,0.20650466303318302,0.034844199738176755,-1.6966494370443446,0.20231825383881807,0.43229770440136733,0.5305131790545543,-1.1789967173327667,0.019639478524257015,2.406216402146809
-NEeQl-tiJlUCbVlHUzo.-NEeQpvuMzuamdikvgm5.-NEeQte8cSxyrn1G15RB,-0.027617906594469943,2.3910420932537573,0.9815359441357844,1,0.3951979976252409,0.5225572299195629,85.84853151217763,0.5886463406066746,0.5514699361062002,1,-0.01439328483476321,2.0837120054668725,0.6607084040748932,1,1.3693579993909943,0.6049231080238102,0.30507807324838004,-1.2371131144728027,0.8944894773182742,0.19728518979778736,-0.31062837380393876,-1.432151367620699,-0.2551520882358986,0.388615362197792,0.6141550971398579,-0.9907877989529776,0.00797672367417305,2.1273814143371084
-NVTRcHI_DN0HFIB-rIF.-NVTRfAHONk1dEPs4Aue.-NZ0Q-8OHbg_ePgUjr7n,-0.09578588827016131,13.115514381297734,0.9608743065677183,1,-3661.3520676848566,0.03583190551352254,-108.34800613107664,3661.1505340775575,0.9997406224002565,1,-0.012017592500915386,1.8496773814460061,0.8307108937279549,1,9.571940279809656,2.1160710903555304,-0.5286143694888316,-0.8927749626540393,2.2270434359674023,1.2238970110272365,0.6045629909738603,-0.7997808525161219,-0.10295666477034753,0.2899524859128454,1.0324384790075347,-0.11948652629386736,0.005041782754343748,1.627878787797554
-MZRqkKGx6CZllvdMAjs.-MZRqmsczNqUk4DCLkJp.-MZRqrNc3vSvlI2q6HNf,-0.16752847694474693,19.122379439749505,0.9410078363985771,1,-8.21026666360362,0.1926536359777105,82.21625213947935,5.281232796772449,0.9769495370533409,1,0.06728133855635397,-9.681787313714302,0.9214381496449439,1,12.923715347010669,3.738988915137102,-0.6805979931460721,-0.614073852970749,-1.4883169944597285,2.0352626741476674,1.2293674073699825,0.28655296921676454,1.2501040575503881,1.5387273052440815,-0.13581665461100828,-1.161744175606164,0.005064430140602158,1.5921099410020245
-MYi7zRYMQ0Kilz5luEH.-MYi81LZbNwySbneLNcl.-MkB7lJyw-oV1gYk1lRd,-0.772128413811728,121.74691900507487,0.8106889199348387,1,-52555.85999943356,0.09887412637347152,2.17572519214243,52557.69517200605,0.997119933946164,1,-0.03554916090584448,4.63552307154753,0.7545356722565526,1,93.18020911414109,18.56551865348064,-1.0432302897143402,-0.003943571657794465,10.103058539125069,10.154879683426685,1.5141475707659988,1.3066319761916958,-1.1412244265693199,0.8981928263682772,1.1561846768431483,0.07291036859842981,0.0048126349563683436,1.6219311858755834
-NEjH4H3wlUfzclWWMcB.-NEjHA04vJZQ1xLMq0JL.-NEjHE9ScN0Wu_GJuz6U,-0.024058898765038604,-0.8455462683878882,0.9070660229803174,1,3.422538534952264,0.26720993698025386,96.03813802790194,-2.5886881816335836,0.9950262071115981,1,-0.013923274595673885,2.4115686414962507,0.7277582575341046,1,-1.5918407861863244,0.4587402328398777,-0.40230330553622906,-1.4826999850094211,-1.4533648337084404,1.3270650643388844,0.6730265489120689,-1.218476104693754,0.3120390913709558,0.3723442432133522,0.3304125213184856,-0.09082725344705667,0.004487530570934221,1.6014527587874798
-MmRnQbZKoveLuMy4_kx.-MmRnVfOzlKxBmikbd0J.-MmRo6PnZ4FXpCV4exRd,-0.046772945594589777,0.49649338873162785,0.969552103245724,1,3.6613373930781643,0.12558961285362247,103.02735223158632,-3.349942460696532,0.9892365557670244,1,-0.01746880543033802,3.330172688853876,0.4085588058478363,1,-1.2342903190040337,1.0279976257744232,-0.3132516295729875,-1.3873133270886933,-1.7551577354344352,1.171273514033206,0.19932189875721448,-1.4389065486072332,0.4910545746193661,0.6063356528351576,0.5531650022169028,-0.1743033954627915,0.004369361857947213,1.5166405964913368
-MA56BG2c9WCCqXTUYo1.-MA56TfyvDcsXyjvAONm.-MA5D3zh5fMfhcatXL7-,-0.04658624965115643,5.188534575647901,0.9900752425867739,1,-4326.854295716288,0.01804832832530028,-366.5833350589632,4327.058582209261,0.9929827831761454,1,-0.018630759674528985,2.9610390903391894,0.9962131382991429,1,4.513850296822633,0.406692773748454,-0.23927040750909906,-1.0814253106543175,2.4427584382251912,0.581215563924677,0.3195679291145592,-0.8446207057936177,0.772199100612883,0.4095282613868762,-0.06091773166025736,-1.010867358385146,0.004534754583295586,1.249386288759403
-Liq_w4K5UDKsni46WKd.-MIJ9YxhIJhizHAqd-nT.-MM_7jV7cEHkqQxcJIK0,,,,0,2.3457503545776883,0.0882954812812426,24.769518690355675,-2.319169677153065,0.9979762802659659,1,0.014962690426702507,-0.6042674685131779,0.8333521212058744,1,-1.156121016517783,0.6133550941230401,0.013596532779640586,-1.4285159653462631,0.7049745598612209,0.35959096156440296,-0.7492983534564789,-0.775581187292143,0.020480657246283562,1.9251435838105047
-LhEkQ3kcnrIjTdOC5oJ.-LhEkiUlQyvSJfVkXxSZ.-LhEmIQ9EdQ2soeleI3O,0.0020382259751421383,-0.0054425883566713296,0.6863872800729807,1,-0.06173767595020375,1.4103701209030701,74.75733557777988,0.06364162215394847,0.6215290934967765,1,-0.0013804440423055286,0.12538489295932453,0.5354225761196345,1,0.03767251206166928,0.03389170389854246,-0.35452581693994173,-1.0793023916898237,0.04052266791067773,0.038652626274608144,-0.16141792092966836,-0.5264647477729358,-0.05605145761231776,0.04367760927294847,-1.4253757363638049,1.8680797997563099,0.029646259743426003,2.7013555337503785
-MVLBpOft-7dIzSb0eE6.-MVL9sG3L9Tl0zezSfHG.-MVLADJH5MyPS_xKd4uD,-0.05969287380779023,0.6181544678346256,0.881150694750561,1,4.669743194496735,0.16658585144898144,104.33554080326105,-5.0989166417493355,0.9715173150032974,1,0.007090641114656626,-0.2133605590969383,0.08248474235071668,1,-1.590361096865619,1.376418708925937,-0.7483171756663338,-0.8443298712261944,-3.1998867707659953,1.6877628124186772,0.25315308739963216,-1.4249040650755194,0.9384825196024014,0.5433484242090227,0.011559393469831992,-0.583212499341117,0.004153507382181256,1.398867925408711
-Njqgo_HorjBBm7OGLVj.-NjqgzLDG6iMDTN14d7n.-Nm5I8VJSB9bMokvubLK,0.010131224207383771,0.45533798799313596,0.8841381465614517,1,-1.0981415425255603,0.09776913878289277,94.97346419552316,1.4514168330737933,0.9747206483293598,1,-0.004242038534579606,0.6273823898379545,0.6160375685601207,1,0.8299324709741209,0.2332285395557662,-0.03310704159351782,-1.4682123742305078,0.8193458234972338,0.3052307107625215,0.16215198510892662,-1.354016227700794,-0.0617852197505558,0.11897435938467776,1.5235862312748398,0.9920901313904342,0.002546457085674832,1.0962628281068465
-NVTRcHI_DN0HFIB-rIF.-NVTRfAHONk1dEPs4Aue.-NXj4wBSyjEy3_fYRiBC,-0.1786045564747728,21.90242197320934,0.9737558359847507,1,-18.859570740043214,0.05923562896446772,69.2453551128485,18.375212965001833,0.9998522483767531,1,-0.0056708693072025085,0.6894079805484173,0.6541777623193483,1,15.294057342705633,3.9176053089542653,-0.4131829066251205,-1.1131238303981175,2.7776320380243735,2.1197227542433232,0.6155567003305122,-0.8672744342259353,-0.23205902343974563,0.1543487877035137,0.948281001340888,0.33994214058949224,0.00536215818176612,1.694099185902113
-Liq_w4K5UDKsni46WKd.-MIJ9YxhIJhizHAqd-nT.-MR4IbKM5MfzB6Pu3Fwd,0.018113740466265904,-0.9274624287491273,0.32213684137783705,1,2.659520834945407,0.13660365313512418,47.14818860657539,-0.37619594748595897,0.9929458097788054,1,-0.03115884636660093,4.035025435718409,0.9643065952418788,1,-0.7737456908930038,0.19068707380865776,-0.4013874544401576,-1.2504824811208282,0.6746957243180047,0.8631147776471859,0.3438712965699233,-1.396476276119799,0.7791179546586305,0.695311529144819,-0.08503080344158143,-1.5264963661855404,0.004673722701829235,1.2486848774368582
-LilnSmSyM-6usWD64ZZ.-LilnfIIotZ2luAuWpsh.-MzORCbZXHczsMNj5VZy,-0.029348203370209772,-2.7120311726285165,0.9425738999011986,1,5.747811879635657,0.09841637758530952,107.13151666237128,-4.747064318821135,0.9975659111090074,1,-0.012838099144582893,2.3189773872546797,0.792071104916795,1,-3.797805749338685,0.6544678047567172,0.4988303445056282,-1.1592066812285995,-2.6026122977509174,1.5193461078926656,0.3373096508113053,-1.3125105233069103,0.23325700905237368,0.3172238926892484,-0.47116688452918604,-1.0816572100022794,0.0021329160827152785,1.0512235217324917
-MJB4GdKwPjYzk2Jc6BO.-MJB4SEPgZJWGvv-xsDg.-MMoLmpbA_cT7gg16HyI,-0.11445508707077123,8.565410033088153,0.9980186841453079,1,-8682.525874454801,0.017258712552124595,-386.72191792720133,8680.9322059935,0.999447697706262,1,-0.04468777037050242,4.617571234617769,0.985298748480214,1,7.363970740418588,0.7282731701542848,-0.11394005820391094,-1.1544707114719404,3.471793110727188,1.253744358589782,0.3013218885034796,-1.0294716007430158,-0.2755321016298684,0.9877175581852552,-0.12455054994368092,-0.9867672979615794,0.01161759332407202,2.2140994416612765
-LiHdzI8lpqzkkuRhCf4.-LiHeFL-BtOWv8dfGtAP.-LiHeQaRq-GrCgxO6qec,-0.06839059131395486,5.896028660755436,0.9851202522900966,1,1.488019701467574,-0.4852584566505869,80.79997908523598,-1.3654056024260277,0.4876780712809049,1,0.003305811647729718,0.12487388041183535,0.06600697970076519,1,3.3658174067884237,1.4913190191820171,-0.28882149248722805,-0.8876439525184727,-1.174886543541468,0.5728282234478035,0.47068025465362817,-0.8877583541443381,0.6615199859668671,0.29255843393702113,-1.3174918347161098,2.2921204052180206,0.007367528816614168,2.0080621269305214
-N2Ajl6_8RGCd6aajyRP.-N2Ak5BkHAg3tBUGAO6a.-N2AnsMZvud11XgAFM7F,0.011842095255333538,-5.944689411910615,0.9251161052070488,1,6.386273524253839,0.08658548313401532,114.00444978588779,-4.990019916726343,0.9982285158768133,1,0.0033563019188583842,-0.42992082551593436,0.11895683516403466,1,-5.506478163212309,0.266086418112146,0.7172846549215014,-0.6395545732140815,-3.2004484683536965,1.3424479410501138,0.5328976638224077,-1.076433118207289,0.11738595979986588,0.22348118933968084,0.08285652481818644,0.2990525704629614,0.0030342628639795192,1.2156287516410402
-LsVlMLffp0SgAp0tEX8.-LsVpvvNc5iRCKfLMuPm.-M1UMUVjCtuIrtmgniTA,-0.02299326120941874,4.296170301775476,0.8931902890571545,1,-4254.45489462131,0.02941591175655065,-184.9993931460225,4254.586921783132,0.9969101309071273,1,-0.003962495584209469,0.8352228168084451,0.37624755571553026,1,3.4455010326864444,0.5269762084522256,-0.7544919532073946,-0.7509081122133456,1.2099563519088385,0.4508424829986876,0.507191695073976,-0.7691505746424077,0.19120353661127212,0.14222973350973098,0.6102508866627454,-0.6407206253508853,0.0031772530625627394,1.287728353431614
-LiwNz4d8mC__1rTnobq.-LiwOI-BLN4rAb_hEfTA.-LiwOiZKJiTcZ5I_oPEb,0.10634229780143024,-9.431753347527025,0.9400026347254159,1,7.7139400713309865,0.09056020487832991,42.201096780483,-8.118405165430659,0.9996533489283499,1,0.006521228109665045,-0.9425269242012217,0.8937993065400226,1,-7.3046216302003915,1.2983205065415135,0.6109119752991636,-0.9417675982693248,-1.700313544664214,1.1852661274940446,-0.8781109798962362,-0.5095463300119438,-0.10458189354852568,0.1514000233358135,-0.7274525851694784,-0.794953454736067,0.007518983154220825,1.9101298958788187
-LpbEwSGv0-3NvLvZYNG.-LpbFBnTf2RC65JpoeRo.-LpbH11w3oRxHjb6WJXU,0.09153329592489057,-20.364228415507707,0.8207136422865966,1,6565.843727674621,0.09045056449121062,1.7419959654342094,-6567.036422917287,0.9959738131939426,1,0.026210421379569415,-3.9909623997038306,0.9087879359358673,1,-16.977485269670122,2.186451257999611,1.3138888356764353,0.9975179064353927,-3.1810877134791355,2.278685001004213,-1.401230290420375,0.9313834136896393,0.2680541970270582,0.6034484128058588,-0.6431915186527036,-0.9450948908175318,0.004515904326884457,1.5569903281351953
-MB36N6_Jo_H_Xp9V7-e.-MB37D1yxzolc_ezHl7L.-MeOyuSeEOiEHizu4_AB,-0.0531214897972363,4.55240356818667,0.9494351594983657,1,0.9623808845064855,0.4121752421168805,114.58258178149646,-0.8866315410944163,0.48941831455230067,1,-0.007714334281471169,1.736889630249344,0.37152316764338833,1,2.586593909188145,1.180223940816984,-0.5760638576449834,-0.9445841723873909,-0.6947477602328349,0.4607036409494866,0.24379218332750974,-1.3040679469512622,0.48344096419393945,0.27759408658591644,-0.8429895468415319,-0.59859382131823,0.0074113113979759546,2.0670924896185174
-Lht4CvAFBwTF_xdonEr.-Lht4RBK04XMdlX6y3VB.-Lht9hcuGFoYmZFvSZTl,-0.034113670561001674,6.734870875230921,0.8706628004248749,1,-2680.815321774754,0.008052929639519242,-659.713402675878,2677.1264481418784,0.9970337711832418,1,-0.020957027677116047,3.280470859976283,0.7733413432481873,1,5.472531113453551,0.7917157459856103,-0.8580769233091534,-0.5653042373080215,2.2681124035808655,0.6905294883584931,0.1488165138049815,-1.038178085414753,-0.12513140198260247,0.5222094353750818,0.7773287554618314,-0.6947058935906494,0.003816984580695912,1.4385097888075806
-MIYBHMBqsEYgBIhlxql.-MIYBPPX58PrebxQ_sCL.-MIYB_ZbLBMegbZ_5RUB,0.038077444760479806,-5.172989331063289,0.9376559320884481,1,3.3568315033467027,0.10901432075362244,92.41755897629808,-2.8563605844563003,0.9993689908604595,1,-0.003685823692489043,0.851235973495067,0.8944531746742298,1,-3.7643335489824947,0.8512628162250812,-0.671282902978906,-0.6637899660100492,-0.7656476422037634,0.9470399221214592,-0.3495320736634458,-1.346573889056061,0.25208816848642324,0.0868491435723238,0.636226812382246,-0.6460475697719166,0.0063416072775924395,1.7719788201148936
-Lilua2XE74Z18rgZNVN.-Liluj98v9mvUJFCihVY.-LoZzu6egFkOErNfbktG,0.023361240481423826,-3.0498212662203787,0.9380240696473932,1,1.998207672313418,0.07726807948025424,98.98799146907176,-1.5840652236584867,0.9986708839704196,1,0.001762453927804608,-0.2525485655338562,0.6035802677037997,1,-2.3254931798109566,0.4384850533412387,0.46763132918889605,-1.2143103828091246,-0.9182291914539766,0.42516057847246036,0.3780963854915114,-1.2124950750869141,0.012796591878663702,0.04974228076942894,0.7427085652521105,-0.6086054007443606,0.005049051629365209,1.549324151071655
-Lh_4fCwSuZCptBWsQEL.-Lh_4qpE43YfcambEOhH.-LsM9P6n3HpP50CczuuL,0.013828035064960997,-2.653451880638335,0.7961733364891095,1,2.5158802585883144,0.049172741394801024,87.03502395423853,-2.301469775926273,0.9995137329147656,1,0.0021861590725303914,-0.31919105562744665,0.5758924804987053,1,-2.148894725431505,0.3310262182398382,0.7672720662090026,-0.9153175412786148,-0.7332231719310387,0.39156407753446787,-0.19251341632568383,-1.242481338634864,0.03379088346079941,0.06375510527537334,-0.8079518293434382,-0.12359516639822576,0.003890267650602005,1.4285582063308941
-Lj_XnWf-EECq-HeIZII.-LspRtoDewdgQIxqKxmN.-LspSCHWQgkV4RdVhYYA,-0.07700198157107344,3.7779132458921647,0.9996196209494763,1,-2062.34550582667,0.021999357232064747,-277.32266964638825,2061.6567106339276,0.9992275304943101,1,-0.0071919263705140235,0.4948061263994393,0.3892450966702058,1,3.3145931051346227,0.28773832157510854,-0.06665410867916972,-1.2150107197642355,1.4376796670503937,0.6686042178640241,0.3779648553636798,-1.0386653281539062,-0.22768208003283608,0.25428652074293395,1.0405332915745726,0.002045234002430174,0.01376538989009501,2.293379001621184
-LjFjYM0cNHLWyTLdPiL.-LjFk5YStuJwLI4Bz11C.-LjFkcJlM8TsbJfRnmo3,0.020001446537349987,-2.90484255431122,0.9648164444829478,1,7.582690489482444,0.07143897771234103,53.98313290147245,-3.0787268290889496,0.9998266202727533,1,-0.05728249507760319,8.171941114020164,0.7774808882830122,1,-2.724213172116561,0.11138462569057081,0.4892712624932346,-1.0382435849213594,-0.3951046519776782,1.5638545467114022,0.31424322636980023,-1.241699136415239,2.071314629579287,1.4253204853095436,-0.9859823937010453,-0.28547400822442937,0.0065555780198225605,0.7266964260367846
-MDUOCOQxnF8TTrtwL1W.-MDUOWcvgwATHaNx9KCx.-MDUOdbZMp1yYh92Mwcn,0.0249381224731815,-1.2263458212305745,0.9791598800262054,1,-0.19115508994627517,0.6121851755658821,115.45866433841302,0.9919249628011846,0.4004248801399365,1,-0.02080191773119299,3.3976440537280324,0.998482962752025,1,-0.30347882546327193,0.5456069235601909,0.3620988644960048,-1.0762864451857297,0.9572178196732953,0.10402755818777466,-0.6724686354070494,-0.6767112078464557,0.017353475251799862,0.45677725666630736,0.002500920606116083,-1.2412655175675213,0.005098973929285219,0.5826956991539445
-LlBEMo2wsK41U_i4Ff-.-LlBEbuAIaFAvd6Tsudd.-M76biXZTDsxYSj3xjPp,-0.11527421998312648,35.58982815830437,0.9392159601389534,1,-31.136837498410916,0.14495286768940088,82.52984915731324,32.41870018272889,0.9970347533391418,1,-0.012059532125584305,1.16142546366439,0.4782796865712401,1,31.324562968917466,2.574975550664397,-0.7058618145968638,-0.46702943050041945,7.4394148187324,7.233319749631823,1.0482212248119571,-0.30498820887718514,-0.7984590318949111,0.3825382256362055,1.7473890925665172,2.0230196033601002,0.004213900611504317,1.4710150456056326
-MyknQISWBIoBSvzVT6C.-MyknVVjQ9fzdQtj5pnC.-Myknc9wzXT49vCKZk2B,0.04042650524572163,-9.007819708679204,0.9810170019768067,1,7.323794187907051,0.13099475876283484,66.44347035690835,-7.931892008581061,0.9975127928691899,1,0.006911516501851289,-0.6251571458593717,0.473039672955481,1,-7.99662579717493,0.5993872120931476,-0.2837912745363465,-0.7100706282095404,-3.0606001705735384,2.182812323185612,-0.5170733691570067,-1.2465614147820978,0.3319998847040403,0.2210724725695855,-1.8258682134589015,2.4730819388612524,0.005682822652404984,1.6073237740546604
-MGquYN4lpPSn1Q23ELM.-MLHrXQMnrXPEiOdB7Pz.-MLHtmT-hV1pQ94FMGR8,-0.033879554362673314,2.5443301650214885,0.9722847034715328,1,-1.2216486583674504,0.16125362390872694,29.687382994803535,1.9739609311920874,0.9985075688144145,1,-0.021321863506527095,2.5720319152924302,0.9420763271531626,1,2.2068351445169276,0.2103896718244099,-0.3722514229929607,-1.1347126433330015,1.0079191841949606,0.3103233511835323,1.0638241374696862,-0.26091928965664035,0.2583698671140482,0.4821587481274145,-0.4042612069604231,-1.3816787876165078,0.009400428405643065,1.862928978050517
-MRUA729OiKXXyHBgHAJ.-MRU8BEsz4ELk9LiGR2N.-MXBvfzRTEq-4J45U_JV,-0.1421782807097,44.66558769178707,0.9769507195544369,1,-37.63766163535138,0.15522287131862972,53.36922099844832,41.998344697960746,0.9980783668536329,1,-0.05685670484844141,7.211375210651335,0.942303933793617,1,42.03508974779145,1.5778059061128398,-0.4134126682740747,-0.924515053149451,16.67818566215557,12.035809751181642,0.5838985701824132,-1.2203682263342752,0.07595054367310727,1.2848293313112684,0.6645258864982714,-0.6729832465031089,0.005984745340800513,1.6483257164041525
-N2G3mwfk2QeYyG_USF-.-N2G4IwneT7xXQ02H6xr.-N2G4ZajiYh9fBQTYmqC,-0.07922234512771387,11.398875611177436,0.9966208036340785,1,-4686.467845439608,0.008250018767906674,-630.0292870522707,4677.655259334088,0.999723329303314,1,-0.005414933753714718,0.25764166845505837,0.05908029112116209,1,8.46694109375438,1.7178776474757762,-0.1546440864384271,-1.1503187746640893,2.64248820023562,1.359547366562924,0.1445123014482233,-1.1490035105993244,-0.6222925059038392,0.4888020318366505,0.8100784002324976,-0.6467211486658675,0.004843270754240912,1.622913462901646
-LqAlBMdW0SudzsLML2z.-LqAlFESFzQexx-7wZi5.-Lzpyfh4yaxlnm7Q1eMF,0.029313071581541447,-2.8597386352592014,0.9982269767119817,1,1.0474552901956717,0.10122079598985113,91.33202921697861,-0.8177933323374895,0.998106058921167,1,-0.00275580470219694,0.5793288526549814,0.7675137063878954,1,-1.775165669350389,0.6347457205956933,-0.09301647397058382,-1.2026548817712213,-0.15024934753326666,0.2784834050137228,-0.36580326825764015,-1.3125289027402662,0.1316536228379226,0.06944353817705758,-0.6397053449462884,-1.1665656512610239,0.007750164518773433,2.0018129593417306
-LcjaVAtjdqydGqyIyQf.-Lcjamg6CVTQtyLkNgmg.-Ll6LQWEToG_fczgMfG_,-0.10763331108732488,24.436031451388907,0.9577331283168827,1,-19.0141688764868,0.1155057129822741,85.83537690799827,19.01973781301608,0.9996961913899014,1,-0.002551550052492857,-0.0753807580997683,0.09758138453922449,1,20.453528210792832,2.3806295442982393,-0.5375075551580242,-0.8857011279366582,5.064600473374878,4.693683179409114,0.7027117344321356,-0.9284013006775718,-0.4897572590413901,0.18059267946313504,0.78320720359716,0.037775562498951754,0.004236620038178079,1.474598591576514
-LrIRVq3IK3HG10yEBuK.-LrISdQltvo9B1C3m_ci.-M729lq72hsQf1zFajcv,-0.022968444735956384,17.28053590426004,0.41902774232403284,1,-14.19460091007062,0.12309012073113236,95.48224669876925,16.852007097191112,0.9994269330268424,1,-0.10433764334879547,14.197090445065973,0.8996625594554748,1,16.556702966553175,0.6557946825083338,0.8851965764974097,-0.3884984732545318,11.543366739637088,4.276489697146101,-0.3818727635686274,-1.3542461771489802,-1.610023095595593,2.4134341310539593,0.7570156841923454,-0.773783975645709,0.0044773846020392,1.4579789311441111
-LilnSmSyM-6usWD64ZZ.-LilnfIIotZ2luAuWpsh.-Mn9yX7aZEvQZ-0GGoKB,,,,0,8407.059851926171,0.014684308213921362,-422.8467373036478,-8399.769328183957,0.9909798220204764,1,0.05529357959576886,-2.7039909316606074,0.8182963140806621,1,-6.002274580331653,1.9706802796601643,-0.17724137345360627,-0.9659092943823175,1.3050424393967675,1.3415942654800026,-1.2418248776089187,0.5329975215558469,0.022821151929812718,2.39574747354961
-MITTHrwk0TyeSDPoqb5.-MITTSNguM-glSdoiw_b.-MITTdccvS3HEas94Vjk,0.008344752426532764,-4.28666669056643,0.09110962022059377,1,2.2919810287653446,0.8125025601848181,93.8526156308446,-2.2269170168104937,0.9526634877584532,1,-0.011959937598264192,1.6598307477927152,0.41520125371388006,1,-3.978076825468755,0.6077039706355623,-0.39172893939710535,-0.49256371817286126,-0.8221727636780376,1.1487028232551333,0.06069966838241257,-0.7322470949128679,-0.28360170689625724,0.4191470156984445,0.35255834068211733,-1.4256722344575465,0.0037393676214061804,1.3155033586168805
-NWl0jWJFTZ10mK2RPVt.-NWl0qiTmLgUOAwJbfny.-NWl0u_4SMKmbSsTbJ1R,-0.0883851632304603,2.150705493752107,0.9976198819679943,1,1.0284377749609979,0.29198224172133724,80.81759417730805,-1.734670479675925,0.8523291182639652,1,0.013549010041412846,-1.4826133620432005,0.801381478324052,1,0.4281641455129798,1.0231768281009883,0.1261757091021983,-1.129156444169234,-1.5506756952891516,0.322016356764576,1.025419522396798,-0.08695399297691786,0.24483151606613246,0.3323335828134405,-1.2708839068988644,0.5924136550350201,0.009258387958720322,1.50314914517968
-LhtgDx5KeVU6cU3K9Dh.-LhtgZ-OCWFD-YL8GREj.-Lt3qHiD_PZaCmjXAx_Z,-0.11789190168420453,7.439638839969445,0.9311350910895796,1,1.0109472081200226,0.3521980106082284,92.57699928587941,-0.10454845992506998,0.9741727648785141,1,-0.01597448755082624,2.4976968162401123,0.9509070625606323,1,3.0768598349644725,2.643790313214992,0.6363395260876821,-0.9696540577554176,0.5409692953580724,0.42742245515454835,-0.4806907013175826,-1.4558500085134838,-0.09811556992785209,0.35949747113540464,0.5741887382115334,-0.9317373226837251,0.014659002767646388,2.8241467093578883
-LsVlMLffp0SgAp0tEX8.-LsVpvvNc5iRCKfLMuPm.-M1UMadW7e7E1Eobjh5t,-0.02299326120941874,4.296170301775476,0.8931902890571545,1,-4254.45489462131,0.02941591175655065,-184.9993931460225,4254.586921783132,0.9969101309071273,1,-0.003962495584209469,0.8352228168084451,0.37624755571553026,1,3.4455010326864444,0.5269762084522256,-0.7544919532073946,-0.7509081122133456,1.2099563519088385,0.4508424829986876,0.507191695073976,-0.7691505746424077,0.19120353661127212,0.14222973350973098,0.6102508866627454,-0.6407206253508853,0.0031772530625627394,1.287728353431614
-LkXdHJF83_HuTFp1rKX.-LkXdNOQzzEmDdZ3ixjQ.-NmAKF8ojQ1a9lXCeEkG,-0.0604635825388262,2.5170822462615603,0.9962585885647043,1,-4888.366488787245,0.04877544979118922,-159.96882576941547,4888.9724576198205,0.9922673491924511,1,-0.01454459701234212,1.5572719943232518,0.9706115374136717,1,2.4121231074557996,0.08494379610238688,-0.343476450934557,-1.322655319960352,1.2052897180457498,0.40364712003391495,0.8078960804209426,-0.32281154085175956,0.2120921264121174,0.32386331801863116,-0.20110047326247732,-1.4843587270522676,0.01084298013097354,1.9161019767492786
-MLCPaVHke5WF47cCC4x.-MLCPgQ3s22FJfFDZztz.-MTeP4ZyZa9Kjl0N_kA9,-0.02528313136967382,1.227067859106579,0.9991462144126991,1,1.469072792515132,0.1865451784682752,113.20938018556969,-0.766208196795986,0.9793447217997563,1,-0.004454006588365811,1.8578516420852687,0.08195806042422438,1,0.29135346651786326,0.547056687259908,-0.04926803688417817,-1.2253503028516872,-0.41636044854237414,0.43676693098272845,0.9823244210086909,-0.5027359057649567,1.1343182264410687,0.34440488777008954,-0.6783445956487698,-0.5211189327572305,0.004534150961205473,1.4695910475346352
-N1D111qf9kQ44Sr83AM.-N1D1Gvm9fdNrEG1kvub.-N1rCY9LWJVWGNNms9YS,0.031356449000724096,-2.4497838639368354,0.8928621550134611,1,0.8046928702609556,0.21567634943266314,69.55892319774851,-0.4791631683854989,0.9662395348479382,1,-0.008779795482066538,1.144242032419888,0.9881448233635255,1,-1.508979399968434,0.5843329961646545,0.6013709105625689,-1.1103563292567782,0.1698437932766661,0.22402277704610948,-1.1468942581350001,0.045602041068991905,-0.159479360792304,0.19394062535504383,0.1257599179770785,-1.255149266676595,0.005553146121640037,1.7058035320029241
-MPn8JcRwCez_CwCW6IR.-MPn8UwUQYiEexta7aCr.-MPn8g-hio19gF0jNtOc,-0.05768117772026149,7.810213593959008,0.8679115077584453,1,-2.4779769635551756,0.2516784127960859,81.78401751784179,2.647840507377083,0.9765680702203615,1,0.0006106182386660386,-0.5256830447470566,0.001341454640636397,1,5.677421660306771,1.3416717106839182,-0.8858864819238335,-0.4725130045170709,0.5603859758879104,0.6363122839279101,1.4443511611698352,0.8804612256469273,-0.4267350081434927,0.3731731129087172,-0.13887785407990275,-1.0697299732999344,0.005306136110058136,1.7086420528950517
-Lulbc87BHgXQt7DhxtO.-LulcCd8pZWeViElszOm.-LulcYAnXXTVAKTxGCkB,-0.03554205013397649,5.243547823925374,1.0,1,-5.505152052791294,0.15930398907359855,33.923577252480186,4.978570631839069,0.9911042927420441,1,-0.0068297172016875685,-0.5465382799299321,0.11629024473210214,1,5.22084135606438,0.02158468551125514,-6.174006779770149e-14,-1.9999999999999998,3.007045443875125,1.861708724113378,-0.4873960357278016,-1.37189529831053,-1.1575612055509277,0.44068669317724807,0.58303361611705,-1.0555822343407049,0.014624009208933088,1.8061777983303782
-Lh9RSI5kfJNk4ZKrgIE.-LqANWi3OqJMFaOGDPOy.-LqANh1Owm-UwaxYfvO4,0.1413750432738265,-21.183372794728697,0.9909065070994398,1,12.313745971719639,0.11221855724474758,88.23370570713004,-11.882583315189017,0.9980802249190791,1,-0.0035676919388931694,1.5567982924323582,0.05431494002132542,1,-15.952336766564628,3.074711383972272,0.25719031822459004,-1.0549467845974032,-3.341235351456197,3.2281540842710013,-0.5643465675460163,-1.1306112872034069,0.9780867097200789,0.33735525281592604,-1.1461501259100382,1.2952931100946357,0.005198667160654858,1.6467317406632902
-LeLiaV_6NrLdFlMbLi_.-LeLiiv6COUB6rvloOYx.-LeLj-2PYbkmokETQQ6K,,,,0,0.1393578492547185,0.7064961290689434,23.420100012428602,1.4174385596612744,0.8286829680052598,1,-0.02727308516589555,2.4307942379163396,0.9962197547608718,1,1.4639611873478628,0.06837740341201941,0.37675566318483805,-0.7674145501332954,0.4262855873149027,0.5997752396533608,0.14762852085096062,-1.1719645048134681,0.006343734352748612,1.3605877271903912
-Mm2CziuznOBE9LfxL0J.-Mm2D3KjPiosJMr03kbQ.-MwB7xu6ccEx_457BRGS,-0.016053558880955388,-4.8436791248956075,0.5430167292046046,1,5.499730823627334,0.08433853406194797,94.01055647295456,-6.2547003670452215,0.9991821026502566,1,0.030227859607079632,-4.471014189998217,0.9561643004349938,1,-5.437717869921762,0.4717441091628917,0.9699632591969684,-0.2594122217599857,-3.034701489659459,1.3561445583437264,-0.20395605680897308,-1.3624080570781933,0.4408240100402274,0.6784622538522795,-0.5519010175343121,-0.9247792281755305,0.003223228162453745,1.2894915007419925
-MutmRD5QWP1NfuSyUT5.-Mx9CFHwKWjCYxVN8SVG.-Mx9CN8Dw-LvcxivNqFY,-0.704228494602607,104.14845423431659,0.9874547006633215,1,-74.11448033946624,0.22132816849366324,61.210758172469795,77.55025202802979,0.9976977491537716,1,0.005713175127216759,-0.8886940751852239,0.03737904889503152,1,85.83490616397367,10.844717484566617,-0.002095131224815366,-1.4131254611788937,17.25706410769167,20.025927757592523,1.3124592419901846,0.24916953384769291,-0.08569553969969804,0.6489314089598093,0.303632930787286,-1.3327642628766352,0.0060887510834657195,1.7367149872591678
-Lhi_hQB4d9hP668bC18.-Lhi_pFqfsm7Fzt3bPH5.-MG7SI75jpHmbknFaI63,-0.13115527186453524,14.260119987435703,0.9870421665033767,1,-12.191209876994765,0.06910529042529087,47.36931965634837,12.928427769629247,0.9996847174461345,1,-0.03169172600268899,3.6310098138670104,0.9219438887835656,1,12.096704277166864,1.295005235928144,-0.29356909877668275,-1.0421304744146576,4.984701387879602,2.43345586105971,0.31705572342268284,-1.2390443556983024,-0.2197431885902476,0.7250887776722432,0.6933802445201919,-0.38142160200366604,0.007847660310117313,1.8569019960297386
-MJf6y5k6g908m655NSr.-MJf73dM__cSf9eabi48.-MMKputOpXvCljBIPiml,0.049319160557261044,-5.565391810012582,0.9917026114773733,1,4.4112978536465945,0.08692528822095862,64.05627991977808,-3.9764239207666168,0.9992327001566202,1,-0.0018114346265013124,0.6713716005720501,0.18967511989601327,1,-4.431335656240151,0.6714665141655389,0.19897857676160027,-1.1207447637039603,-1.2545857566331906,1.082956617429519,-0.2857670324430828,-1.3276835912292224,0.42764992856970035,0.09161704477591144,-0.4100029217658109,-0.9262557377070793,0.007737861417000508,1.8705095409498438
-MdWWP1s7V6rMA2nYCSS.-MdWY6Qm3LM1sjcWe_vy.-MdWYq2q9LqQClWHm2u5,-0.09229269235964087,12.204114293577854,0.9989429896147163,1,-2128.7551152756378,0.006538262052432187,-680.7229866634316,2118.7785119527653,0.9980297016703171,1,-0.010432269771297298,1.4970060222819765,0.8208967795829958,1,8.790143971770327,2.0006035016632286,-0.02173333139051607,-1.1035106369583148,2.9643858233146587,1.2132669987270952,0.09085481154574765,-1.097986676078419,-0.19925644996542582,0.24956549662832078,0.1436586377920441,-0.08645705554116567,0.0053871015538578745,1.6387433243389837
-NVTRcHI_DN0HFIB-rIF.-NVTRfAHONk1dEPs4Aue.-NgNHtNJSe76E4qEPqE2,-0.0803349134490762,14.133908782688671,0.9466693589891553,1,-11.489817121345697,0.05024233593921593,83.7507940024421,11.536259424964715,0.9997763955480108,1,-0.029273804500322364,4.370237847160905,0.8035300781508604,1,11.163195735548841,1.7884776097199164,-0.6142204816221194,-0.8145931342386188,3.846102372199581,1.7180035686400057,0.27157840778510417,-1.2035668986809023,-0.3869646507065923,0.7165676073809449,0.9248249950592895,-0.4843001528803521,0.004539795304421642,1.5340086900302448
-M2XdGtY3_J0CKKAcEO0.-M2Xd_-BzHl6EdUcJ2cK.-M2XeI1FRTRheKwJbjoe,-0.01813707744577253,-4.192731622943743,0.9637992502300808,1,7.949540633501028,0.0478918266163794,125.48285178253455,-6.140793171642784,0.9944875790075591,1,0.04114488266063513,-6.164048303649545,0.936539204758261,1,-4.863607178331196,0.39995551752416947,-0.10774860775033347,-1.5922238384105813,-4.193368305441529,0.9604345475642716,0.3944223803114573,-1.0482669559039262,0.5210561641624013,0.9351039329386853,-0.6286509337342351,-0.09746421009469852,0.0035607693809875432,1.313268212174645
-LhdFLzW3R4slzUTPMJv.-LhdFCZ-nAprdI05MSMp.-LhdG2GO9-yZQfyZGTVI,0.0717681300203511,-4.708703132519778,0.9053965731427948,1,0.728777395041727,0.419715529252221,117.80587813150426,-1.5768240594717045,0.4226270272866446,1,0.03269093405540813,-4.631631401415948,0.9779896152512926,1,-2.052910132536641,1.6319282809379172,-0.6953436420730044,-0.8359046843956524,-1.4770526171729594,0.3033974957292883,0.7613538132964516,-0.7974103694739716,0.6805482107363157,0.7260243178985131,-0.21064748022859087,-0.9077432283650482,0.01661869136028258,2.985860537664846
-MlncCIzfvXlSdE6UGOX.-MlncJ6aZgLuy5QVF6mv.-MlndSgxtBNWniYuKUAP,0.09476181524404859,-0.5718438994541186,0.852453541770896,1,-5.170280083033813,0.12434148811333609,87.34971414570255,4.792370402506124,0.9993814104736786,1,0.0056773088818155015,-0.8337191575221377,0.3861655344334951,1,2.935040269960719,2.221322713346865,-0.5862279436046276,-1.0612840335803957,1.0955302330937027,1.383521799074143,0.6666864283667496,-0.9975360206167831,0.08886851929682288,0.20095214214878285,-0.28197266695049866,-1.3002726035677172,0.0035084433654856365,1.5286501092772866
-LrIRVq3IK3HG10yEBuK.-LrISdQltvo9B1C3m_ci.-Ms-Y-4SUxgphOOomjl9,-0.07936577909319098,10.848836875446198,0.9908591370179001,1,-9.155207461708756,0.07836608121343576,60.165611201625985,8.974820658631387,0.9994246915197952,1,-0.016120658151108858,1.5216988649907033,0.7545670311105825,1,9.335239563751449,0.8907434324763963,-0.2595545218417667,-1.1127308055260512,3.9392563201866766,2.181159624159012,0.11505441094517511,-1.3779229061316023,-0.5181847040689816,0.41223660052522887,0.6170162030752421,-0.570424538607774,0.006914550021489703,1.7737188129830508
-LjGBIYnULLBckx6_33e.-LjGBSWiBH-PwIJV_e8T.-MwAjsOne4CnG-THHqJk,0.10302589234731503,-11.920894155300042,0.9882924832634269,1,5.983676962100575,0.04945205677096305,93.61959059524318,-5.544484642988708,0.9985399224702983,1,0.010519515641218335,-1.6459052623237462,0.6646402021503166,1,-8.108652080575222,2.2433993863439046,0.24406132308823916,-1.261367536551056,-2.1675845796691284,0.9794731712459083,-0.10318505242260402,-1.274997971475245,0.06367843781381503,0.2834333260777891,-1.0656207444121637,-0.17951225851963626,0.005307526689709174,1.6809614965378552
-Lo4v2gLmZGsk3SeWkls.-Lo4vJZTAIlBvlAAChN7.-Lo4vdMnZXw1ih5WZUuI,-0.017018176457114897,0.722996710340482,0.9612679024157068,1,0.6954892350499361,0.12599859226333449,96.75919081722994,-0.3872156978783687,0.9969982186598497,1,-0.008334997204750744,1.423113387678075,0.950844332066078,1,0.09307269960909653,0.376068249107634,0.3598340424561681,-1.3388467950653333,-0.004138446465032266,0.22314504635240395,-0.1360431805140809,-1.4927847274980972,0.06855887853203475,0.18758041993663555,-0.47060988606793286,-1.1599930502338658,0.018793638372765417,2.843491788541494
-Lsulqs6JeWOd9vlQVWT.-Lsum-cJ04yTXC8kchkQ.-LsumJ1gbGKYj_zHSi5k,,,,0,18.035599509332624,0.08661694943567307,31.268720011935315,-6.473163215118555,0.9947974136420061,1,-0.004831593793643618,0.9716671118301755,0.07838150884088146,1,-3.0129937170368835,1.8047105106051047,0.5471345038743612,-0.859768057456697,0.6550889741890255,0.45123992396952606,1.2848191782723437,1.090715060254488,0.029745862790273938,2.523018354265372
-N1IDTNGaJdSPHgxB6Bt.-N1IDcxdcoNZZYmnJwTo.-N2zDQuYg9SvETD0vrpi,-0.005605807880781466,1.5750427616864608,0.499144014100508,1,-1313.5913316347212,0.04004309477103751,-128.57952465957976,1314.0824441978957,0.8308883133592042,1,-0.00925452016914697,1.4678678758602606,0.9662119473415509,1,1.3674214689693434,0.1719816315034897,-0.7623669823216125,-0.4689395640685494,0.6580019532424113,0.10240558201620344,0.3229152766043377,1.26259875791707,-0.03598942758438873,0.2064240923902065,0.373945990770433,-1.1166018893466756,0.003695516418288729,1.4270883485788564
-Mm2CziuznOBE9LfxL0J.-Mm2D3KjPiosJMr03kbQ.-N0o9vyBYOz5jT5enCcb,-0.2042143905944065,17.832050784300208,0.9873806797866935,1,-3.8803958547074933,0.19137978393129743,79.62081937752804,2.8409940689502915,0.993255330657231,1,0.013418292142054367,-2.5303421643302255,0.9852504627143908,1,10.276034221963481,4.449179850188663,-0.2837662624360847,-1.1966353676984283,-0.5126858730997899,0.7914764365966954,1.49770534496487,1.0483411621285814,-0.34989601054606306,0.2971379291775756,0.08654969682897,-1.0477937739037375,0.0076587559857302714,2.0427359078525282
-M-OnrHA0wmu3ymvKWA8.-M-Oo9RqHfWyjRggeAS9.-MrRNS-SJP-dgnilH2tq,0.03763499118128644,-7.000504375648152,0.9718060375560047,1,5.923745327798677,0.10791399954053883,85.64878029682268,-5.19800758497492,0.9993980639578822,1,-0.00887133668186224,2.030148034401874,0.8756543493353647,1,-5.608213922513237,0.8267870769063446,0.4429109098778515,-0.823204932298093,-0.8666631995719644,1.4119765753799867,-0.6661314216757593,-0.9676351202136462,0.5886095544360481,0.20775098045312937,-0.7285779542897078,-0.6463130304263855,0.005337014406567711,1.623691523619226
-NArlGIVu8LbsnoEOjXH.-NArszPc7IxaARF53Tuc.-NArt1lYh6ulftj-u31v,0.005670743021802038,0.9572872487406271,0.34460136274012654,1,-1.4529074036137613,0.12490337551860083,58.009445921141996,1.3892606137463082,0.9748422934315489,1,0.0015337618342226023,-0.5365383292665915,0.020438818857796193,1,1.0135851575076447,0.05853952706573553,1.1027589061934078,0.3561384775505245,0.9841916966629529,0.39031740838309076,-0.6155295621255091,-0.8842385421206416,-0.37017459126534397,0.23540016811742437,0.8121447761828138,-0.6652966427950173,0.006521379248023354,1.041265958575274
-Lj_M3HTF61jKiWsSATd.-Lj_MEkCcndnywW-QHbY.-LsqIUFjljK4w2t-ILT5,,,,0,7.829196541448693,0.1933769570648277,18.243214654416956,-6.320831384252881,0.9994788369441059,1,0.13221241056050004,-5.203758447797855,0.954897972494379,1,-3.8321136696710667,1.958468774075898,0.5138272444579332,-1.117683056561248,3.1908764971225088,2.9704495648666818,-0.1854824969412602,-1.3719144473796654,0.022224354260820367,2.4546762698023414
-NeMreqmG_AJT3wdYmIR.-NeMrl1wnG9vXRJZgzVd.-Ngs2FbYdnbcPnVfK_wG,-0.1041424861391706,14.505907497423085,0.9830566670995622,1,-8341.94494988614,0.012836421938166611,-437.00479231907894,8336.386927748175,0.9999071238038825,1,-0.006711399538078533,0.3449361554033258,0.04680241525911777,1,10.652573575564263,2.27450879740849,-0.32527944735922487,-1.1693720312261278,3.0986124159251953,1.5968152947833036,0.22329597772745682,-1.126151225575569,-0.7526747286499669,0.6938061815838,0.6773311662115991,-0.7826000921583254,0.005200246962005556,1.6465232864689807
-NCyFYytLcQ_126grEhi.-NCyFsuBjZN8vktfb8uP.-NCyG5melmaD4JLoNerI,-0.009567502313858167,2.1900204858791366,0.9234894943258732,1,-2051.4687498180956,0.031678335248627766,-164.02227676935556,2051.5778185898234,0.9902978030045847,1,-0.006840662249527396,1.05818672120693,0.8557379155109559,1,1.8357250400103158,0.21530169213294442,-0.6483188362733473,0.027740781347433963,0.6473429010775472,0.24222108893651542,0.5382069662040836,-0.7095585477811488,-0.053475847003529905,0.16221234081810798,0.6957729680766096,-1.056357016266848,0.00429793814655589,1.5083725678913866
-LeFwjQg8H2YmqKWub7l.-LeFwyQRrBy5fhb9uzcX.-LigET_ATUdJ4gonyywv,0.04025780844318362,-5.19095626024397,0.995713234529588,1,3.42236347572137,0.09190509345913105,88.78111749523669,-2.723713238783457,0.9993439762624514,1,-0.0016772777174174358,1.0064767134232622,0.10881790449657713,1,-3.7017176577205055,0.8733268379189605,0.10580041196795342,-1.0132821721562277,-0.42872129349196064,0.8190821681009474,-0.4382357126469794,-1.2107397780365128,0.7340240424121752,0.11140214918820635,-0.8409738178956757,-0.21447653916464082,0.007480038766410898,1.9164892932715045
-LwDIOlM_-SoOdQMs-01.-NEARtKptrKlns-dkr4l.-NIWmg5Pb7Gzb_1DGJOh,-0.1132593833871593,12.147152208426478,0.9995322916164876,1,-3088.045074439934,0.046184614610891704,-74.47820453736712,3088.58074532348,0.9988206924723148,1,-0.03859219462394603,5.574418118145803,0.8841511849357747,1,7.956328166900956,2.4530715518335993,-0.025283694441665002,-1.2461182717786874,1.7730090901371198,0.7922553229823932,0.7751292887553939,-0.5137355700665953,-0.6966331463419037,0.906652528294762,0.5353027689440479,-1.3716236715310361,0.007475302516453044,2.036186041123286
-LnHernN_fpHMmekEDg6.-LrsEMc0TBu1X-ESuAtq.-LyDxW-WFH7fIz7D1LmT,0.04277113684468414,-8.489149402474029,0.9958778407393882,1,5.475508664025957,0.10959760283460439,97.31347090254795,-5.562470614894098,0.9994494744529848,1,0.012377661779544247,-1.5584188288928278,0.5431296805612867,1,-6.9065434618104975,0.928167085506707,-0.07897572118252501,-1.0131942023434657,-2.6153693404806524,1.6305115657403781,-0.10907667583845544,-1.4810808480144253,0.45346373989029914,0.36840543935897135,-0.4073857519769179,-1.3120097991589228,0.004659478603417683,1.5361404613967822
-MCkDtWL0R0OW2mO25Wh.-MCkGlcIhusutDOhoc1L.-MLCrnAtXQWqUDefOuUf,0.016185077893131505,-0.6957449591687326,0.5675417750292227,1,-3.2381046382014045,0.7307871489705933,99.08968936721894,2.7580449902175643,0.8183828698431004,1,0.002786711480549048,-0.665446396244508,0.24765168467792187,1,-0.09652757745566097,0.46598834422275875,1.5432451311278963,1.5015217388528859,1.1118298320620614,1.7546423742562867,0.6870077614942673,-0.4816297935905731,-0.21222828006057204,0.1262868753291791,-0.018404733663396115,-1.191908528275108,0.021395090601864834,3.216721651400094
-LwIMXLKExpIAn07WaxT.-MoIn4MeDMs_sl99s7m0.-Nhk1cfwDf5DT1GsoelC,-0.02858005172306899,-1.6637902594827438,0.9710631366343696,1,4.7972870178305085,0.07927156719752032,102.05350548454098,-4.123258046615983,0.9964431148007001,1,0.0004322756334048661,0.3206419016421035,0.0027481555493348298,1,-2.7212645993079483,0.6277785173669909,0.22161877348266995,-1.47318916701355,-1.909682848733549,1.1597939848639434,0.09119238666069218,-1.364503015401091,0.3894881875658667,0.18149725634001856,1.2284035503941664,1.2545147664948368,0.0031846339570248206,1.2301969782497466
-LnHernN_fpHMmekEDg6.-LrsEMc0TBu1X-ESuAtq.-NHxnMgwNPua4MdgsOIg,0.05434125332833162,-11.220962253880659,0.9996004085479931,1,7.960566113221091,0.09048560802467498,100.96108010733012,-7.725259291076871,0.998703880857116,1,0.013330944611085244,-1.2505250867158602,0.5346123626834948,1,-9.209904126045831,1.176481974223098,-0.03789916393610192,-1.1982463453676109,-3.93354962702019,2.1144976996091396,0.0631220763609698,-1.423049756368669,0.9157096052638786,0.40120925105979655,-1.6070193142618552,1.4801711646516393,0.004749377743437226,1.5484937993375554
-N1IDTNGaJdSPHgxB6Bt.-N1IDmde9b35A24xnhnM.-N1IDvYm7dGaBq4f-H3x,-0.1627819621540456,14.66773884633115,0.9799267453604408,1,-23.47076835273428,0.04684463956364681,22.60630939832508,21.604356227554973,0.9998373634414661,1,-0.025504360472249257,1.924596370975359,0.8206046394576769,1,13.373461885253274,0.8040561522903227,-0.3468945831725569,-0.8769145017034181,5.407070748689552,3.1894113684544245,0.2861536840467017,-1.184491764680486,-0.7410429587801604,0.6170415882185055,1.0625751973385198,-0.11027667759675541,0.01157862787625791,2.193951442708894
-MPs4GrvJlieFAXqIryf.-MPs6_yUB32sdhLsSvKa.-MROc3MsJnUaamEFevZ4,-0.009510472540717574,3.849772160605225,0.712732907293734,1,-4.9347382620714555,0.06962483080901727,46.62217858523178,4.946987837921514,0.9993326674369201,1,-0.0011241598786853046,0.03631638532745973,0.04903397255616038,1,3.6832669649963594,0.11918921300919824,-1.296253636185247,0.8137654991218044,1.555796775734998,0.9408893714506373,0.39694456949400364,-1.1738164615996407,-0.10242855539892506,0.11182135470137293,1.105232956091578,1.3755704688397117,0.005910815934459704,1.6208392707220889
-LrJ0yu2MQVIC9mmVQU5.-LrJ1-9N8CU-8pcr3S2o.-MIxXXVJzMlvxVnIQpJJ,-0.038100953513989136,4.640526160570405,0.995730540313655,1,-3.410292474683024,0.07292305051864138,94.85340427452428,2.4204648153131703,0.9975554459847189,1,0.011714471799718962,-2.305486451595754,0.9243338535511794,1,3.2306753649698803,0.8269856726754043,-0.06897410965352695,-1.3358589285998124,0.487800022090531,0.7659850287562024,0.14541537817487749,-1.3433149890826364,-0.40186428041736805,0.2675271757090231,0.05106450748760094,-1.614454872900947,0.006315077500318099,1.75758121525584
-Lc_d-g4yyU44NLZYjLv.-NTwqRyw5D9LfwDCjFIH.-NgO1nMVlzu171jOHgEs,-0.07699052972371434,6.607920898846568,0.9751631102900582,1,0.6621564603509408,0.691507385723188,103.96345903819005,1.0241653277865912,0.8504912397343369,1,-0.061963419447342176,9.611442625108243,0.9812644259257673,1,3.7590183548944136,1.6877754952119852,0.416982508790854,-0.9915818816508284,1.29587172054819,0.33161131836051333,0.055985561521664284,-1.539854513613839,-0.45693683049738887,1.3728190199525194,-0.2501847011219644,-1.3621469460726974,0.013199181149652782,2.6381818404456405
-LilnSmSyM-6usWD64ZZ.-LilnfIIotZ2luAuWpsh.-LymzfJIevCujEFd48Em,-0.019024539971633336,-12.224140011018221,0.9534904770340267,1,16.293653994523233,0.1560497538124451,100.46217460168687,-13.786515419244314,0.998233914656934,1,-0.027267216950440876,6.695076278757345,0.6110039941214792,1,-12.92804722935303,0.4216478414772589,-0.06058887819269278,-1.5942531951635728,-5.941957425812387,5.80273502029545,0.05905290911901291,-1.6093636004255099,2.2650186063197335,0.7688664196952455,-1.434436744901275,1.4115546665610674,0.0038387763421183596,1.3416831485668743
-Mn_4QM8_4Vk_-PM1Lrz.-Mn_4aVFH3kqi4t94pOT.-Mn_4ddW3Z4VeIUBDIdp,-0.011089897583601085,1.0565418825135466,0.8705518345425799,1,-23834.593525852644,0.08691215248041641,196.54151618666245,0.8280761024594362,0.9629088280639907,1,-0.013559913339430693,1.256296313034407,0.8490002141968516,1,0.9548690592279522,0.06661799361759649,-0.400409473477725,-1.2825958794326944,0.7486875593364368,0.09037982497207854,-1.2718393398991588,0.8276219784215479,-0.18780607632850954,0.32288737531761774,0.5597425030413762,-1.0676777249335638,0.0095229837382318,1.9134957987184738
-MN2hxShPEnW3ZwMc7YZ.-MN2iASliL0gvxljWxon.-MN2iK_nWk_w0fEHyb-H,-0.0978031883949857,9.287768885442427,0.9901810538259267,1,-9.268469855630121,0.04680149597658204,51.42896230752669,8.572210471083357,0.9998330762879902,1,-0.022930840042895806,2.3648935773170585,0.8767116282121616,1,7.625580602171054,0.994520148195524,-0.2558118907401319,-1.129920850577071,3.1575028633815942,1.4274867674746763,0.12874903897103718,-1.2623235832979782,-0.4441577286452279,0.5370908882648927,0.9325437859952893,-0.2719346082027885,0.008470866596221543,1.9513983994085655
-Lhe7Rr0kRFC2_3jT8E0.-Lhe7eO6i15jbPzv7oSt.-M1PjGlXCf7ZpG9hJPaI,0.023545317586626924,3.497886912066848,0.9618148261707727,1,-2.9762526990907627,0.6695440067148243,54.138450184321364,4.962937733800422,0.9392304199584769,1,-0.03494158711996883,4.0922505406552565,0.9891263482419415,1,3.7805520666729313,0.17317907722616316,0.5306661712958654,-0.8182135215651876,3.7511494133159373,1.4204303394946411,-0.19666413398811258,-1.5828063637178156,0.16114673338513574,0.7706174527699649,0.13192615939368837,-1.2596394529113843,0.004968703415396585,1.4299835627480801
-LcjI5OGPRxeAj_JwEb0.-LcjISTwgjaAZF_xYXxT.-LjFh4DROm9CaNMN6ic9,-0.14842561275966096,23.070120214454388,0.9987674450799582,1,-17.037390368590433,0.050832679537080844,90.43529408602198,17.293292552228458,0.9999353168775367,1,-0.05173226561521527,8.512101688554937,0.9581940135541082,1,17.57748857960627,3.21399111989881,0.06057819620319603,-1.2308493469031212,7.060151162461185,2.785576157827988,0.16385836270420018,-1.2629537760944227,0.10564677839499864,1.159534152297282,0.5715878557710866,-0.7244147981666869,0.00458003785416152,1.5035901873449797
-LlBEMo2wsK41U_i4Ff-.-LlBEbuAIaFAvd6Tsudd.-MJkYEiKr8BPkOv7mVns,-0.1248578762325745,22.93430297317718,0.9744058181887882,1,-23.25112239325226,0.07457393901652327,78.02852862473308,22.705113318186864,0.999673322651399,1,-0.01145218112227102,1.3995708050202327,0.8657590818805093,1,18.314479538206484,2.73909121041108,-0.3623469705571568,-0.9732830826414451,4.458079134319914,3.7053744421977215,0.6443085015959916,-0.8801992278839768,-0.46140666705635835,0.27015836693712586,0.5161351881734693,-1.3621674444993888,0.004491066179768236,1.5391820323209051
-N12ztQ1CjdoxS8yF7au.-N1IiknvHn91byFbDwyO.-N7F6NZl2xliJTR5Mgyx,-0.002538982171971682,8.515616697752169,0.004968981006443274,1,-10.107484978102313,0.08513316036476219,83.63656440495808,9.416450764559496,0.9999716964872892,1,0.007189212161435421,-1.2761954404057496,0.13948391651323278,1,8.42173129497973,0.7798103095237545,-0.7259471003307417,-0.45039596734027443,1.981375003503774,2.034529753064523,0.5827902899385183,-1.0034518426954468,-0.10847117920632714,0.42942824403914215,0.38724042154047433,-0.9431578006701185,0.0034969124964593715,1.337626875641647
-MB36N6_Jo_H_Xp9V7-e.-MB37JPcRvm_osel5rIj.-MrWJ4VV2njnn5V6J59I,-0.09936546944660582,9.755238057977678,0.9891623631891446,1,-2.1631679482234527,0.3496721449777507,81.78368310306561,1.8355595638343878,0.9567035398781515,1,-0.0018745170576294767,0.242663540263791,0.1848659476593233,1,6.079146881734865,2.1633841644150884,-0.26666885906026405,-1.1548705565517292,-0.0033057714897411546,0.6033779255892092,1.5854206904137433,1.3686247078428613,-0.06181026512360608,0.09626779585963745,0.27753226506486894,-1.265535163833234,0.006841681628234771,1.955327222740651
-LxPzAAXRuoplPdr-PRR.-LxPyKw7jx3j1Fa7bodz.-LxPylitlPK0qxyvVphj,-0.09878419933105742,20.566523099638005,0.9410273694174999,1,-8537.050775233516,0.05191614267709863,-52.829308025417596,8537.148441904117,0.9973146393129482,1,-0.019586893262570237,2.717297746454427,0.8139606969792865,1,16.912762602769973,2.2069073285587075,-0.6853000273500328,-0.31738362898630657,4.19134175588704,2.917732687024821,0.8602270420880167,-0.41805086347576914,-0.46526503953225573,0.47690283482398643,1.031409589704719,-0.18057901946159438,0.004529925297742303,1.533601666312724
-LymcSeEKDNlZFwBbnSW.-LymcWkRpDZtVaOTqWrs.-MPDRbAEURYP4UD0wn-t,-0.14787693518484676,10.145093819338408,0.9982997564306341,1,0.7657413126838205,-0.47417792274637766,71.81641581596561,-0.2525166590270259,0.7407091680788094,1,0.002741154946617089,-0.6343511426056354,0.1383243831188702,1,5.26609800025803,2.864509350839228,-0.04331105005341312,-1.292141409631652,-0.16841105638258216,0.21620259895181262,1.1954093450536338,1.0323995224853082,-0.21097619461609823,0.1615798265091701,1.3863439006769704,2.059515768388832,0.009898300633435254,2.32461837227394
-LqFtigfNxKdOAKfEw1V.-LqFtqM-8rDvc_4lFwkq.-MRPIyZdu17vH5mMuUKO,-0.2355501914367819,25.0487156353883,0.9964691277115314,1,-24.59375436502824,0.07047099299054874,61.88730370305838,24.57286412159547,0.9986422457432759,1,-0.0036759223690761194,0.8655875047975496,0.06753528568251688,1,16.33352173105705,5.1077403728927635,-0.15357085952798305,-1.2090427408748867,2.2982134653463264,1.9261509244968713,0.8958013510455323,-0.4134480645232217,0.2677132423183495,0.3225193620784753,-0.08812992762978135,0.013906273327458418,0.006126338706479164,1.8000559171166823
-LcjI5OGPRxeAj_JwEb0.-LcjISTwgjaAZF_xYXxT.-LcjIf9gaDw3s8vC7_Rj,-0.1530199848366458,19.199480410453894,0.9265017433021604,1,-6.556427735583607,0.18165468273514085,82.01342072236197,6.754470691021346,0.9996065798846668,1,-0.012804071565676756,1.959592575873838,0.9798991415568322,1,13.537711360914324,3.4412894843765276,-0.7477504632152295,-0.5950605273177909,1.3469348689396796,1.563619773813488,1.2792180190622817,0.2561565355401858,-0.1211984493141199,0.28398738351061664,-0.030883496294420536,-1.498251868586373,0.005637988847601576,1.7500100385963364
-LsVlMLffp0SgAp0tEX8.-LsVpvvNc5iRCKfLMuPm.-MOVAhaXwp9MX3Wt8WNz,-0.038614742603251706,9.089232006298543,0.9404680833312354,1,-9.223567764947767,0.04843504616766691,80.73558889515783,9.548163768637318,0.9996491028696758,1,-0.02828200895987565,4.461261512439286,0.9502183426442616,1,7.679484704737528,0.8504066222638711,-0.6184396702205917,-0.8019689445415308,3.2378219898262786,1.306117916976293,0.2876794254040101,-1.1890511242822748,-0.10624664474284953,0.6370896519668071,0.6035178407104062,-0.8225085711025586,0.004048565514167473,1.4272563457974423
-MMPpqiVf0wFBAhlI4io.-MMPq3wjE7fmArs-YCfI.-MvIIX1RWggHF8PE_xfE,-0.024173592778904036,3.4412103651468646,0.7125485732840999,1,-1265.1138409610567,0.052397064071781047,-48.38740620622963,1264.2456255211177,0.9969811428304348,1,0.04790711459931041,-7.721237797750163,0.7787567996577598,1,2.546892790066358,0.619957372117788,-0.9990482383040025,-0.41201992082708117,-0.15340412661319033,0.5135820122186966,0.863626212399044,-0.4145804352333955,0.06961966040707049,1.2057006168704256,1.133854516265502,-0.13465057689636062,0.003079566462837092,1.1601751138353462
-MGquYN4lpPSn1Q23ELM.-MGquoHjWAmBTog22nG4.-MGqw3PhXzpPXbAUBLvI,0.10363798832701276,-14.816917410980045,0.9721418813197484,1,11.557078455733437,0.0713821428917815,78.14765055260838,-10.756148034822798,0.9998765030202904,1,0.024902708697765674,-3.4675064005721152,0.5659705699632527,1,-11.292728946352746,2.09342613922216,0.4451472596470538,-1.014590719373184,-2.5700371656515544,2.161956563797029,-0.4509115173982801,-1.119648951364595,0.4294634155939259,0.7281774035541677,0.5221362036815609,-1.0258077214318118,0.006021417645047975,1.7656914763774463
-Ll6O1Drda67zTGbu6UM.-Ll6OKVLeAg2rdgD6T96.-M-J7PseKJG5uYTqtUhu,0.0373132556606489,-4.131738105219684,0.9863607204041631,1,2.0150957317312703,0.12013901731036616,98.7519460346636,-1.648414988472225,0.9996501318811716,1,0.0019034901556232997,0.04241243873976519,0.20461415173931885,1,-2.7511874629941526,0.8136256665761517,-0.284432336077057,-1.219530411704148,-0.6137941682914618,0.6344813310574547,-0.0410352170900283,-1.5269262396002132,0.35144243173005896,0.093292853021846,0.9931606966361419,0.3748383173210592,0.007535400891538521,1.9986100274737364
-NYbRMT2qkWA2bYT9ZGm.-NYbRkv8Flb2zjo4PsN4.-NYbRu-aCe-cnxBZNqDZ,0.15665528821342167,-19.076857916219623,0.9914815628834566,1,13.958404778272971,0.24323510127726658,63.79594786551194,-11.396137136579947,0.9867299558066932,1,-0.01668525271016644,1.121955175951709,0.2514340965321744,1,-15.473456748732191,2.1366942109414473,-0.20651752495903639,-1.118023212670544,-2.2833413540157625,5.386016291153257,-0.5318270645915465,-1.3245266871742352,-1.1232255733857968,0.7293829676236517,1.1233077306781114,0.4672258310804889,0.006919050844530194,1.8143257914570674
-N-bTw-dKPB0Jn6_41CA.-N-bUtp_e8sO-7SuTEme.-N-bUy2jsSnOXUaLUiSH,-0.05051168933206897,-5.9074602331395205,0.9964384410389671,1,6.565828734829621,0.15488265567662263,54.092117418484534,-7.140070742447083,0.9979270716313939,1,0.01282152592297725,0.8096827401059673,0.05300970121079951,1,-6.413263727411778,0.3064866240025845,0.13066405991104957,-1.2380292169046807,-4.926282664989501,2.12397816150322,0.5503070465227814,-1.237410081970142,2.20136538264219,1.2259305217047292,-0.23116072245230485,-0.8656850144210728,0.008099077660988867,1.2398549703185255
-LhKVtvaBGb1puFWOmgR.-LhKW39s7wkxN44JF0MW.-MBh26ATXTzGWClrqzao,-0.07363257608512841,19.51216766903565,0.8828347734900321,1,-16.736016071477508,0.09618791821311644,56.75316077267559,18.831079491574883,0.9995222479047908,1,-0.050284101030843686,6.4737410613718405,0.9689328111718399,1,18.002721156597396,0.9495540134445731,-0.8864320953406871,-0.42600293445346527,7.801289824628505,4.196241270882019,0.42031149270413765,-1.2438467665770887,-0.038155018375074616,1.1212115717469697,0.47869452018070563,-0.93337563388324,0.005619913428842767,1.6069873245736033
-Lih1-8YhTUk-ZydBu9I.-LuX0jxGpudVjXn46epD.-M3BEDiL1ltFtV6tqy7a,-0.006158238745406441,-2.8591948796714464,0.5922912154510271,1,6.027879189230925,0.027507077519364296,88.91167542618622,-4.955649433282396,0.9996094325863611,1,0.022005442179849233,-3.1210091330239713,0.8984433154082173,1,-3.050132701922387,0.14565138649646925,0.31005862006369095,-1.4441464761577896,-1.9979230935778656,0.5848690027447988,0.009317369339988554,-1.2268923969538807,0.19075404633811427,0.5096356828084069,-0.8101150353811074,-0.6552350059596286,0.003906909097117027,1.3599961468177086
-MTeBF3C-2_g29YeMrzx.-MXfc2j79Rc7eDmd-MN_.-MYJswiXsIFvhUz36GjS,-0.178418196750612,15.959276401956501,0.9995447128509738,1,-2.4752402032023113,0.29274780267338224,81.15571046467655,2.7113503720960317,0.9855912792837537,1,-0.003320020420493508,1.1233564317120819,0.05654896860257974,1,9.357898592158573,3.8635159344305343,-0.04063525130764252,-1.2182796351617753,0.5881631030165017,0.6214717068079401,1.6751377404652477,1.5549426721797852,0.583668619922066,0.3077920285484,0.4828009238408046,-0.7663460182008253,0.007012977313911548,1.9518382034294428
-N1bxw0ga-84Cy1gXwBs.-N1byLLQ2H4NrOrsMs5E.-N1byP8X5TMEnxRkIiDL,0.0001696122835391778,0.6227022524790963,0.023041925851135736,1,-1935.5229957083538,0.007493001043845602,1054.0514804528507,1.3664778769472665,0.9712695634656356,1,0.007341436795257894,-0.30926633267276094,0.37922362822640476,1,0.6232623167552047,0.007887040767439684,0.3242410186378167,-1.1360640749159865,0.42323315661031385,0.1038466454690494,-0.1036904697679,-0.8583755159797337,0.4180081401302928,0.25956048182532104,0.2958215499556334,-0.6847662462271922,0.004309963605219068,0.7733801156567548
-LnHernN_fpHMmekEDg6.-MXfmpVoiBHsFxnxWRlX.-McE1RFmtbSGzdIQvDQc,-0.047032301353769415,0.3978712621164551,0.9983450651979552,1,0.8452244067349841,0.756910689849647,73.36222606048325,-2.3251748963193366,0.6402349331215449,1,0.02247495115114395,-3.0498952869543556,0.6078599466936401,1,-0.7779697199936317,0.6928112636664154,-0.0744848627544286,-1.2526204656001523,-1.8662473040462464,0.5019369461390859,0.6775991355462478,-0.7366022633710432,0.06381175494022436,0.6393528680520346,-0.7051245748496825,0.44372905577533617,0.0044760224430810975,1.4128187931559
-LjGBIYnULLBckx6_33e.-LjGBSWiBH-PwIJV_e8T.-LlVUWLkI2ddM80R1F_v,0.08375900982526373,-5.405813599874501,0.8096585543111423,1,4.724255476061759,0.0474509042148248,61.49797204655548,-3.170100868415784,0.9978559415983139,1,-0.005602646768535058,0.9726079372077201,0.8322734739354645,1,-3.9816370494713533,0.9548345913178888,0.897750239044306,-1.0038090814317726,-0.9080238419086177,0.7561912910858203,0.036455657810001665,-1.2806414994866435,0.2862193326670235,0.1351857977903766,-0.5839624580318273,-0.6629254103714537,0.009913510113184268,2.125022438798716
-Lih1-8YhTUk-ZydBu9I.-LuX0jxGpudVjXn46epD.-M0XTgt5L2K3m4t5LMJ1,-0.1378521498739984,19.62676174557768,0.9943691575431903,1,-12.059323972194399,0.1132403099766718,81.02127656868363,12.477408180915283,0.999717417567987,1,-0.012488857673079501,2.097164957220896,0.9865093226338869,1,14.52617343632109,2.9926664488021473,-0.17214641034819764,-1.0212977328788162,2.807122936436898,2.4308482152442052,0.9181038712580879,-0.505224671715617,0.06778611281285744,0.2757845856330042,-0.16904231792379265,-1.3837138757309058,0.005223360536333644,1.6410315772766897
-LsVlMLffp0SgAp0tEX8.-LsVpvvNc5iRCKfLMuPm.-M0aaMkrpaseas8cfBUR,0.007098743965791243,1.0138740433524003,0.3077364521912961,1,0.3756897810609401,0.307438233581085,111.43231123210097,0.5910717775841948,0.5710552980152499,1,-0.016827188894137812,3.3936302650136274,0.9452880205575207,1,1.27664234896953,0.27707145965685503,-1.132329706794934,0.46139311596169774,0.6894137150269386,0.17880668213839285,0.06826845817447859,-1.3064676005955473,0.6592298170535226,0.37980622279522064,-0.5449317046646496,-0.984544724909409,0.0011029683164277123,0.6064556657789968
-N1HyPmDE0QTEp92yfCF.-N1Hy_lxGTSOVSsrMUdr.-N7KJzQmQVdRUYDuv9ey,0.07076504078689194,-6.47724335229651,0.9968265043415315,1,6.135329323963503,0.08935997673332587,62.03038217182567,-5.349488285768912,0.9979154053333948,1,-0.023076665273680717,3.4418790252260467,0.9895760329663092,1,-4.17728810217171,1.350732881979824,-0.07013074145822089,-1.0248977151727316,0.041964270176601266,0.719509194207343,-1.0077729502165897,-0.229429601364453,-0.10038324249084511,0.5088410764574988,0.14650123364422551,-1.376683175072198,0.006860099063793735,1.8025991171846574
-NZj_UI5xOnM9HlJwmRM.-NZjeBsChpT_wcafOujX.-Nko1lLtshgZWSmyCPRk,-0.0666317649082071,11.36866091335419,0.9806438527913457,1,,,,,,0,-0.06170551568817581,9.414006526328269,0.9420794397277871,1,8.903229922268398,1.4568809110483552,-0.36511623078900873,-1.0772926962223346,4.031385989606235,1.0709452132940762,-0.029535716895249507,-1.1273720853051044,-0.6111011210593841,1.39256013325518,0.4326500517513188,-1.2131273096403445,0.00505542821032777,1.6534828116459133
-MmqBbesykogIskffLh8.-MmqBhnY5XQWr8JA6ft3.-Mo2ZzdG3X9Mu7Tkr-wR,-0.03577780915336904,1.5993798766590819,0.9481246816182349,1,0.760798802638505,-0.5206826078479958,52.40624847640032,-0.9307563458801673,0.3949304124659415,1,-0.004280761222803742,1.233693027663028,0.04195725013682894,1,0.8122174298310679,0.47744271632907775,-0.2750390961060518,-1.293611730149858,-0.8100639651486123,0.37454586480091817,0.26213095526456254,-1.273496394746345,0.6665953643969548,0.46625250822004954,0.29051870316707074,-1.2812957036515074,0.008931900426134324,1.8931789934290837
-Lih1-8YhTUk-ZydBu9I.-Lih16uEm1hqXRnZ0SAN.-LuX0s-nN_RUriWopOge,-0.03226129553599983,2.648549640814439,0.9513388848041475,1,-1619.6557543289562,0.03957905991014089,-139.9856707234754,1619.5282391012836,0.9994214558243961,1,-0.0045430205494167986,0.49269468684754225,0.9232410438935644,1,2.1173861936299163,0.32744804003050787,0.4706891468256698,-0.2886065339376027,0.6071017357546633,0.40654837379551484,0.6702312934895281,-0.6751976034196674,-0.05941627344845752,0.10387395910399604,-0.5381424446655776,-0.48791197223433835,0.011148008426952351,2.193145423814371
-Mk6F7_DicTF4xbi_qpF.-N41R1sodFBjiZniLOj6.-NWGa3VLREXkJ0wmrX5A,0.015258042596727197,-6.335904701867502,0.9800759160099163,1,7.66190537498287,0.0637003102386411,105.19343614218288,-6.053968211337204,0.9995394270483658,1,0.00025631428727079797,-0.03380489388863195,0.0013086551089122045,1,-5.7713886846902005,0.3348729475078885,0.1981172733896019,-1.1221449909484627,-2.79742828492443,1.5399685575875506,0.1457497449319978,-1.310188350844059,0.008247387460882856,0.16060541190643815,0.9528110414680737,1.120932190175675,0.0033181927453516586,1.2507429853008616
-LsVlMLffp0SgAp0tEX8.-LsVpvvNc5iRCKfLMuPm.-LuXHRmgpRMbapiHrzRy,-0.048729516537273865,1.463967265939074,0.9993936636652383,1,-1.7268170979910729,0.10205071202364822,8.021432349636722,1.9547110422361078,0.9992239434811626,1,-0.010528485011139566,1.3721393825045947,0.18525859258662625,1,1.3406958856640383,0.08141842956322927,0.0817707068325566,-1.1687514483530508,0.5061526871348954,0.2795969086061799,0.9726288407278603,-0.3331425947780273,0.38765284610936424,0.5433113854565759,0.35075269541059395,-0.9633568768819725,0.01406634263080358,1.8650737346715496
-LlBEMo2wsK41U_i4Ff-.-LlBEbuAIaFAvd6Tsudd.-LzGPcer9Pz5gIBjOKV5,-0.1294415819908039,27.87776299735493,0.9546006924100254,1,-22.992909934692033,0.1321673587232889,80.07320062781861,23.728527810567456,0.9975071678640307,1,-0.009765701954379091,1.1329483529298532,0.6525149673847043,1,23.08795691232713,2.867955892550667,-0.6010361575927449,-0.5173873174157202,4.649320027422736,4.565821241879512,1.1081539675239398,-0.1214547985489518,-0.4539639914136504,0.2658144975186056,1.5352408664477728,1.2110255472161198,0.004577434303418318,1.5384083719941126
-Nddb9nmWnFULgB_Y7Rz.-NddbQ5kEdyBaVUS0fyk.-NddeIMICotduGC6bD_a,0.08501158171771671,-15.040972430274088,0.923767745151628,1,12.120129828651159,0.11507545438880863,54.228678222203335,-12.895649732285683,0.9999048573962257,1,0.01524216431298353,-1.5072112869373857,0.30036493603028125,1,-13.43234188526022,0.9993140448132538,0.6066390512882954,-0.8552805964382535,-4.86620732500669,3.3741908602823343,-0.4779758776041132,-1.2425375146327133,0.42126317148918563,0.6207702639967502,-0.026938518167803873,-0.034223915854371345,0.006415852903604703,1.7212977873334405
-LjGBIYnULLBckx6_33e.-LjGBSWiBH-PwIJV_e8T.-LthsV6a9t0GklZLwoB_,0.033986778741726426,-1.4408259463737367,0.9999973628751501,1,2.061721992135402,0.10234347266369286,27.37049423923796,-1.4169398637741002,0.9979886058712752,1,-0.003568956220982411,0.8579723234014909,0.44837001305309443,1,-1.3751268001790993,0.04774189223243381,0.12360620913128834,-1.3006287501887315,-0.3106565206408113,0.590634273343497,-0.09565162754616072,-1.4544841424977744,0.5277392584605003,0.11720256534201579,-0.9948930514400808,0.19160875137308997,0.016527090230005197,2.027234818593467
-LilZoDnP6bMFU8L9sx-.-Lil_1U5v7pj7lZhNb4l.-Lila7sFdOQ8mkzArzlJ,-0.18877980324262889,-9.077243549216734,0.9745883028919472,1,25.597661991974682,0.29653039197425435,98.61576987164794,-25.606476226180767,0.9930219256276648,1,0.024274963298545824,-1.3887083258966986,0.24925256305509091,1,-15.588704222789179,3.8651150608919815,-0.42690167377231625,-1.0104996412928131,-14.912705951179117,10.775656955193645,0.3033126256509237,-1.6597633257882818,2.435764744968458,1.0728260007579782,-0.4655381693011686,-1.167736998706274,0.003187901586724815,1.342463087172355
-LeGHgjpZ_PHBerCO0qQ.-LeGHr_FnC7X-PeYv4MF.-Lqe-ms61Do46VQWVSm6,0.04768711164414723,-6.363723438417597,0.9970509960740369,1,3.920120386239354,0.0627349958957895,89.66137156545258,-3.826995911980453,0.9993659197983116,1,0.0019164566366399738,-0.31283782758861056,0.11013807156553734,1,-4.599197906284271,1.033836345976297,0.07984241152326906,-1.1947924036017612,-1.3707244878115594,0.7462540627239506,-0.24626332658624675,-1.2535887792804097,-0.0014160715844603114,0.12670326310310043,-0.7502700358104352,-0.6115206847105865,0.004796735849362011,1.5604150992773083
-LhKVtvaBGb1puFWOmgR.-LhKW39s7wkxN44JF0MW.-Lrh-uvhRu3S0o_fysTg,-0.15582054108601295,9.68270319610339,0.9994630854984149,1,-5738.618557468103,0.01628469572271697,-376.3141963167582,5736.079907972187,0.9997799805330048,1,-0.024788902744877196,2.841869490306216,0.9758727117627036,1,7.891187576541735,1.07790414070107,-0.031133487598148876,-1.2605216586739754,3.293254238120785,1.3615075508169827,0.27976316057047074,-1.09617594481873,0.07805979507166073,0.5504430017111541,0.4160607155935614,-0.9505512506647937,0.009759165718235804,2.0181191079580025
-N_8CZYqZeJTM8vKECDH.-N_8CcNh5qSKbJZVftKL.-N_8E-W7nfoVE0iqRBYZ,-0.14820784980046353,17.815805642303864,0.9885617787254055,1,-37.76552418767757,0.03039164162349419,28.201427856159523,36.19006117769534,0.9995030889731717,1,-0.0011952486713862611,-0.11494151066999322,0.005840572597965332,1,12.332253705863046,3.2266459405538717,-0.288995850031224,-1.0708990583352742,2.570443030872231,1.5827944639759406,0.40024439713014476,-1.033476414343451,-0.3061760746104234,0.35870091329469317,0.8497648984435646,-0.14843885183749927,0.005279814309701049,1.6885360809393708
-LnHernN_fpHMmekEDg6.-LnHf-cbftVM4CTskSYH.-MBnCDI8LPj7twvQqLgf,-0.03283748364167682,-9.079800538217539,0.9680991592035386,1,13.244524948828209,0.10912056126006128,103.40735494434892,-11.878759969155295,0.9969435122317909,1,-0.03701032384925007,7.630996016445383,0.5176690848849272,1,-10.294372753204735,0.721854221740793,-0.07116973601719251,-1.5781058574389204,-6.161345173664326,3.9071190317476017,0.2030448719323356,-1.4352827219945954,1.616625137487696,1.131153586645424,-0.61611782943513,-0.9927497641969643,0.0030924126950018474,1.2210985744700196
-Mm2CziuznOBE9LfxL0J.-Mm2D3KjPiosJMr03kbQ.-N3x1E4Pl4h6fhTjV1SR,-0.050715397186942957,-3.1574799323726372,0.9973631681579836,1,6.882109812401128,0.12336701788105243,94.7476191961272,-7.39047688151051,0.9991204807009454,1,0.009417317469860964,-1.308301490083271,0.6363541199604621,1,-5.033623058147764,1.099682984503783,-0.018595596718766278,-1.2896334095731021,-3.3557355683098784,2.1420103282777143,-0.2612815342640193,-1.4551042935851097,0.22210452075172982,0.2588273773391998,-1.269611841802526,0.5142251498452834,0.0023231225476021303,1.107724360799131
-Li78_-q6o1fQuak5tjs.-Li792Lr928udbQJoVff.-MT9qOXUC4Q1tIbrel7n,,,,0,279.48743854765496,0.0006316400510884004,600.1204640536382,-114.28835417487322,0.9756603252141889,1,-0.029248593168794412,2.637671209773355,0.9093202274758904,1,0.048787129962147735,0.46331239136452335,-0.04169725664035246,-0.7325338884080117,0.4589340205436442,0.6731378334552282,-0.43098716964682704,-1.2482322037870595,0.006359335855293037,1.0462238191193647
-Mj8A5WiZkzJQPQZHUxX.-N1wWLe-imNjHY0ey97h.-N7PRXLf52oCHDjXunDm,-0.08488183912125269,12.18851012679642,0.9539300684096278,1,-8.409439280692402,0.06527822578400802,81.04688836005093,8.146797666085927,0.999510908733762,1,-0.008262285807463021,0.7113628999097237,0.28800054664476904,1,9.047618277507043,1.8823515171003602,-0.5530987883266724,-0.7377374460175234,1.985796330622696,1.3929610250080429,0.4719002834612644,-1.0674764651785946,-0.6315401331167706,0.33734005631976727,0.5823817133077392,-0.9035290248361534,0.005361180955496752,1.6910961032644782
-MPECH5jzmYO2q23SE48.-MPECLlUj6eWyVzRJX3r.-MPECU17i0v8dKYPkzMa,-0.02974670858209505,0.909105608087674,0.9900350149461311,1,0.6406384244326447,0.15655040811246157,101.99397168310091,-1.1479429895398698,0.9967225048696704,1,0.029412016377223533,-4.930691787413921,0.739607018116202,1,-0.19160532807349465,0.6470202745799127,0.21792190837825362,-1.2357744624258902,-0.8583758041555231,0.227518922448073,0.15163894776083797,-1.5732495928094212,-0.15106045944254937,0.7514753780909394,0.6512000438162048,-1.3185964525672176,0.0048092075024593825,1.711116808132078
-MLCPaVHke5WF47cCC4x.-MLCPgQ3s22FJfFDZztz.-MVVHEAQYwGdy7RENwbw,0.024914304086382844,-4.364224909452478,0.8979028540514814,1,4.002204932290051,0.0901853789133152,102.85162583937088,-3.065967610228714,0.9975474354493294,1,-0.0018374292164466954,0.2610851769749474,0.03669600030653919,1,-3.4425100262469086,0.5693835036493697,-0.8694303474464331,-0.4371292172070267,-1.2823790011444571,1.0499890904278166,0.1412952631877133,-1.3949308870615948,-0.03631806035676397,0.2150339612451872,-0.27295653296889105,-1.4648324150681198,0.004875996912381031,1.4941881387132803
-MedmeV_zcoehIZbTGFP.-Mobvs7vzHejxAHpDYCT.-Mobw5h7opvGsQzu4QYo,-0.06469220267053633,6.767517743356339,0.9857753982338526,1,-17.504944730090543,0.017415390191786655,84.69277731067602,9.620420184635737,0.9997968491601276,1,-0.014694126424809495,1.3488002441970557,0.7292793900771051,1,5.505942628637337,0.7527863049019383,-0.21818151557522558,-1.3573369598104212,2.368458550747433,1.0582245975584317,-0.0511081156212038,-1.2082037053267067,-0.5247449759894767,0.37773201434475123,1.37470487596869,0.6762679454634477,0.007994336836767032,1.904741451261205
-MHuT4RKvZO7CuS145Gr.-MHuTN_dAamozJjD6mDF.-MHuYLWTHi2SOnk7St7J,-0.0418740972408038,4.874409170998334,0.8958232909189455,1,0.09415356546773952,3.3742022185953644,95.29583499535492,0.8438297817189035,0.12637785317645878,1,-0.01603241015385,2.7744562433383844,0.9926738218405461,1,3.3247146124573104,0.9574642236397432,-0.5925763462717115,-1.0981225483228243,0.8980865179967501,0.1358096235455562,0.5913593972879768,-0.37443668014781295,0.16949667671588217,0.3551835461729233,0.22571616488009288,-1.0913767704349837,0.004910862513652199,1.6266687229529309
-LtTczccIARlFKnjmwwO.-LtTd54D8w10BNGTAMpI.-LvAX3REocSNUbw5PiQ2,-0.014149481017785315,0.7829459734081882,0.9926424535290526,1,-0.15120356130036733,1.0006607536327152,30.473157017157277,0.7386675585953112,0.875844603570713,1,-0.011591231123711188,1.329687520763116,0.9835383794710822,1,0.7168262546430715,0.04292772599991497,-0.37892621141291555,-1.1450460562168914,0.6512947135095216,0.07744536903756516,0.33134603376871885,-1.2863749623567262,0.19949889782749067,0.2563090426982099,-0.2989229964432186,-1.131620795353781,0.005459727007362742,1.2787878736958882
-MuohO_gtqg0k2r683cO.-MuohTxXe5Rvw6M6hPGu.-N-2A-61gFyPZlc7iRpo,-0.08041761981239805,5.56082518328715,0.9914817417911996,1,0.7976873346758765,0.6094692192641697,91.574457883426,-0.03454034290759037,0.5097840934189048,1,-0.025265812276057755,3.3073065803523622,0.8577312103698023,1,3.2691923668174345,1.351895186773263,-0.1412494759183768,-1.37444004344385,0.219146073633175,0.47944380429512196,-0.2478494532060477,-1.4057622489382096,-0.3691893560510938,0.6021517538349236,0.6707400622781557,-1.1859943024494675,0.012585550533919855,2.518499196510237
-NKIFiHiotEeO0SLgQPD.-NKIFoVH0wJ16P5XQx6F.-NNppu1DE3WCfkTkinr_,-0.08227029006916009,6.724924918318151,0.997223620230562,1,1.1134452181046783,-0.4522015716812385,80.15636091037395,-0.5786304047799977,0.6839165436053106,1,0.0006756130146170491,0.24608113398695874,0.012265661783349091,1,3.6814926127344596,1.7843569130122103,-0.09734600197035115,-1.281262118694561,-0.44929614100575443,0.3344467837387148,1.0343249652242053,0.37728934376760304,0.35614326526461804,0.13352561721650316,-0.7164026204922262,0.04677112257173821,0.007743979958858123,2.073537742575496
-LrJ0yu2MQVIC9mmVQU5.-LrJ1-9N8CU-8pcr3S2o.-Ndj9n13xFoRHXXjuCdE,-0.016828146602203883,-0.5306038099763308,0.9822059651072694,1,1.1941821913086317,0.23031074774971105,42.68587373459369,-0.8346072273043166,0.9998932748403252,1,-0.011985488527829657,1.15681402889112,0.8685904597929613,1,-0.708192648458439,0.10876442586459327,0.2048984598358891,-1.2330083053197405,-0.14695460885255635,0.47441874040859416,-0.2803527408181681,-1.64855362523539,-0.1557514728767925,0.2826448195924858,0.5916887240749515,-1.1499198359795058,0.00524389011572846,1.5199952756384925
-LjZoU_G2B3YglO2xBaE.-LjZokWzH1DWEXx0L1a-.-LnCeg3B5E7XeE6wxvbT,-0.15893745965524844,23.910114134741967,0.8620360043642795,1,-18940.37667065526,0.08419621701618173,-23.425088130259837,18940.878480105424,0.996936639907768,1,-0.023777754201297352,3.212510874208206,0.9925291647090796,1,18.665154750407204,3.3103435375709562,-1.000791406763788,-0.18153295769292788,2.783039628245986,2.4679263988751035,1.3304472686349436,0.7484971632264323,-0.4610162857656533,0.5235287563209027,0.19783519548383927,-1.2668007533251033,0.005574270576456577,1.718735891616571
-Mqx8Ysk77qLkwt2-z5c.-Mqx8cYtQyXScNxqin6J.-N2LJJqSa5A8C_DBuboC,-0.07507003161113013,4.557072535593597,0.9995856355669055,1,-9.962288240914893,0.027383101022573637,7.522542007995474,8.824766250265881,0.9944233178965247,1,-0.01099112805332303,1.260172079695957,0.8164265746550555,1,3.693875604418565,0.5197580100833779,0.014951387457544157,-1.2631136289038722,1.3804830494078124,0.7307219701973421,0.21506300177138082,-1.1533788118078439,0.03508211433546018,0.2678413611315621,-0.6719999248106969,-0.8997748678346196,0.011144218385570491,2.165247138076437
-LeGr5GgY30JbjHXHI69.-LeGrASzOiaSf8oHM-pF.-LeGrt6CF6EZBfcZFwqY,-0.03164474141809587,6.441821001135191,0.9693562342146652,1,-4.756898096264823,0.07605915370069453,25.619672457935426,7.285782976762737,0.9982143908422394,1,-0.043613966901443924,5.47148468410433,0.9994498416263461,1,6.267361080834167,0.1122865270869332,-0.5051430041369517,-0.8855966139938434,4.160702019938221,1.0157188244450006,0.35083666506302047,-1.238995399923997,1.1320895206064197,0.9569269773823337,0.023008669793338505,-1.2003634287867129,0.005271018051443677,1.2953965093819768
-LhKVtvaBGb1puFWOmgR.-LhKW39s7wkxN44JF0MW.-MMPMiDB-ewurKJvuqvB,-0.01157750654646013,4.464386049214439,0.17182723407393063,1,-3.3074517990472856,0.08854041074136489,76.80012666031966,3.8599804610289774,0.9982478673060451,1,0.0003600165308332848,0.42449505116438746,0.000244298760052164,1,4.035955605633172,0.6053251528573045,-0.9284770084567066,0.13089500577253332,1.1395096800985018,0.5217546999509244,0.8332883798656069,-0.5900201284241979,0.4828599494556884,0.5267047958841882,0.9241663791976544,0.8396884108950555,0.0032376753152386665,1.2430714108466496
-MyBd_912lLWpT2IaBFE.-MyBdsfeac2he6bLwXBA.-MyBe-KeQd0LhYRZf3nk,-0.09196168732940557,5.3439529343741645,0.9932202079854608,1,-3.0184845722175684,0.2127622392886822,39.56102511620182,2.71438206870583,0.9891248969115437,1,0.001645017964956863,-0.08388978256707835,0.4458205852528707,1,4.011477201013741,0.7993476691986358,-0.19544152863401806,-1.190247576229875,0.33450226908766306,0.8726484296107051,1.136191957138288,-0.12446385622038525,0.10931394870454943,0.05535379478935447,-1.3850552136852587,1.6169224570727794,0.012035263771895925,2.3394524636601814
-MU7poZGqDnxTVlhy0wP.-MU7olfBqPtCXgBou4fo.-MU7p4012QkyBWnm9vId,0.0709212798525391,-47.90171850920009,0.9039469345394366,1,39.4801352360821,0.1909326671426474,97.95442613471032,-41.344524684173834,0.9994584218101084,1,0.07466179078297056,-9.963097033577036,0.6191820544894419,1,-45.277514415958336,1.6148540561056102,0.8795368351125252,-0.24957134988703444,-20.404724702911164,15.10011504010203,-0.10601136014158487,-1.6714514456777525,2.1696552321372127,2.0838095520347046,-0.3325535502983891,-1.492021940286388,0.003598143812452696,1.331260462996062
-LhKVtvaBGb1puFWOmgR.-LhKWJhP_PX0yKWf0V-S.-LpCL7c3tXDuXLlvVsmr,-0.016074044551378286,3.216203108942349,0.6116217620846649,1,-1416.1287662312811,0.05812677593345274,-50.85343052999918,1416.4864032735888,0.9909537933614506,1,-0.00710201651345949,1.0683892867282054,0.8664166614689279,1,2.621824297853515,0.4464656643229798,-1.6234293591985167,1.3583961994401603,0.6731953193351533,0.2504408116622922,0.944848605602389,-0.17947641103051115,-0.08580960962775727,0.16780566598324453,0.9489327640683504,-0.29553259060660997,0.004571941132295729,1.563021531349136
-Lulbc87BHgXQt7DhxtO.-LulbdgHIaAHoa7oikFA.-Lulc1pGR0jTtXoR8QAR,-0.013505584292684987,0.20146492817886436,0.9445267669093408,1,0.8474475033785365,0.22041656116239672,95.99506468464405,-0.5879117295333122,0.936177693324222,1,-0.006848562101779532,0.9125264329460487,0.9300355244426626,1,-0.29900624996927827,0.30247847575449777,0.5760525716407945,-0.960018867476065,-0.10462015910757738,0.3474854736411515,-0.052444436766922696,-1.3574739512423624,-0.20069316498194215,0.15577198929254663,0.47735197413689223,-1.0989023357217635,0.00806551301781918,1.9162836336622704
-Lc_d-g4yyU44NLZYjLv.-MJWHNNHax2kwaFP9i63.-MY9Xi5OlpeWlNpcs6Mm,-0.08348081411793462,-4.717560992460789,0.9553399403439523,1,9.814167992487645,0.07264913271942548,103.40191433689459,-11.330053205960496,0.9944397561674524,1,0.054390907136362666,-6.535027838518618,0.4876032111046148,1,-7.80657472101768,1.848189690323521,0.5538595349554437,-0.9188024569134909,-6.972052029802318,2.213842070620095,0.11943053266893087,-1.3429316047580289,2.302901966520518,1.7114861743159784,-1.632282384443198,1.69246931643291,0.0031031344254329038,1.222847878125412
-Mj8A5WiZkzJQPQZHUxX.-N1wWLe-imNjHY0ey97h.-N2Q12gMoa6UeUoxbqDh,0.026054532395488564,-2.030593042690192,0.8853728023793925,1,0.9027898866542846,0.2908724824055246,81.81151638761244,0.2738640641421792,0.7562443605994187,1,-0.029782190210545106,4.19344078293906,0.9529115280746911,1,-1.0686827790139635,0.6019171340298342,0.7489287291351303,-0.8067235975858074,1.0377575608638319,0.27276193852382163,-0.8703547547756959,-0.08633758264320468,-0.646066595637733,0.6696434105926398,0.5260785114553296,-1.035479419277622,0.004138934562649798,0.9621995156732076
-MLHXDQ2BX7xY0GEal8T.-MLHXluRZevq2K-wq4OH.-MLHYtedB9VOMdSuwGaZ,-0.07445453375531752,12.212619280971646,0.8633785154597597,1,-12.766061383424692,0.0702554434803323,71.65372785893088,12.352052889808801,0.9990259279080688,1,-0.004146815856601593,0.27728783825690484,0.6215403869541571,1,9.457883664652009,1.735280151817519,-0.9036649918590662,-0.49052396466184867,1.6722435461030218,1.5819521294319927,0.7328876292269205,-0.714791466516473,-0.39651339686504083,0.11576789692130757,0.8014182226564022,-0.5290166027904175,0.004802194005194742,1.6023031370915009
-LrhTcEHDBff6kjYtthz.-MISpYfmwOSvVIIWuBW9.-MM02zM-vI-DNHT15u6T,-0.19819787218124696,11.340704723109537,0.9673204009808628,1,2.3117981544611705,0.22115808106939885,95.88525481667756,-2.2246786352095143,0.8810401317087118,1,-0.005962779377054472,1.4550869985742898,0.26036829299014874,1,5.394737590643526,3.548848801541477,-0.3096526002929497,-1.384933012781948,-1.540928539963678,0.8577485587113647,0.44789031430348386,-1.082615962320871,0.5697942343360881,0.25645332366988244,-0.579898070658768,-0.8871747775264636,0.010527819914630731,2.3485558045214887
-LsVlMLffp0SgAp0tEX8.-LsVpvvNc5iRCKfLMuPm.-MMtJmBYgqwqOzW1Okn-,-0.04283920570966756,4.044747968849414,0.9050888739862506,1,0.35635830398411666,0.2711978821035627,90.48642929225139,0.7121187907624686,0.9449240673625796,1,-0.022051301988136783,3.65818208627089,0.9725037446332226,1,2.459803294529619,0.9751216583050318,-0.5469298433203135,-1.2365378123103465,0.9543045049098953,0.13977616337773482,-0.5685149014203095,-1.176660325761618,0.07473587096035908,0.4906889288313807,0.3544529694222176,-1.2856439109904998,0.005733080400801343,1.754350335589157
-NhVToOuqMZWZwBCxl8Q.-NhVTsB_EnPxVFRZCOnB.-NhVUJKy-s2xZI1sfFlH,-0.04276714332916143,-5.125802150877519,0.8954213008837131,1,7.753465090734916,0.060626739373438654,98.13804226646398,-9.19404562872169,0.9961379586150862,1,0.03441345946473011,-4.512095440562449,0.3621175273520756,1,-6.70802709545265,0.9791594183815745,0.7659145466169958,-0.681526863325213,-5.182086965093493,1.5310305346399762,-0.03089979148886022,-1.31846975300875,1.0782673411977273,1.2614262011863013,-0.9148726485260366,0.49691344170941276,0.0034293233339045613,1.3024492407064507
-LceKoJLHb8IoImrI10u.-LnCM3vwNpIsMhOoOzDc.-MmHtVQUY7YzjUrGMCjG,-0.10415442160446853,8.852975102517274,0.9781759464027616,1,0.6636936162450953,0.3491350752928817,112.28445543322114,-0.07102182083693528,0.4844635686331895,1,-0.01412950672540747,2.613592479773423,0.9792658257873761,1,4.998806505813797,2.279754696463287,-0.32715201696951174,-1.2766133178918442,0.09188304150211053,0.34245638559778374,0.14256147223073024,-1.2827027544487102,0.317608480148108,0.3133098501965456,-0.05704262690217377,-1.4305361783509625,0.007183142543604744,2.0215865656310927
-M-nSsF_i78yWKTU6Jpi.-M-nT7byCCsOazYBWWQx.-N3sZaW_kFyozZums7aS,-0.07159849458816558,8.275193318025664,0.7933231460989295,1,-10.403640999982066,0.09125099969163146,28.812984910766236,9.805629202644488,0.9999070110096483,1,0.002488671299112455,-0.45231469788457,0.5210640950477692,1,7.519513288266535,0.5080343787781191,-0.9217809267487997,-0.483068629779122,1.8215620577000835,2.028563156038153,0.698847183148185,-0.8404611679569243,-0.17966646050012197,0.07628813622465759,-0.7521344024194899,-0.43870412734085074,0.010855139837421658,2.1976987329871704
-Lhi_hQB4d9hP668bC18.-NJnbybnfglLVaLUOmiV.-Nc1FXZdxi70GX5NYj_a,-0.2826722661363304,34.601275146913856,0.9751616773377745,1,-26.1693980481676,0.04447696846436504,74.60362220226143,25.096841615906545,0.9995746683440893,1,-0.03895916747872974,5.157323341693127,0.5974211677721619,1,24.142606209682924,6.196962174233526,-0.3912072123733954,-1.1609801514930034,5.8966946331185035,3.110576962515264,0.3398444434122244,-1.12980834236946,-1.1735027627347119,1.1059930027469729,0.7842999993759675,-0.6077929379718778,0.005396213183097702,1.7267552278855824
-MutxIuxjnQ6kYnfwVUB.-MutxS3VJclgmPwregnL.-MxYusMqJPTLrmC9pxO0,-0.056498136187714564,11.36997319412554,0.8381521900678583,1,-6.5588182639944765,0.26414180396091985,83.88401085983367,5.397758590764598,0.9341502843076454,1,0.0031696845844253474,-0.24789841801106238,0.23574884798673124,1,9.279586817047,1.3361159736076018,-1.2123883299720462,0.5861285154689724,0.10483004211898934,1.9999213576083756,1.1156429259683849,0.036069818867297876,0.27077190118205463,0.14041761711416073,-1.6148252752991723,2.254325602799417,0.004766038688118637,1.6271386261141916
-MMz1AKw0f5ctqHvdOBX.-MMz1Etb5pQopv2nAPCl.-N-XMlptaS71zPepGNYK,-0.432477409826588,31.671428975339214,0.9942274190799459,1,1.312618083847402,0.19260603148137853,112.33574026618125,-0.8021109880282972,0.9294505849225413,1,0.0003306607737418865,1.0270292346042835,0.0008973188173749813,1,15.669668003433896,9.389092812829128,-0.1697140447122855,-1.2296496814956266,-0.47074042317650794,0.41744725352551915,0.7331463171700168,-0.7441912596862994,1.0809865908366012,0.2417815339235849,-0.610778805527434,-0.8238330437228267,0.008573434771251599,2.189270983535863
-Leu6QgJBXXLZ05wnJiB.-Leu6Ukb0nX9-CN6BCey.-Leu6nqdzAf1JpO3faW0,-0.15539410418811994,8.797428684154955,0.9841563502973977,1,3.298124767072515,0.2815999386305077,116.50039165987454,-5.962527865671163,0.7383132499314385,1,0.05901063386274774,-7.3867538127186005,0.5169046441582674,1,3.047984297354213,3.3912195892555825,-0.31173005636082435,-0.8824714010955508,-5.411594925541843,1.0501808693399552,0.7862998864439957,-0.43119603778417837,2.2016923709360374,1.8029719557674908,-1.0359854836329125,0.19890302152854122,0.0074327476238896135,1.0597202489840873
-MpBDMbsdyhcLwWL-L3_.-Mt7hWHCTEk3gen4-V79.-Mt7hrrEQ7vMTfT6qJTh,-0.1717577100973957,14.64714735375134,0.9917420890375921,1,-23.773966288026283,0.06490255216412225,14.756053277954146,22.642018365103343,0.9981199490029267,1,-0.00787712468950752,0.3405031811102043,0.6059705037526097,1,14.046977348516773,0.39588858098786933,-0.26344065460790206,-1.1978206731288905,5.428907554035266,3.9973073380352124,0.44594336388372474,-1.0975592470233828,-0.41186061814456065,0.22145703098964936,1.8632380421457486,2.4335868777371505,0.014136148086367817,2.3788492991981354
-Ll6O1Drda67zTGbu6UM.-Ll6OKVLeAg2rdgD6T96.-M1ZWI6Jr_CO_hRnPbVS,0.06266333102987007,-6.930577226315971,0.9998894226991889,1,5.885479150329608,0.050522354114940875,107.75277380886067,-3.144775558355086,0.9938559603635804,1,-0.020466924960625032,3.5761090050078725,0.8444662181464082,1,-4.611782492981769,1.356346984848115,-0.012937685721640585,-1.2016040606302352,-0.739778241959643,0.9682902485385353,0.16344697724115503,-1.2505356953834383,0.25023901023008344,0.4893243354480045,-1.0782601795218898,-0.010728338162581785,0.005492661571208507,1.682004634184826
-M_tIQ11tt91NxaiwXZ3.-M_tISNRNhkLQ3PQv48u.-M_tInT4HHjKJzbgJLsO,-0.02884115731437542,8.328254302353361,0.8121095964377875,1,-9.767647155181287,0.048994422167945056,103.65600723435,8.227842555063374,0.9987048565564172,1,0.006150973477234508,-0.975243849685678,0.059918802861081644,1,7.261819448267261,0.6947240267102486,1.1260253709836976,0.03081302478839243,3.7861137128706432,1.5984183733286015,-0.07103153375019713,-1.288477544994281,0.023970783403058797,0.5596370944450674,0.19011263341825987,-1.258999000821071,0.0034085001029569096,1.2455093849809582
-N1HyPmDE0QTEp92yfCF.-N1Hy_lxGTSOVSsrMUdr.-N8bfHiRhj7zhnptJCrn,0.11029527258740768,-11.233230896115604,0.9992198039886931,1,3258.482836124923,0.013962784547162918,-372.6634744041741,-3255.3382586342354,0.9995666105495535,1,0.0040335728711015095,-0.14757144729137295,0.3106397386267532,1,-7.152498395319384,2.3884170561058573,-0.07055786861607902,-1.2093605864896373,-1.4049067176876286,0.9114337094469342,-0.23859430375586893,-1.1238074443739732,0.5081747518464299,0.1587017880403788,-1.569841132221792,1.846734215924669,0.0071296272331520414,1.9553652599600975
-NZ0Hedjd_W7CTtpmcB4.-NZ0HsjCIuh-tmEjQBMh.-NZ0I7WBhXYqiziWTq7M,0.015499165745245989,-1.872474508743967,0.9500779192644422,1,2.417677985298901,0.05951986604843314,31.534268838929684,-2.2509771489340125,0.9980997898810221,1,0.004978701244679695,-0.21422061323433605,0.5194125333394579,1,-1.7945202014299786,0.04729511859461978,-0.683481041428866,-0.5670591447945093,-0.921193168530636,0.4656271252917825,-0.08736477264897258,-1.3173254436653712,0.27601984000382496,0.1522944787967147,-1.2515059740767622,0.8943711100512264,0.013613432896110299,2.141057647490595
-LxPzAAXRuoplPdr-PRR.-LxPyKw7jx3j1Fa7bodz.-LynJi0PiFF-67i_ii7F,0.0008366646746260642,16.84703396941375,0.015323069578573656,1,-22.436903819751873,0.08143989322767681,86.40755338814934,23.579696803042943,0.997294617721036,1,-0.03941423352568307,5.276635809053143,0.7794052851408377,1,16.87760462527024,0.14736731951072207,-0.11393877302595876,-0.943089322912174,8.01522052665535,4.765125440882909,0.4602340812182119,-1.1539746427927302,-1.128331418398581,0.9797754857473261,1.2090010909618776,0.259577393666365,0.0035779284665106038,1.3315328483059903
-MlncCIzfvXlSdE6UGOX.-MlncJ6aZgLuy5QVF6mv.-NXigV3J-UyDFseQdKbT,-0.012865240649249321,-3.7292100580974363,0.958528131221902,1,4.359780514197829,0.13442836377786094,98.4394732899925,-4.99096377897634,0.9979153817632291,1,0.023144073728714076,-3.2785658557118085,0.9303602592067192,1,-4.205355516082333,0.28428566439107816,-0.27721493989455964,-1.0744823576204787,-2.7249796569101727,1.4533796988461856,-0.06105828175421171,-1.5532780982384817,0.48343697119126855,0.5294115774928245,0.40768006499025905,-0.5057779100508646,0.003918292560283734,1.3775417207937803
-LilnSmSyM-6usWD64ZZ.-LilnfIIotZ2luAuWpsh.-NMcJwOhNytz2TBuQaBS,-0.10141765112413803,6.614609393267514,0.9866119444776161,1,1.5498613209694054,0.45896248230638137,101.05095402155202,-1.6910952072236258,0.9588722865063715,1,0.004737805904037491,-0.7242601746170897,0.6082947540223276,1,2.8621871012339186,2.2106544079575325,-0.22923639526040412,-1.3117974156713406,-0.963657320013424,0.7188739005097251,0.01258980923115543,-1.7230815958453018,0.04530521309531755,0.1376944866496165,-0.33615375660757935,-0.8063104116845592,0.010248884222434324,2.2741721464604385
-M6-QjmwXWma5gqkcsIR.-M6-Qtsa2jMT6p8etbkQ.-M6-R6rSBqb9B7Oq-MX-,0.042156658985921185,-5.338887711794785,0.9982117318309407,1,3.0540168250335182,0.09647464254546695,90.7991120199068,-2.7222865642211853,0.9996538701778137,1,0.0029094872597367205,0.08095825002588852,0.24779384357599243,1,-3.779181017747759,0.9138190300353725,-0.08436185988051464,-1.1715916657147578,-0.7594083061604809,0.7825412920422435,-0.3789340683414641,-1.2822641368313172,0.5539531874609489,0.12797924578477868,-0.6715606165864868,-0.6365561049581943,0.006911932966208712,1.9011450866215227
-NVTRcHI_DN0HFIB-rIF.-NVTRfAHONk1dEPs4Aue.-NVTRpDKRlDGxNT60PFa,-0.07239679269470445,13.207782640139376,0.9906368207985647,1,-10.065734626213453,0.08918807713607585,83.03754546579218,10.862618841093603,0.9995895286754631,1,-0.019186145550673217,2.8345997249757344,0.8408061630293373,1,10.529163986193646,1.5750200635735843,0.18489645489962644,-1.0153840426097442,3.3251911899060516,2.029806456326055,0.6367624375166401,-0.9461564530174602,-0.2830371434835513,0.45908808640755233,1.0364769252011359,-0.18806712828030792,0.0048493300295660334,1.5582355807178272
-NeMreqmG_AJT3wdYmIR.-NeMrl1wnG9vXRJZgzVd.-NhfMnRtrKdCbhoTYpdM,-0.09551118871025197,18.776701008626034,0.9395079892690007,1,-16.27255862258216,0.08252972494788015,79.42354971519859,16.76418007256375,0.9986899911240905,1,-0.002641142609105529,0.2532772215756909,0.0072107637969253124,1,15.242928647570661,2.1329809795730252,-0.6889577678262291,-0.5177540087876444,4.0124702256984754,2.8113093555923445,0.6920662224375709,-0.8431875383648766,-0.1785308247780172,0.7484600554488994,2.0071910425678867,5.1905354845060785,0.004344093053432701,1.4700754290080928
-Moc0BVPVOr60FcVWR7b.-Moc0LZ_JePj2ozbLWp8.-MrW-P_QIjx9caqyU4F7,0.020106209736864833,-3.3372137300019755,0.9546673856423994,1,3.50359880120997,0.08245434980270966,60.21118232993018,-2.974846349402067,0.9996448258965502,1,0.0017482327563573818,0.06955254391614285,0.29699054740086983,1,-3.0255767163509297,0.19142588208314182,0.483915795369149,-1.1496970441720065,-1.4238410580255765,0.8639792035748506,0.13575097063284122,-1.3775784931019956,0.2784159293900464,0.07170775659926247,-1.9486814784063318,3.0964720537751917,0.007656159922053503,1.7855882189571195
-McTE93UrKnjhI90CwZI.-McTEE2gtxh1sY_mXoBC.-McTEJUv-mG0RITdaf-1,0.024815053519661734,-2.300275183353156,0.7939449280845309,1,3.1793126967270533,0.12086866298912788,41.252364833895285,-1.8503223381944174,0.9992421893522566,1,-0.027149659744818866,2.9079402421028986,0.8906405907959372,1,-2.0015173024591135,0.20209495557004475,0.6369510122739775,-0.7767658533167774,0.2084884729881374,0.9278083029191114,-0.44126319993359403,-1.2843121500816534,-0.1468706421995993,0.6306784736386695,0.7351318488185882,-0.918155667065335,0.008016558282379785,1.4203202430467876
-LhsorPQ__UewrB6Zqeu.-Lhsp5KOfiR-ngijzg2c.-NlNR6Afrhpv4295HAT_,-0.08355469963157484,9.13466452009751,0.9868085815986141,1,-16.396664470658813,0.07451398371124492,34.00842286130828,17.36239953458676,0.9939441923105592,1,-0.022773229584740262,3.1855812809572965,0.9817457317072438,1,7.046532668811187,1.24004183379196,-0.2796195512627331,-1.1210629450831247,2.0643321967501818,0.9917197915513754,1.0010435186306603,-0.1919527668692611,0.031491107711202254,0.504440180623992,0.302082041015639,-1.2576263120119624,0.00676966101073594,1.821297288829554
-LeGC3EwPfb82NnUGMCl.-MZHq2ZvV4ymKRv_LYLK.-MZvU0aislI8Y53tV12a,-0.01819533857683786,-2.7954522423923733,0.8978494302908256,1,4.146521935727702,0.09307405103296468,75.92824384291275,-3.6333050133975737,0.9991289903962233,1,0.015049193585522924,-1.39848065812886,0.4770232501307614,1,-3.1771523971221645,0.23816545959675622,0.5221370723319859,-1.1975270022164564,-2.125857599678654,1.0456182431528147,0.35055494306441803,-1.2805258935717314,0.5654262090060281,0.4789134317070566,-0.12962743847346936,-1.4435429285229855,0.005032616886285621,1.4607349788893622
-LnRfNk8_xBNCpmbZq50.-LnRfczH56-Et4DkX85f.-LnRg32jrklA2cuw5vEl,0.026537339843329844,-2.0570868035261722,0.9985149446769145,1,1.5378839349490157,0.09320411773753585,50.89772600487862,-1.3804348326568954,0.9960878149647417,1,-0.003596850133485985,0.5129918961423291,0.6130873596795392,1,-1.6984436086460375,0.2154250072346374,0.014339956735552472,-1.0790492410699821,-0.5709915814634752,0.41729142182356715,-0.07232236675200647,-1.4242111414776448,0.09741549307277632,0.10115899730018013,-0.6422541908601075,-1.0545832824393941,0.009103309388725231,1.9184929859246949
-LsVlMLffp0SgAp0tEX8.-LsVpvvNc5iRCKfLMuPm.-MP37b09RK2fe5T7AlWT,0.022865305049540652,-2.921762282338453,0.8662364826138322,1,1.8719042929160674,0.16704010801198202,88.35022845132715,-1.11119195794356,0.998747583421947,1,-0.011434977567999827,2.1842030481516987,0.9698397002746755,1,-2.075732582932779,0.5319519058807669,-0.7333447272826757,0.8657431043992765,0.2217765040156817,0.5816562846364929,-0.7529829432759733,-0.9597167809979408,0.3259264074064442,0.2547099377753021,-0.4683877617454021,-0.7183092544999918,0.00848008632651554,1.8300798211340241
-MTeBF3C-2_g29YeMrzx.-MXfc2j79Rc7eDmd-MN_.-MXfcjYb5SCfb-sI3AGE,-0.20840192206635844,21.88718390309293,0.9997792146913097,1,-9595.32732892974,0.04477432691073995,-91.99398334516192,9596.1457107775,0.9975418184643357,1,-0.033960342877545235,5.770673951997146,0.7409458319153085,1,14.176286093533818,4.511554548371039,-0.02436965890893416,-1.203696651799315,3.0333614799649364,1.3776066478880642,0.7503436519591488,-0.5575752608233802,0.25204172200474645,0.8679050791220517,-1.1727915178823416,-0.14707564874978063,0.006515595948275651,1.8454925276982261
-NH44iQMs9g_9-63iJgm.-NH44xW2DdfHpYlVFOsr.-NTSNBe5GR-wkcwz49Tv,-0.06277308937997694,3.8597152698959336,1.0,1,-5.760618559487087,0.04449626981192452,24.012430871177386,5.290022737502359,0.9997595545714948,1,-0.026666545624070892,1.926199869866085,0.9224588945289257,1,3.8237545071031303,0.03522686749113357,1.8911590001668967e-14,-2.0,2.265001077641649,0.8705069285306458,0.03612663780712029,-1.2753093914154403,-0.4604065685030235,0.6091086762026482,0.6486039404211843,-0.9673842907741559,0.016648083768188656,2.3694755468805653
-MlncCIzfvXlSdE6UGOX.-MlncJ6aZgLuy5QVF6mv.-Mlnhx1RnLnC42iGcvg1,-0.01655721424559564,11.720638122269506,0.062422656969992385,1,-11.562327348553843,0.11901154370454152,79.32488063944906,11.363109289269415,0.9999814695433669,1,-0.0005593306587956203,0.08732493804434227,0.011713201183618183,1,11.10821319935344,1.4347479133266325,-0.6621750766755446,-0.4362617210182922,1.7750560106499729,2.1597815644004488,1.0446696216413798,-0.21420795156122674,-0.0031474482733547717,0.11318405605387642,-0.5581304002982564,-0.5821898035470943,0.0033958912434231257,1.3821041180734404
-LsVlMLffp0SgAp0tEX8.-LsVpvvNc5iRCKfLMuPm.-M-n8ziIsa7KDePB2Y4L,0.04979694018436398,-7.088058846728098,0.9989326858029487,1,5.966644231627913,0.04710024696350434,96.80441511432434,-4.781033152670503,0.9997834350240842,1,0.008072530421130097,-0.525630302664613,0.36189350483300575,1,-5.245496298950457,1.0785243618249492,0.06163783132085741,-1.130946123718725,-1.6277974177076302,0.9472564756596681,-0.04396814148992694,-1.2823873296771349,0.7861708662791057,0.2942776896523741,-1.2071876048762349,0.5412776389714131,0.006116359501350399,1.79868337528592
-NgIeMFBrq13mUfQG-Sn.-NgIgPT2ztyNyoni6moM.-Njvb3MSs3oB-1ugN8aR,-0.09829944160631675,13.421968758621016,0.9961236239457074,1,-9.823826906042907,0.06116966227356157,75.60435137630542,10.180511468676785,0.9999649666846022,1,-0.02444507748658542,3.5944705880212275,0.8401666126381742,1,10.080742788032923,1.9625074735948893,-0.13206451868806351,-1.071053723181511,3.130912803392098,1.5931425818010916,0.4153723412717561,-1.121946371154492,-0.23104680193140156,0.5852307532159168,0.8238531943027432,-0.8177789633020702,0.005457755006176667,1.663376564111844
-MZqL_yqB_LAFz2FdIAG.-MZqLbc0GFn2t4D51T05.-MZqNg9ynirUz6zcLFuj,0.0814313227320973,-8.56239417809392,0.9688785966065386,1,4577.802344717576,0.026025494698179857,-216.29075056329182,-4577.40962726924,0.9969832988431673,1,0.0006171705441830877,0.04845787105169097,0.00996672263077536,1,-5.549185816291612,1.7914665264222789,0.44424138123729384,-1.0994354073020403,-0.9305381521481833,0.4912869644040108,-0.46353404142997784,-0.8098557858497673,0.14885062887891334,0.1357526091636512,-0.3313811645757475,-0.8177605148629707,0.005822042752951304,1.7870083980873506
-LhZ7r-p4msytop_Vgt9.-LhZ8BI0riAuNBl6dbPn.-LrSpxpv1L7Wzt_9NCxE,-0.11138106626552464,9.097533532824052,0.9985385323725698,1,-9.808830203974535,0.0679207456603927,24.505951424775844,11.272649487950543,0.9996998410346696,1,-0.03549588988631245,4.328457932389446,0.9978158162360964,1,7.760955721808283,0.8023347685671801,-0.10268078590627694,-1.1866194280699065,3.370603083019952,1.3493673145178522,0.6423715090626987,-0.8602716792527927,0.33537053178311654,0.779855272390445,0.11610668592840935,-1.138678815924464,0.008648641254426132,1.891631200956526
-MSWv5SlosprB_aFvJYo.-MSWxCHFz9KWgsjZCGR-.-MUmNyWC0Y4ywyBa-5Ft,-0.16835018927831258,22.221377737650787,0.95610824624885,1,-8.856822164142368,0.1455598067625691,81.76509421629297,10.057827776463261,0.9997235060129339,1,-0.022592416989634767,3.658808161575726,0.7438729057340413,1,15.992310965824911,3.727263261487663,-0.5554617669373,-0.9126277900954483,2.848069362791339,1.9743200687419507,1.1069305655988917,-0.13448382441440732,-0.012850500018266483,0.5751025075742416,0.661805240371621,-1.0099597443152388,0.005052134216628307,1.6594506376892846
-LjL053LDwz53ECJceWS.-LjL0WQ8L4ws1NV7CsBK.-MNSnYr9fkqIe1LDRiw4,,,,0,0.2077677002379301,0.22657119498915396,11.610892104872727,-0.729215506274276,0.8201990469642,1,0.010490807287147907,-1.0087086037502688,0.7815368934180622,1,-0.5950875655146003,0.08017448798302548,0.08534401955892663,-0.952991561081832,-0.24833539483225842,0.25976036834443866,1.3335055020591662,0.7508950024662169,0.00948889385922586,1.4887289394090475
-Lhi_hQB4d9hP668bC18.-Lhi_pFqfsm7Fzt3bPH5.-LpWuPXmcgHBeCYIWeOn,,,,0,-8768.430060486156,0.03338066570447115,-219.61900517517344,8768.34745010177,0.998461035715538,1,-0.036015856064051555,2.516616892193526,0.9828294228685553,1,3.181607039219872,1.2110922580530727,0.4565255461817288,-0.8638326484544248,-0.23873043080168846,0.7971892315751647,0.35635029200903623,-1.0061491609608209,0.02091953514241326,2.632487715007188
-N8XiKc09fUsptA2VdR6.-NPRfVAExsYPU1c1ynqL.-NPRffDgibQ1z9EZadzy,0.022395121580505495,-1.2444484252990913,0.9929214789402387,1,0.5969543109639033,0.3783984457112481,84.31491734142921,0.6295685889747942,0.5697183030327324,1,-0.008390572901572876,1.5107504134016323,0.24109991096893768,1,-0.4158754657200601,0.4873072167585826,0.17214630462003538,-1.0886478019547206,1.1085476009320532,0.25912701351748496,-0.2331657565173948,-1.0656789133801927,0.14682392086646132,0.39701972264363244,0.6582224438294191,0.6975741059807414,0.009863965786618398,1.8025109503223795
-LoyElDz7n6jv9EmAMw8.-LoyEzohKY7MdkaYfB0S.-LoyF_LojJ3_pn7thVpG,-0.006043293565945129,-0.5331844231910403,0.8085312351424669,1,1.0531040011373658,0.11866311785428817,110.44713542648064,-0.9009619009623339,0.9982070974800202,1,0.0014874871857979734,0.04815137793928498,0.12384171537137378,1,-0.7571820898694362,0.14508611515563496,0.37347491050221954,-0.6196265805370889,-0.5768872601375139,0.2866436162130573,0.5745631491284601,-1.099833900102306,0.2900099082699098,0.09303321755314209,-1.0553441546329851,0.47052200563075397,0.003959915218764144,1.2886647090501362
-LxPzAAXRuoplPdr-PRR.-LxPyKw7jx3j1Fa7bodz.-M-xVdD3mx1FeQEiElcE,-0.10355617515713655,29.510846276133943,0.9766035997346889,1,-33.211433969083075,0.07606795921521337,81.0504313279514,32.93468622137621,0.9998885984713627,1,-0.01691978470431711,1.9911229956519707,0.6554916516545639,1,25.678665335044883,2.267767322903113,-0.38364574149927455,-0.8396571487860771,7.904373668544879,5.8859156443382945,0.5795890349791757,-0.9771282249214308,-0.75844273592196,0.4587751848263371,1.6129288518513532,1.630143611870432,0.004075863966060559,1.4321772352930993
-Lp2Zitht1JMuO9k0Xp_.-Lp2ZsWy0LCBfO3z3lw0.-LrxGTQaX9tGZYyWO2ez,-0.05219129144339729,1.6835547826272221,0.9602754626986594,1,2.8323031749663965,0.16041440283282882,93.70134350338708,-1.6867033885234137,0.9993521867241028,1,-0.021514272849444658,3.4875005465135107,0.9127898303279837,1,-0.24730512818352526,1.1529100632639302,0.4075247404387711,-1.2758974780990104,0.044366025381807984,0.9792553132659582,-0.376815676196713,-1.450766913788172,-0.008360260414071273,0.49377061228050223,0.6233896394065906,-0.9819523990476959,0.014105447514007738,1.903016387382564
-Lhi_hQB4d9hP668bC18.-Lhi_pFqfsm7Fzt3bPH5.-NKHU0Bucjt9CvXDVoAG,,,,0,-11.236135262505844,0.06390938339965638,4.349969238170771,12.095437237450707,0.9997016712904554,1,-0.05370668360084041,3.626941970228485,0.9559084403492044,1,4.8289460708467855,1.3598766809754486,0.18616547202552325,-1.2228921603520921,0.0016331570006182443,1.204794512649185,0.5688084290268522,-0.8495457922705412,0.01876289820693407,2.4315771228912726
-LtYy4Zza7zo46cmS_Q0.-LtYy8eU4dAOsrKzb1IT.-LtYyRvDbyvMzGnfBO7S,0.07095986271884847,-7.461540977137815,0.9965827879258574,1,5.144769754707479,0.05979864193888842,81.65749371768231,-4.347036624104279,0.9996037958041962,1,-0.008762447411390761,1.85920364409416,0.6700822602282623,1,-4.837814532216213,1.5421373587824991,-0.014119394989490006,-1.3213290333293934,-0.6746000861940297,0.8254567710582822,-0.4025660349712109,-1.127003027546673,0.43572424811949545,0.23438672643314665,-0.8686542409462643,-0.5117855564642171,0.006448120396100696,1.8707805683429282
-M35rpcnqO-CvrquEW4i.-M35s6FyCzBr7tqbBZ2X.-M3QhdiZCdkG2130x8jF,-0.015109821829470368,1.1608286168758217,0.956841160576174,1,-0.32332699582478225,0.3149799877684181,80.26709874254347,0.14356710505604225,0.843129082023678,1,0.005088313116003995,-0.894419641793877,0.8284461611863506,1,0.6018690839365267,0.33456357864575514,0.5473810033376669,-0.8310044909887115,-0.13921459241432904,0.08279701403233859,1.196165151336176,0.9102092133930735,-0.06763070292282122,0.1229723984216964,0.3900024652168157,-1.5667414847523011,0.010668231999710799,2.173239652827239
-LoP7_n5ROEawdOTAeDN.-LoP7y1mZ9A1bOMfEnJ1.-Mj8QfTExOn6BrSXQ-uz,-0.3046295902416085,25.83233769710441,0.9553517358002196,1,-23.698019737933354,0.11129826604100888,33.969459367237334,24.03099016451386,0.9995734472514501,1,-0.013602051369350887,1.0721071590899702,0.8750349579722905,1,21.72123758157906,2.517748648815377,-0.557143551939479,-0.9181154445762028,5.054065295030862,4.743600042427752,0.9031458786149104,-0.5288324596672149,-0.4990154706660076,0.31882885740438666,0.8962972751673663,-0.37838455455700615,0.010439212642442845,2.17940695256704
-MDTmoLERDe_ShRyv5-Q.-MDTnvVFk6hNNMCX7N6t.-MDToYtkMS8AnzCb3jMh,0.19124175614554162,-22.389668749756716,0.9981388544330869,1,12.599751072690147,0.0695241086865224,83.49646251267654,-12.155990389666533,0.9999639741105845,1,-0.010510924504048003,1.4584674100876645,0.5371138765592344,1,-15.313635235088475,4.143885650216674,0.11490727182336288,-1.1796288131051704,-3.1726009880601964,2.2875066658455823,-0.45148545341093566,-1.109232268988187,-0.24967942820582487,0.31483407790090673,-1.4637799374796043,0.9787420138107454,0.005114836402163507,1.634015991963071
-LoP7_n5ROEawdOTAeDN.-LoP7y1mZ9A1bOMfEnJ1.-LzpZ9oPn9LucN7Y6gx_,-0.0011553029546338411,-2.445181024512598,0.058872296184580786,1,2.56006362812359,0.10000152108869884,91.87343499748987,-2.5662516766306873,0.9997764108314168,1,-0.002199119086088386,0.17213734768458533,0.22675380495511455,1,-2.4878826690105456,0.10340513640743473,0.5121294549838064,-0.5963403057754042,-0.9595434507643315,0.6823689012718416,-0.3451944942721731,-1.316879970663684,-0.1853813949956542,0.10362672035077719,-2.786157146471448,9.22707826051807,0.002151229810789987,1.071803457335463
-LrIRVq3IK3HG10yEBuK.-LrISdQltvo9B1C3m_ci.-LveMFRix6Ut0mxy36eJ,0.15623003754754586,-7.230223779598468,0.9992772881147551,1,3.7263166447060567,0.16883023235716357,38.07870024036805,-3.3495337491514157,0.9965674934572881,1,-0.005696968858176562,0.5548168697181741,0.8662015511029347,1,-5.04200608676854,1.3050856666835327,0.017930033813061068,-1.1979580434054111,-0.4161144494247517,0.9791667037449026,-1.0545026317422397,-0.29649830743549455,-0.10887477619500148,0.13448476436352994,0.8579854584079926,-0.42884646731153175,0.013725178522771437,2.466630634728564
-LsVlMLffp0SgAp0tEX8.-LsVpvvNc5iRCKfLMuPm.-MOFiMNAz7p0Vrj5ppRH,-0.006178296429936933,3.593931409393978,0.14732336598873763,1,-2.350914219474412,0.12576848005962238,76.99608538962808,3.415291536294044,0.9958198180845028,1,-0.0236749455112808,3.9562111809156897,0.9844184323278083,1,3.3653525715074273,0.3486037913705803,-0.8844662686230451,-0.05324836752178985,1.3858356506781384,0.383785129316566,1.1972083857528713,0.15771614444737292,0.10901188614701439,0.5234724883734179,0.20372578611512598,-1.403528514305106,0.00331541106858238,1.331427490981529
-LhKVtvaBGb1puFWOmgR.-LhKW39s7wkxN44JF0MW.-MLfqGf7f96bPFkFsGDf,-0.18622047286254118,21.115118639917156,0.9603576788937862,1,-7.607216675103409,0.13011365452573334,82.42965075635107,7.461247537581506,0.9985943918958442,1,0.00423422278287755,-0.37800913525313473,0.45398844585928666,1,14.225248186128237,4.113509467103364,-0.5158583944831657,-1.0006334560892505,1.4116565788083264,1.704253477117783,0.9677471459938597,-0.41222265746604236,0.30986353716655557,0.13805468251865338,-1.1292427307960788,0.057158947956509554,0.005397808222095705,1.7126801251944825
-N0FhDYqiqHH31WXQzTd.-N0FhWIWLlfhNHWd_LCQ.-N0FhpvzrLgc9zMwli0l,-0.012904580584260472,-1.8963223746582698,0.9013029870700655,1,3.2855122696269916,0.10149736257254208,94.530084657439,-2.9727478325788965,0.999891345373418,1,-0.0065346252024083284,1.1111436339706895,0.8510021361547266,1,-2.3739316921925564,0.2940852434651792,0.032273734816695425,-1.6968318440762635,-1.0528626468362783,0.9157503116092618,-0.22910649899047686,-1.4039379168187824,0.04908736617681538,0.1558456062611943,-0.7178149962866864,-0.8205045127555768,0.002513002828575832,1.1275566103827774
-M0vVoToinppZy7nMz_W.-M0vW5LHEN52oFzjype0.-M0vWRdO_vIdlQtnkVMt,-0.028288919479951158,5.220885630296621,0.9359540756423538,1,-4.5479321450680095,0.062363611022608234,88.42070489996966,4.192125363205457,0.9995961964306357,1,-0.00019783419134600244,-0.2028612777875436,0.004075506736938128,1,4.173850167645173,0.6344143024357596,-0.559849257908108,-0.9744101440015909,1.2758126770873746,0.8489299551986658,0.2762192266192946,-1.2394124154559605,-0.23468698688891712,0.06973031575628681,1.3999104955293233,3.2708070110423035,0.004365968528932384,1.5076053871748192
-N5nUuJdJeHlXuKx_e3T.-N5nUxjHbMH5Sh6qNSeB.-N5nXzlS5_lExrJIvccB,-0.018034447085808036,1.691925900226114,0.7547373452013577,1,0.47761202086074855,0.5007537205873719,85.96788518627633,0.967501876764117,0.486756039538046,1,-0.021037624247237874,3.1272184784745467,0.879875818559864,1,1.0248469963791147,0.4501216200042402,0.6006623271683452,-1.1671168103731782,1.335692286014407,0.2532465105960236,-0.17585816947651764,-1.457040112009163,-0.2919182499122491,0.4927207248161951,0.7953394769638632,-0.6451212393831862,0.007874403586912928,2.1500773141325795
-Li78_-q6o1fQuak5tjs.-Li792Lr928udbQJoVff.-MISgvB32UHXBU6UONi1,-0.028316061230878847,4.014340014281616,0.8190122345171801,1,-1.1738415219901546,0.3068473171227034,70.6744865822803,2.585015319408716,0.8981939395867188,1,-0.03975836536873478,4.643161306660614,0.9782692280450245,1,3.5454131291216235,0.3113788899266054,0.9998293206148896,-0.3581994126852086,2.283693719266019,0.4596055937806142,-0.3976752585446171,-0.31231578172798224,-0.18750956237189742,0.8828110779648864,0.22923025901043756,-1.3613059118585857,0.008518574093198337,1.9240662348201667
-Lhi_hQB4d9hP668bC18.-NJnbybnfglLVaLUOmiV.-N_Xufz5WCnoXnnO-o3p,0.03994772465897556,-5.149157019649336,0.9903571736153418,1,,,,,,0,0.004606301619248798,-0.4209544192362613,0.048904008198940474,1,-3.6710410060732035,0.8688691721890955,-0.2491267712804468,-1.1792130987712375,-1.6375005533732505,0.47167318835277977,0.20431596769799812,-1.0966793354810254,0.3275116542451858,0.45786191456702724,-0.4174819303003208,-0.8496423146169381,0.004921357660466498,1.6432659427845728
-MROkmsNd4l5fOTJ9PT-.-MROktPij37cL2mmx0zn.-MYJNHQ8NlHzKiRQyWc9,-0.04498511519329207,3.9339491447885084,0.9972128375774376,1,0.10691158429876421,0.6311290509186114,93.3830599274919,0.6436428024296237,0.3721632426031687,1,-0.017244423925348418,2.4861113451911017,0.942364909305324,1,2.2699207371047665,0.9758504607945054,0.08300107390869338,-1.2761012694600276,0.7099006720766508,0.08010623274605971,0.005437640054087968,-1.011690867294813,-0.31596625799779554,0.3900359181552922,0.59977112979568,-0.8877318938849839,0.009714244733045111,2.3218409700514417
-LdrTsYATyDSsUUBxmKB.-LhjJCGm2Luh1eWOSmy7.-LhjJmYtE2skVeuiTHGo,-0.002021329640250036,-0.0958048488383565,0.13618168154378707,1,0.5617204969136065,0.2965751877851995,64.56195175301652,-0.0895121955017314,0.9589109800986279,1,-0.007416609575582829,0.85134082249162,0.8853232930156919,1,-0.14089607417027253,0.0750056665885489,1.4044053970056798,1.496549063181594,0.24669740639738977,0.23911234457503985,-0.2881987753414867,-1.5257711020890263,-0.1314851986562563,0.17296428510016099,0.855921034725168,-0.014253103995925276,0.009906778962241467,1.561256632875268
-Ll0UTScexvptXCdayiy.-MAQOdPBzpG9d7H2Jxzo.-MAQOvSmb-WyAKNUm-gd,0.06441020581576928,-5.293612617177453,0.9983875543346667,1,0.6467050443047178,0.10003176897620719,89.28453516700803,-0.8200538285261155,0.9935841570938478,1,0.002129673911622776,-0.45548969875355905,0.9461170394194052,1,-2.9104372973843624,1.3952738549829233,-0.04846535957811841,-1.2868190125926329,-0.38721608176485356,0.1645230094508421,-0.4533834114140333,-1.1850943874039406,-0.10940378732054977,0.048537079288267546,-0.17240331873960027,-1.2379741786449705,0.007602838981743867,2.0380174208152813
-LkTO1CuQrlaMdFEn_ar.-LkTOAdl4dn0YRMx1iA_.-LrxDDV2mxQJcn6DlmZk,0.029783015476828822,0.4240583568945465,0.9921574702309164,1,-1.55530976315219,0.08622826269930765,96.2120092757424,2.6289624690680022,0.9989052423681878,1,-0.02315956477768988,4.198412787192228,0.9741227184351304,1,1.5258726191082823,0.6476733017826316,-0.1696885195771821,-1.302060602618176,1.770603426197872,0.3962953817600373,0.12776316378804398,-1.3999996483410528,0.43486616006527595,0.5147102837124825,-0.4233379330234073,-1.0477849986165158,0.0012951048016258868,0.8245069199499846
-Lc_d-g4yyU44NLZYjLv.-Lc_dR6iUjsYfyL3NJc5.-MtlWCvpKqtX8hKWtfbX,-0.01605101587980684,-10.432621659618158,0.6275913561508217,1,12.062540776539977,0.10779154124266883,97.15518817568633,-11.368746596795601,0.9994386666768413,1,0.0038223747960230963,0.4763286061996832,0.03389259809529621,1,-10.987251402380377,0.409087997652273,0.6446451998924485,-0.4849519783097156,-5.892656422246615,3.5530583301792618,0.13486527618385474,-1.4591186920153962,1.0765389255266096,0.46395422936863234,-0.792613814813871,-0.4502144174060363,0.003333391119614681,1.2601123305108453
-Li7Gw53VbA92RZ3ABZB.-MQparOJxbnYW_9CEOgq.-MQpba5bTYWhmuD14Ttm,-0.10723585079026199,10.905117506985485,0.9991676617782382,1,-3.060935753440091,0.15827103630296827,82.8474869422313,3.5745920996451837,0.9991844656086936,1,-0.023384640305111812,3.4989374509488593,0.9926694361113139,1,6.9376235454885595,2.323389326177905,-0.0002541018362905122,-1.264985462368738,1.116007933633192,0.7403686274938917,1.1090204138134878,-0.1530549342440417,-0.3013997668498794,0.5152778262755771,0.052480888949076994,-1.41080817052729,0.007603531289721395,2.0324333984721754
-MUDIcWtRJGFt3XdDORq.-MUDIhcYfnpDcIKBf5FO.-NfVDxI_P7VYvm83TTki,-0.1410065762592747,15.147840636906544,0.9464504321627348,1,-4.500830949559501,0.3034254670747432,82.61509804415277,2.8758556547641176,0.9451470521093804,1,0.01191390402480883,-1.457896718256414,0.3583254585508794,1,9.929755195284935,3.136612937800429,-0.6334340250676345,-0.7666602989012126,-0.8701506583761944,1.299489793839491,1.3647614113426427,0.7070433600134574,0.47715732560743807,0.44437687255855685,-1.1957246075943424,0.9357286377431122,0.006095648142723107,1.8177320610177823
-LjGBIYnULLBckx6_33e.-LjGBSWiBH-PwIJV_e8T.-LzHF-Fp32y60WypZpwe,0.07759927048687562,-8.055469226655719,0.9940856398443899,1,2.6412527230971663,0.24404931095656152,86.25166014010347,-2.2755119753262116,0.9908579434762375,1,-0.0029375465598459392,0.2762130111685658,0.2872456961962363,1,-5.183966673479205,1.685030964470057,0.1618164537116271,-1.2876979216686042,-0.26724943468248585,0.8592166978156028,-1.0463994174051858,-0.41813796844294204,-0.2009854648624673,0.12068135560325263,1.3943086210627194,1.0893502640524,0.006043821312377933,1.8080255218349992
-LhA7iwTeQapDTyS-SYT.-LhA7u7fdAzf-Ce6-nAO.-Ly8n6pYmY3XMV6zfyCd,-0.05693811362506953,9.425678404473558,0.9333265701324175,1,-8295.999025442188,0.037509651352698764,-130.83910692559658,8296.554856666226,0.9988083457132835,1,-0.017107469595596614,3.3283000640730642,0.9758009014479486,1,7.318942493723012,1.2761551615132,-0.6946856220102049,-0.701230592362335,2.2476568560832155,0.8912354402687792,0.6426426945047583,-0.6774973321776776,0.5484169515607192,0.37985288620215696,-0.40903869005870525,-1.0430836266913968,0.0038895677436703428,1.3867953253090526
-LiHdzI8lpqzkkuRhCf4.-LiHeFL-BtOWv8dfGtAP.-LtOJzNDQY0Mm2fDnTJQ,-0.010465259464892185,3.216568296582023,0.6854454296930728,1,-26.564302226474627,0.012981430250777437,-59.73119613665275,23.937641341064605,0.9993016358035088,1,-0.009807587286682296,1.0503686823428524,0.8781530983201788,1,2.944928890063158,0.1955736126924562,-1.377625918324887,1.077104917815749,1.243087143330487,0.6170169978365687,0.16235271485035324,-1.1711071945023561,-0.3277170375246249,0.2294175215708858,0.8508764828828587,-0.5073517858278809,0.0062194239252868384,1.699602478691891
-LeFwjQg8H2YmqKWub7l.-LeFwyQRrBy5fhb9uzcX.-LepRQ3_-mTMfU_fiY57,,,,0,0.24838926630175534,0.7440545098874175,14.709463688609024,3.2538076598607963,0.4399671268625507,1,-0.07096156756486405,6.788906003609494,0.8857322377775568,1,3.3985710970742846,0.17420052474837358,-0.4612048878017955,-0.28600238978321624,1.3605087522575037,1.6535184710994812,-0.9651343029691272,-0.13232667634196682,0.007869916573570526,1.4302390706261725
-LfT9PcuzeyBN4p2B5D_.-LfT9ZUhyem8y37kNU5a.-Lp7guaHD80etRLDgBOx,0.3739691446005323,4.867012542306513,0.8747667138628379,1,-7.336061801441654,0.06579416714918288,35.42514980759995,8.47563096034622,0.989178456228825,1,-0.054320640988842595,4.788153537749606,0.96508859277783,1,6.2766455299056005,0.7630243353639359,-1.8119951016315639,1.9986315777814854,5.10086914974432,1.5490670171269736,-0.06242296029464408,-1.2914480716443957,-0.39948785125744357,1.2128409515859662,0.510334807899901,-0.8878301807557052,0.008321004093670105,1.8861333983901352
-LhKVtvaBGb1puFWOmgR.-LhKW39s7wkxN44JF0MW.-LzB6d56uSp7a6UUE9m1,-0.1035401880855445,5.832998454388283,0.9995237590766853,1,-513.9618770229886,0.0016022652861964336,1864.0340357576665,28.72512561958499,0.9983035422652484,1,-0.02107308033119515,2.2880992262726205,0.9120782732972437,1,4.488015707921654,0.8066800099030137,0.056905652378681636,-1.2206385159102104,2.019480939444493,0.5852368053745435,-0.019555091367832268,-1.1667044769838237,-0.12486085252452438,0.4839011185002491,0.7614204532608203,-0.7123796954644237,0.010546142898891777,2.1173147208032743
-LsVlMLffp0SgAp0tEX8.-LsVpvvNc5iRCKfLMuPm.-LsVq21gqIJ6_ohmrTk6,,,,0,3.0597173209754494,0.08279213544998787,26.555321948810693,-0.9613416536550209,0.9822357142360767,1,-0.05173304572034154,4.787508958608124,0.9114990574377801,1,0.15015361931259832,0.5809918765374312,0.24555741833801084,-1.1369529859014589,0.8828486499236797,1.1918195179211208,-0.3551165058795797,-0.9731876255969243,0.007161270377794955,1.2755692803748997
-Lpb4l4JaXOMbKBkV1QN.-Lpb5-zaezaBKm5FZCiW.-Lq0UdzmueIqRcVQ0p66,,,,0,-813.1068334906458,0.027859922649570983,-232.05769054213366,813.1992304873104,0.9816742543384204,1,-0.02091600393252972,1.4621966307787648,0.9328483418689414,1,0.8433674112974787,0.24845239856260729,0.3799878733094531,-0.9435465675218784,-0.20050027444185514,0.4749458153000591,-0.6873873233880834,-0.36822928502932717,0.030456448336950194,3.010155281064106
-Li7Gw53VbA92RZ3ABZB.-Li7HAzKrOiI0a1m1y0I.-Li7IEEugRIJL0wIqfu3,-0.027122333772780394,0.9342885433231254,0.8720535640909626,1,-0.1329200261211884,0.35475568422293097,74.68406728481722,0.4422674263392537,0.31712435315884635,1,-0.005512883187685391,0.6149882612873362,0.6682857964555153,1,0.5153250944123414,0.27212477399869966,0.6485611073742137,-0.7912381075954937,0.42353714391370234,0.06327991577301488,-0.40193143515300783,-1.0659520542344718,-0.043779128570006154,0.14803624997222778,1.2032324259556046,0.08957133576265264,0.013098543030938183,2.3363952021560297
-LeGHgjpZ_PHBerCO0qQ.-LeGHr_FnC7X-PeYv4MF.-Lnl4oRD1elqPUjs_mAc,,,,0,2.269582803823584,0.08250331791919233,27.946979040628438,-1.9214487316221285,0.9993274330913381,1,0.009151431181549596,-0.2769487173855063,0.6057160902987396,1,-1.043430398606413,0.48262451999662603,0.24047860677450641,-1.2897418216920635,0.4596066209736863,0.2582980182195146,-0.9371708606649595,-0.5457381448721201,0.019256609291217173,1.8295874014180837
-LhtgDx5KeVU6cU3K9Dh.-LhtgZ-OCWFD-YL8GREj.-LhtiMzzqfPerUfFi7Dp,,,,0,0.8351621622520616,0.13661450665149216,12.41476216010751,-0.4785522183309969,0.9983709763094725,1,-0.00619155371886915,0.7539733398656991,0.8234980816980895,1,0.05315471859035875,0.22552067953424415,-0.3610469413541651,-1.326739190788819,0.28623623932111913,0.15081650862186585,-0.8011854458890454,-0.6166858018642754,0.004726659214495424,1.2660341190697189
-M2bvo-7AnonkE8qaqvj.-M2bz8ZiOLFfos1iTm0D.-MBIQE03JXylP7d7a20v,-0.03153654856917765,48.59399284350228,0.31069623886821773,1,-48.01372165825202,0.12424043173402802,87.06994602621579,52.001828633056974,0.9981460218260713,1,-0.07012468265400162,9.790220455922123,0.7802774184630884,1,47.426946415519694,1.2253711424364726,-1.7603634734357723,2.7162369000819906,17.456365280415003,12.7404026720466,0.6808453807537631,-0.9959713658090266,-1.6050218396171083,1.7420269552777838,1.113768312326931,-0.08537819793391677,0.003554778802096469,1.337743377891398
-Nq6dZKHtxigdFzC7K7U.-Nq6dghvzdcbVcB5n6ho.-Nq6dod8ONBvfESJrpLs,0.04346785301345635,-5.413023899983326,0.8352475063751541,1,3.381640219593001,0.21720291883516307,84.81747003830421,-1.3449209683411016,0.9656276336930532,1,-0.04128698870423417,6.209894251721152,0.952154474668337,1,-3.8042809865059173,1.0299001947298683,1.013311330945901,-0.2926467824686889,1.3074701017900685,1.009400690530802,-1.0442665761580583,-0.20344981374777094,-0.49922668995076297,0.927993971614353,0.5637328195266692,-0.95044528791834,0.004323790381615139,1.3852387188081177
-Lim3WQ1HgxKNt2gv-gq.-Lim4Dw3Qcgfi3SUInGM.-M15Q6vYxtR04inDvsPN,-0.00020155216984396596,-0.1042475155719702,0.01806673593221575,1,0.4459639834343395,0.4443663511642591,90.89687449715673,-0.06881234623323551,0.9463714335563238,1,-0.0028190811972745866,0.3717394032409663,0.19801079372430075,1,-0.11180221877923352,0.03460559474827505,-0.07754619604164333,-0.24264872134520443,0.23128572302432965,0.19183633188839355,-0.551608025239915,-1.2938167893688155,-0.08637238810489163,0.13896455289433665,0.8343913403320267,-0.17212072514512622,0.008963270487881314,1.6687908834856822
-MDy83AqY-PPiizliRze.-MDy6b4jlA4XPNfg1h0h.-MN3-lYmWxPzxSgCU6-v,-0.21140544121182825,17.45812063906359,0.98918116770646,1,2.22109058593837,-0.6615872486332208,79.35012175974498,0.3213078519358066,0.6346841970251142,1,-0.020663890687239617,3.724780814720955,0.987830049145134,1,9.635011847551814,4.600015656111175,0.1488864880387661,-1.3038073192831316,0.5393413803787357,0.6800782304398375,0.9577989778484726,0.7629730969180124,0.3669997729435472,0.456191864395417,-0.278771357931926,-1.1422607127304485,0.008844384780551379,2.175763707783111
-MYi7zRYMQ0Kilz5luEH.-MYi81LZbNwySbneLNcl.-M_ZhrTkBVZWoJVFItva,-0.5771827575306145,31.309859994623995,0.9267393356604644,1,5.069459417076725,0.19435562894188604,111.61944395252664,-6.643952265113974,0.9670007156874335,1,0.024940815448761904,-2.442430838008919,0.2745800843582037,1,9.954967951131174,12.981801829264986,0.7228293805272615,-0.7114635917786059,-5.297258458719241,1.630592828099859,0.7919031568807471,-0.745342572129772,1.610332352524323,1.0444190831455187,-1.4689006636488893,1.3051343924721284,0.016984395318228675,2.877849545062177
-LhZ7r-p4msytop_Vgt9.-LhZ8BI0riAuNBl6dbPn.-LlfLcH9hQ4qak4xY0pC,-0.12688152825044255,7.914126772399988,0.9969171355608234,1,-6.754514040543722,0.09247710639757754,25.34867522352939,7.779894192524993,0.9997388503587782,1,-0.02621514613513032,2.810703646335582,0.9791028681705778,1,7.026221358856839,0.5484255138230283,-0.14236134497953787,-1.2024052395301725,2.9085639763948956,1.4868191235836672,0.5775225927425125,-1.0311661194732245,0.12364777268074752,0.5810711192087264,0.3120610128381525,-1.297592616633736,0.011293926134159625,2.149847788628449
-MqJ8RHnrbz8Xti1wHHb.-MqJ8bJaFrchCnNhkMlW.-Mr158jX3ykClOIktFcS,-0.03641102390244266,10.567430392673188,0.7118687566622708,1,-4946.156314319784,0.030309578885661114,-142.39660069966237,4946.051375557299,0.999001362333683,1,-0.0259133797141279,4.255644352505086,0.9545936024000722,1,9.220405578412546,0.9342814998729728,-1.1429140069509875,0.1477418050595749,3.447589442159631,1.5247231875293685,0.517391061003722,-0.9086903053789999,0.044678258419450056,0.581534902735545,0.5723341750233514,-0.8694220563373882,0.0035467071468447036,1.3531902773980637
-LjL053LDwz53ECJceWS.-Lo-r9zciba06Hi4D04j.-MyvBvypDEGbnPYYYFXQ,0.003898310842871955,0.6448124902674295,0.794375236937833,1,-1.4731176396915846,0.03730300843789865,86.93737154533315,1.3776249634091247,0.9961215650077501,1,-0.0049030460667829345,0.7040393562923923,0.7895317630633911,1,0.7763234608489241,0.09246388283858348,-1.0010681197713764,0.5181275785364527,0.5694722322179417,0.18835464919852085,0.0637979156808193,-1.255290712905849,-0.058469623135240435,0.12133722469092303,0.9499832601177309,-0.3620883153461527,0.003261020500838028,1.2272258912951481
-Lhiy-aOwPuVtIzPKFlA.-Lhiy6zWTxAsUlojzPOk.-Lhj-3xGYb-UR9FX6PER,-0.047142872589802876,7.306213480565491,0.9970224053398731,1,-5.691811012281891,0.041189900560446094,102.7556984137105,5.268076409186017,0.999845757394643,1,-0.021542772990929934,3.1788594057084505,0.5535191633932501,1,5.56213847225074,1.0223963614189613,0.142817784720815,-1.1603297581883918,2.597736787378454,0.8011051048282206,-0.040172881945918365,-1.2691267383980578,-0.32199894982710037,0.6356244175435908,0.9219619579792604,-0.31561176070953456,0.004860810696295914,1.582395804908781
-Lp8KzB0ah2drMsF5nzW.-Lp8L37kjRsGAgCsLq4d.-Lp8MPSFuFsIyDwpFry5,-0.03066670623842227,4.3386946732631735,0.9351262276025808,1,-25298.0155131006,0.017858230301081857,656.9015135590129,2.5553029418579523,0.9817224553601714,1,-0.012442587084359635,1.7136440884544033,0.5148928830733895,1,3.2041895475799715,0.6867158887113747,-0.5220650097586256,-1.1803529947007818,1.3125736296787562,0.3213565011179682,-0.28395283959826656,-0.8127498956382424,-0.3080836856430623,0.380660013440184,0.9143478040427837,-0.23025182037014558,0.004861828287401456,1.6508962858323533
-M4JDDmKh18ZurYhxiLf.-M4JDfEq2PMWqkFBV4Fj.-M4JEWnL5KZQvse73SX5,0.011874697955020164,-4.903657992242501,0.3440426670844743,1,4.029870596750476,0.14937241479088445,86.86602598698293,-3.6624607206324455,0.9998780855345039,1,-0.011937155707026914,1.9422596831761547,0.9709712300877054,1,-4.464671219666804,0.43962255149946905,1.2751649536464584,0.8979425828829064,-0.7066391975242216,1.142656481999023,-0.8025868349414708,-0.8444747393333287,0.002342395680554804,0.26613850330510536,-0.337029499663142,-1.2809599746983296,0.003358190635978217,1.3298637720733744
-LlBEMo2wsK41U_i4Ff-.-LlBEbuAIaFAvd6Tsudd.-LlBFA01Ivrf6Uwn6VfA,-0.08584796479904666,29.279196938682247,0.9699934803192319,1,-24.657440562932265,0.1180585367164172,88.0107605713202,26.8842114578596,0.997531776244321,1,-0.0400191803296539,6.450465732370713,0.9703198846882589,1,26.102774548570167,1.8868778195793499,-0.45781349172358776,-1.0042157880721754,9.605030799403842,6.582831806913054,0.6041728639135747,-1.0969363479292764,-0.05268011271732489,0.8913562163023131,0.27787423316359616,-1.0201190248273675,0.003721252139976483,1.357711967960068
-Mt7L2Wfvt53LXH0GtaL.-Mt7L76IfXxZd1Zb5yIW.-Mt7LD5cYZ7pHJ6Z9RN-,-0.1855355304517623,40.69403900040789,0.9731676912901874,1,-25.964402508808305,0.2463667305314677,80.74360540005253,27.830265348224412,0.9957279658602534,1,-0.02399090710821561,3.996305555829927,0.8976304185836788,1,33.82920187909928,4.071980454970536,-0.42395935561820475,-0.6563066652882372,5.51753185527644,6.047792955337404,1.6320708520222464,1.3234547627444844,0.09767174847541986,0.555589683195162,0.6703921128271141,-1.0327783826565942,0.004603592603314935,1.561282322765629
-LjGBIYnULLBckx6_33e.-LjGBSWiBH-PwIJV_e8T.-NIBozZJIOLDzBuCHhSg,0.034849888643212146,-2.6950619756274774,0.9999393843278462,1,2.8161359774251737,0.07262073563690605,29.96566722507232,-2.8687226944693887,0.999541182588505,1,0.006787052040531427,-0.5944562467940055,0.8387398515739242,1,-2.539941413143797,0.09854930445791317,-0.10817419524514518,-1.3165846777988894,-1.277050085074704,0.6300276155285337,-0.13689987320877406,-1.3494431287893183,0.06712513036609107,0.16321922364752245,-1.0887686697166545,-0.008988888812957452,0.011323667530367993,2.108495874967981
-LiIGVqcFTTU_qRCRe_m.-LiIGw_v9C8CeF8ppOnF.-MHFTbaEhCFPPZkPf4zP,-0.027755464484262138,0.2723017258230346,0.9921924403238858,1,0.3144883377601336,1.598630771144849,32.55240640067202,0.12763416569938596,0.886135135659573,1,-0.013361061085447908,0.7609979135682261,0.663452516021415,1,0.20401789518860095,0.05463170611073245,-0.0924526126657232,-1.4604092218483835,0.27169890354626747,0.16864016649271144,-0.18315357734993498,-1.4639021724200432,-0.48819908567156456,0.36084118961075157,1.08674026825465,-0.19880200504754786,0.010474017891455028,1.4383457885904047
-M2gsMSjgBDeZhPiRGCs.-M2gsd9LQMlBwPrVPX3L.-M5zho5r1vVGXm66jHA-,-0.017892411891430274,0.8208737647311151,0.991928370305373,1,-0.2963358140038474,0.6861420717670875,82.68223951221216,-0.3895759901292859,0.6218153876644579,1,0.010982385562620212,-1.5840595817397118,0.9398326235511081,1,0.1589209383009089,0.38944756784026,0.1725876341755073,-1.2086918753000204,-0.6370529567072597,0.12557339294747702,0.7500229103822161,-0.7036605342427031,0.20050337963559736,0.2490709855202767,-0.5217193140430539,-0.6131462562097196,0.006228543566512564,0.43099975239783256
-Lih1-8YhTUk-ZydBu9I.-LuX0jxGpudVjXn46epD.-M150rs6r7ODmtV3THXX,-0.17133991021480371,2.3966502375119925,0.9998396239527528,1,0.36487525211324057,-2.803280182239015,-2.5235987394876958,-1.393138629556903,0.0,1,0.010478481221737224,-0.7697432796770713,0.6457069117072365,1,1.4562614092597583,0.5904738421469773,-0.016235886690791214,-1.2330143143695675,-1.3932992391583552,0.7053721582669313,0.3926590445890529,-0.6257797619518977,0.2727039941741469,0.28630780978788517,-1.4154401097207452,0.8434678430102291,0.013620884062303077,1.9616117121764791
-LhKVtvaBGb1puFWOmgR.-LhKW39s7wkxN44JF0MW.-LuqSP92v_pbd2MwB4YM,-0.0747143059301465,7.00249446076267,0.987762794248177,1,-11.528687631421608,0.04686945218791101,28.90175402728205,11.557987019278178,0.9999214755134427,1,-0.01150743735679221,1.4597554481893464,0.9224055873995209,1,5.022672839622568,1.1714219868810594,-0.26623366143215593,-1.217593169843732,1.232031182701627,0.692544487587385,0.6106384550049216,-0.8296465891276976,-0.16850055453004592,0.2628764303812673,0.4590958409416822,-1.242911973199979,0.007490794472349804,1.9472545136471724
-Li7Gw53VbA92RZ3ABZB.-N1glgPSQZYOfWaU9QbV.-N1gmJaTystSkekC2cvC,-0.0827813781095893,6.762013589767635,0.9928487518769779,1,-4.253410904605252,0.0999421494069213,51.330263254070786,4.284115239687599,0.999650135305023,1,-0.004033032686588722,0.5005188007374206,0.7700862966203117,1,5.065058677524353,1.0071597939858696,-0.21688170250845254,-1.1921666705590979,1.122137728184419,0.9393005948528704,0.6705461421387131,-0.922423881489888,-0.02150149405286297,0.10119751486303814,-0.9225717441885048,-0.6582207195555987,0.008621211463780804,2.0237100179131486
-NeMreqmG_AJT3wdYmIR.-NeMrl1wnG9vXRJZgzVd.-Ni-BNPwbqyVpZTa2BnW,-0.023474250041067624,2.2063171061175537,0.95002748930675,1,0.3699132150122397,0.5895161858717389,98.70299786225291,0.07667296679587282,0.8984623223121221,1,-0.009270100933964631,1.518270281157089,0.5183948584130283,1,1.3374407998266866,0.5219851956293292,-0.49462468315878194,-1.1577824778615098,0.26765532131284664,0.1815085417607084,-0.27278880355981383,-1.582550778833743,0.012137199162149453,0.28517253422664623,-0.874272004954689,-0.23524257148458672,0.008441618754622855,2.1533037291553754
-LkxK1hw4N6XYpid0sKT.-LkxLZAUPGqJfS7DG1od.-N-2FNFlaRLNAbnFZU5w,,,,0,-2506.693049517136,0.06450651849118869,-118.30944940576822,2507.083478254257,0.9935125114974663,1,-0.01167937520016693,0.7523576096968243,0.9599344117206584,1,0.8744482088380333,0.3085386020651059,0.7136289630622737,-0.5104007837488043,-0.10609623931356267,0.261711260813258,0.47999037434776565,-1.1185994849150511,0.02438452932286747,2.679526959026998
-Leujocx_cjh-Ci6MrBu.-MHVHmFIrmK1XR8TJab3.-MNSxWtrT63eNbvENLnM,0.01962625777273963,-0.675039138558645,0.9948372544889672,1,6637.081994022722,0.00943328870538183,924.94044468899,-1.7004165079757456,0.9860428544237312,1,-0.01659646382185831,1.3199970518573076,0.960866836131487,1,-0.5773689301064976,0.0635536806600984,-0.01114077999332855,-1.301630417258064,-0.17998213480838995,0.2080991010861176,0.1611031470311633,-0.9133648670568117,-0.3146528929502801,0.3717435177127021,0.23327689890705858,-1.519154357292181,0.003089194401981419,1.0758272043932313
-MutxIuxjnQ6kYnfwVUB.-MutxS3VJclgmPwregnL.-MutxWAlmsVCJMybCsdM,-0.02902841355575214,5.297038411135165,0.7756589734117428,1,-23.162810796050284,0.044334267171971094,31.668148968072785,22.407373614417892,0.9978040509709336,1,-0.01240627346357551,1.786898919887758,0.46561750918149714,1,4.2231618143498615,0.7136604952361252,-1.1596312578001262,0.19824821115013647,0.5333364967573107,0.7472792559929511,0.6510157081710332,-0.730444325514739,-0.22954032755063591,0.4038560784099668,1.1957011321135307,0.3634105091144062,0.005350170438560652,1.7346753147617493
-LjV7xs7C-72wzKZEEu-.-LjV85uT0YsZ6d0aFabD.-LoxreK0rGyyRgLNp2le,0.08330667447783556,-6.066089589885122,0.9998663076844978,1,4.336504463256748,0.0641613288916215,52.52376997571157,-4.049018730794512,0.999537306799089,1,0.0024491962576190796,-0.09342924570721833,0.3375380911047787,1,-4.483396099051826,0.9377165577101255,-0.006614219702957353,-1.1890428743871029,-1.2620084367188542,0.8251232673132683,-0.2819105892324096,-1.2424193798001,0.21660061062055838,0.092265563807,-1.5712027255570191,1.766100910911197,0.009436294175957427,2.0799141423821763
-LoP315IYr8aUwaqQU3o.-LoP3NIJAn4J3PldoHHt.-LoP5NKsmXuFf9uud4Cf,-0.04566722429681991,6.384426342959042,0.9343798533528236,1,-10.65566951109489,0.04482469819403239,41.02633791968245,10.618590983488577,0.9976970993707364,1,-0.021265462961451265,2.5346258310333933,0.9617296912784438,1,5.082812344895057,0.7911899220595734,-0.667097302044446,-0.8180014317552988,1.5844490864621306,0.847597770100518,0.5141887519938322,-0.9711247687552382,-0.5595882705668284,0.47587663198679614,0.4424550777141958,-1.119268600651985,0.007231608416427728,1.908858025563671
-LzpOhLU89jIhcizMvjA.-LzpOsIXYS1G9UI5k1xA.-LzpPDVSZHN28LOid_Pp,,,,0,-9.660469831425914,0.05826200935709194,6.569672485326874,9.250229025713065,0.998131837010251,1,-0.003988867872391529,-0.0651835303410554,0.5208124532534617,1,2.3792014685448386,1.5273069236564962,0.37940945218353933,-1.1367236101196143,-0.4137931842362805,0.12204661181998802,1.6881153615111213,1.9657886358070433,0.018882086455986935,2.5622035685197573
-MdLbO1ysIsHIZbociLC.-MdLcTQoppTbJZUGl0q9.-MdLceKUuDh1IyQuzUMi,0.007906432395476837,2.1129265403780346,0.8835278551690688,1,-2.630423753751521,0.13696477451659964,28.94642805099519,2.485148225171508,0.9993697026240129,1,-0.0007754728727580318,0.0032313933731128452,0.0427089330238547,1,2.1582044368644113,0.035265024845847676,-0.3773083985391491,-1.5446314758304633,0.7547333800416908,0.808680812853623,0.5089962325020916,-1.270025320349211,-0.07473918688995525,0.08270462202224481,-0.1313916693877724,-1.1290767169887426,0.01267452946072833,2.3070406234249883
-Mm2CziuznOBE9LfxL0J.-Mm2D3KjPiosJMr03kbQ.-MrWeSs6Em_sGQsG44bM,-0.16149361290819245,18.858901436880444,0.9933693701259111,1,-8.565811722066845,0.19529690356483767,80.41460172964729,7.58296580347951,0.9987503474069154,1,0.009836543352330482,-1.2900828177223822,0.3727271771868761,1,12.883606914558943,3.5083734778827336,-0.1619669468556495,-0.9602343770716164,0.2707118626377192,1.85903063878353,1.4709056034801518,0.853607029074138,0.30812360651002735,0.35428874662072873,-1.3500532153760547,0.8190701402955991,0.006190259522882292,1.8042943359101924
-LvtsokQOmZVI1tAvlKh.-LvttrrZlcEFuYow4PR-.-MDs9n2FEHPN0TQLzLfn,-0.01682402700138219,2.2392096877928624,0.8106779369871233,1,0.6145670892846025,-0.40745009177342895,81.38605892655006,-0.15138120465834365,0.5252666258147555,1,-0.007371444443099895,1.4337952298378407,0.8597782281800885,1,1.6171680918651594,0.4043253147716417,-1.0890492200882549,0.30165292780729747,-0.06573761238234097,0.23038807299170608,0.4257373410207383,-0.9101210561108743,0.2360161872609626,0.17526028141533206,-0.43137300751662094,-1.251310378351572,0.0059339527820028715,1.8002585969764482
-Lhi_hQB4d9hP668bC18.-Lhi_pFqfsm7Fzt3bPH5.-Mr6FvMfA-BZF2lS1_YB,,,,0,-26.2003577335931,0.06633721252919673,4.3406414733807654,27.373750003396303,0.9994011836279222,1,-0.05184401935769582,4.305245251555469,0.9763080094483693,1,7.6340532563396355,4.175906826339654,0.5223401775045841,-1.0238230871320648,-0.2314166916208948,1.1508454082553918,0.41626383661733396,-0.9854767122482522,0.01672479068825654,2.5030397553933486
-N0FhDYqiqHH31WXQzTd.-N0FhWIWLlfhNHWd_LCQ.-N0FhgLECFV-MOJ22-kk,-0.04590647046761287,4.958781703461835,0.9622936094986039,1,0.6550968718971466,-0.6875268989695291,78.89893994112875,0.4589879321746246,0.6793669367974536,1,-0.017496611334510304,2.7721905592885383,0.9919306702208915,1,3.2601435012336273,1.0127377790976198,-0.4669774890385124,-1.1034797693531009,0.5175781708070373,0.18385658541499705,1.0962051431429647,1.5958770464748744,-0.07121858955306194,0.3853941744034837,0.09271490599140067,-1.391716546734654,0.006807802537807237,1.9523641551930981
-LkxK1hw4N6XYpid0sKT.-LkxLZAUPGqJfS7DG1od.-MbtnffcUfBwnvees3p_,-0.09019241188492419,2.595579194127108,0.9836574872342452,1,3.67012069494491,0.17619571369829615,107.2858121096233,-3.5102782185138564,0.9909408737432861,1,-0.004967164663997492,1.4500172851753401,0.08418485446890356,1,-0.7413885596945166,1.9695360407832323,0.29420765863808623,-1.2400166714152612,-2.227642941519276,1.2760449965738545,0.5475438058689497,-1.2784378919692692,0.6423339718147623,0.38536913672936784,0.44052268040901904,-0.43210136500688057,0.007318773017289677,1.624895299951877
-MLHXDQ2BX7xY0GEal8T.-MLHXluRZevq2K-wq4OH.-NjMeShbjQpAN8pwEpz4,-0.1888837304048675,16.007731153027407,0.9956339708654914,1,-164.75252929293424,0.05827370943381423,0.016783437357821486,165.28857224585028,0.9727790400424312,1,-0.013804411399100491,2.1428833580400246,0.994421756207752,1,9.01934465457525,4.098445963314034,0.15817488446837533,-1.2497414855300846,1.2280172806691296,0.5512256737787553,0.9240608332760355,0.08595828630044577,-0.1002449820539104,0.3035505453178837,0.0965071014647238,-1.07126044363483,0.008335184079316483,2.13689476178836
-Lim3WQ1HgxKNt2gv-gq.-Lim4Dw3Qcgfi3SUInGM.-Lv4qr08sIw5LH2RlnFs,0.015279103168778391,-1.5767427768707603,0.8863006851549748,1,0.5422918713816716,0.12298651746980088,100.65356460134599,-0.6411586245307034,0.9858120441031171,1,0.0037417319355480057,-0.6337895517670654,0.9503668236419632,1,-1.0118409143754508,0.3521944059919686,-0.9112706393377532,-0.29708786884899885,-0.38133186988680107,0.1741774332982546,0.02141593779214193,-1.4648202822470917,-0.025797478248527583,0.08433285477097958,0.1274917246670502,-1.4720660345411043,0.007328204756741501,1.862926831861227
-LiHdzI8lpqzkkuRhCf4.-LiHeFL-BtOWv8dfGtAP.-LlVlnjTvMXSs8QCsbCF,-0.13348468671543431,7.858133727560695,0.9708374154508946,1,7.109876043790331,0.20961487095666387,104.19947641549699,-4.245026190435008,0.9589123267840971,1,-0.002521477732727595,0.3245368573444689,0.01642190681813338,1,2.9192509948778236,2.933295818429411,-0.44541991685300997,-1.0582241608433618,-1.3577815699105764,2.7967035362194705,0.37609773061908774,-1.2775404143773417,-0.0803328192504469,0.49343654821273214,1.4352776842835515,2.3293264722980744,0.013939863332010832,2.39686074105308
-Lep5eFlTRDDaAePV9Z7.-Lep5nlSob8vmWfcLcwd.-Lep69orqUZ8se8YS8O6,0.002039705451521878,-1.5496099343437106,0.16659853346949272,1,1.2490477524682424,0.11783931586532169,100.0618426798077,-1.622580822296789,0.9793578044078728,1,0.010764503544492083,-1.5123350980835248,0.9030977991368973,1,-1.4783277600328997,0.1032483300775717,-0.9519221801512783,0.3116537898888403,-1.1003250753845883,0.38559468957382836,0.224733850957557,-1.452996905238903,0.19406179170211263,0.24856145731215498,-0.7872401725531154,-0.5704797091432603,0.004770870079764448,1.5263421002762536
-Lc_d-g4yyU44NLZYjLv.-MJWHNNHax2kwaFP9i63.-MkBwFec_SKNotgVYMLw,-0.07143085520649972,-14.639513347389155,0.9940529238369478,1,24.342186019736776,0.15374482409088444,102.44037202023893,-20.817613822781396,0.9987450777713147,1,-0.03502343822450538,7.8232826406915095,0.925452269056378,1,-17.282411764214388,1.5503833517924197,0.07395853192767879,-0.9971632876519623,-10.015570913646508,8.53513311638974,0.18608920937959716,-1.5640836491555445,2.13125525141423,0.802387067692917,0.1299727561494887,-0.4281538537918079,0.0031742624685699647,1.270002151554416
-MjcSjzAZOfyw2mPmzID.-MjcSqOdGflW-ZftKG-u.-MjcSv-5YjkUXxfZINs3,-0.1457969705860298,7.112223763098125,0.9893048320069167,1,-3.841170219925547,0.37097687909553634,33.72529105987873,2.892211487441413,0.905160364968278,1,-0.013251095076537392,1.6967246291913862,0.7398910792724076,1,5.217148638364665,1.1443191670627637,-0.2792779498377532,-1.0588684188273962,-0.3798800858481354,1.1116983270895968,1.4336124751945114,1.0727033605345966,0.17949544178418486,0.3381168881647861,-0.356055098141002,-1.3270754318139921,0.017163459240704438,2.6771316671564227
-MPs4GrvJlieFAXqIryf.-MPs4WURsoALXoosJo0e.-MPs690233GeKHLPaaR9,-0.105717880815271,13.004654451740235,0.9723025219127057,1,-9.805308117440374,0.0573753010078821,80.95524394143813,8.367340865982465,0.9935689466068205,1,0.03086266138744498,-5.195549796909289,0.9094885828614304,1,9.092662099618627,2.321292957909901,-0.4440748371297787,-1.013293255210064,1.3530257916874213,1.5202521315504443,0.39417313852498315,-1.1565751333229362,-0.1803255211047984,0.710842418527566,0.16118412854227446,-1.6312396421067636,0.004983368867751676,1.596784877891954
-LcjaVAtjdqydGqyIyQf.-Lcjamg6CVTQtyLkNgmg.-Lcjb8nrWhpulmUJ0c6h,-0.017418621966745818,3.5390977398113237,0.9726787156987386,1,-2.6504987656131926,0.12841591798679677,86.80864397589566,2.489067340997397,0.9990132863570533,1,0.003212089809159213,-0.4831357298153842,0.9125757654597002,1,2.894595709813249,0.38341978494949375,-0.16399640961272294,-0.9489783007106678,0.565222888604537,0.7078410724894733,0.7233533775202493,-0.9084874416593967,0.038944260331318016,0.0739996603001391,-0.4257755732111045,-0.647049483287025,0.004211946746972127,1.4601427373191802
-MpGCRzFVqcdgN9jMp4X.-MpGCcu-wl5Bf_6gnCuU.-MpGCul-fBqTdp142Vgm,,,,0,0.04525635909065734,0.5520521066369034,14.69562390380703,-0.09367720095514714,0.3990050488830771,1,0.0014224969818327216,-0.15154955517622026,0.8017348547589678,1,-0.06296818197550018,0.031270941603151296,0.06832499033374137,-1.241700556568993,-0.030022447038530648,0.035143660487937455,-0.30400161752685223,-0.8945013418296504,0.00939253545550634,1.5645815243265695
-MN2hxShPEnW3ZwMc7YZ.-Mvc91Qs6THMRanCAao-.-N83JAA4jXLUrLFeT6vX,-0.16412570351672917,2.8589813684964924,0.9963432643499539,1,8.55084418403584,0.18637063946826227,104.5625103804674,-8.595967265286664,0.9923351920676106,1,0.06129743312721403,-8.700719776970917,0.7348874324092299,1,-2.6386001098927627,3.2276810120436368,-0.021056614879118866,-1.3681291135832614,-6.3048579859104255,2.6873947979759563,0.8639243387151117,-0.7215266576737189,0.8293602109533232,1.574704885045756,0.07879495256207285,-1.4370046435301695,0.0038038566248060376,1.3897861762507953
-LoP7_n5ROEawdOTAeDN.-LzpZXIW6Qn2w0x9p42j.-MYdE9BZi9f_KbapUdkG,-0.10728496258088849,8.58335863337155,0.9975654286737432,1,-2.1927367798074937,0.1181684463423749,80.07449166501482,1.8038620297278705,0.99738929990309,1,0.002218190799790909,-0.120565118937638,0.030043393892695613,1,4.7754438098402145,2.2330915640881037,0.08335246603991159,-1.2335212617252709,0.09893455309433176,0.4911399899345692,0.8447256532491586,-0.6350785935655341,0.23333031364296355,0.287472548550814,0.8539537712466052,0.47573706436877083,0.008481407479631416,2.126416402990896
-M-OnrHA0wmu3ymvKWA8.-M-Oo9RqHfWyjRggeAS9.-M4NP6k9y_Xv0IwL5yd2,-0.02971170301587578,1.7897750514797712,0.9996138950179047,1,-452.4280017102165,0.004721637468121542,-1002.997188058466,450.1517034974335,0.9975732200496984,1,-0.016522517030529683,1.6565487716424625,0.9955605054299493,1,1.6711360130657846,0.07369881334734778,-0.03137726499903604,-1.0927506304073074,1.095468930345853,0.2277677292884052,0.07880911440549643,-1.0988254682904557,0.0621414636144477,0.3631823340665623,0.1206923639295035,-1.26896488669562,0.0101635967436776,1.9374097677866642
-Ma7oQmtnzYEVFRWy7_Q.-Ma7oWMqNQf1I08txYzq.-Ma7qTQGGL6iAvSTru-f,-0.023771401248650292,2.4160538347630385,0.9838140232928891,1,-0.48121315452529123,0.12199408582664215,91.78474426809275,1.1588407255941287,0.972126229532551,1,-0.010094122104909564,1.8720692706558797,0.953739226704643,1,1.738371298378774,0.4009120054274681,0.3005206979450278,-1.2262343144441354,0.9978107194441266,0.14057855043656484,-0.4524759231717417,-1.257561269080995,0.4035758295069965,0.22676216309651148,-0.5365947718257333,-0.5509702144711706,0.004121136228030118,1.1452493704977051
-MLHXDQ2BX7xY0GEal8T.-MLHXluRZevq2K-wq4OH.-MgKnjftqI0GP4KHvRy4,-0.04876156811965712,4.35411569869125,0.9958928800041553,1,-39317.28134767755,0.017863558496972156,603.7431400976476,4.2662489802955355,0.991964477001995,1,-0.025529027773582378,2.6237098098767917,0.8739542536061258,1,3.7467849413986802,0.36444640963500863,0.11816274236185088,-1.34785407267526,2.1913318368642174,0.5314535767812949,-0.30704745471943207,-0.9708373777759403,-0.2738772689534654,0.5988576182757243,0.8071314750037295,-0.7371493970892669,0.008983072386488745,1.9449338578085975
-MlOs2MUbd8dNIiJFWpr.-MlOs7HMlvRhrwnRKgvQ.-MlOsEK2Ttf0Br-PfbLG,-0.010157989322119611,-3.179421186535311,0.8606596925923612,1,3.8788069512430248,0.11373405976022312,103.87769570608837,-4.268786835968076,0.9994165250370634,1,0.016567551674924366,-2.2936076208615392,0.8005979055544815,1,-3.555217181268896,0.23685374169510182,-0.7768821404706491,-0.912057407611353,-2.6308263251575483,1.1605176550818819,0.22367653900725504,-1.443971450160084,0.39893407487083166,0.40583934280478784,-1.1146407391874762,-0.05407171934554311,0.0033335389504111496,1.2840132662211505
-Lhe7Rr0kRFC2_3jT8E0.-Lhe7ZLURi3KBGWKzagL.-Lr8Mik7popfnhnTlo9J,-0.017647106573959837,1.3525191339147398,0.9217355025840135,1,-1.2672162993346865,0.11056843032045183,87.36612737374814,-0.033220447973574,0.9408884607061712,1,0.02056001122275597,-2.8589396311110513,0.6296296055669945,1,0.6995320234016127,0.399778670414635,-0.612761057821857,-0.4302712366267163,-0.9287100444846047,0.3324498938435811,0.4250695262285145,-1.0121845634884996,0.4823282848447901,0.5695326094712899,-1.447839922523902,0.7375419173114288,0.0061411251503066195,1.3132588689594087
-NpOdmAfIcqEax3vdOhR.-NpOe50apyFFCNbru9EQ.-NpOecUlhrLei-3jkCli,-0.12393916083745293,17.382028146066602,0.9331347734076257,1,-12.173255548979858,0.06870084455076368,80.06274985699679,12.17709405273295,0.9994837460239613,1,-0.015529399062467864,2.1783826317068016,0.8643544627303239,1,12.796445272797083,2.777535986994735,-0.5276472142284675,-1.1941089094350785,3.0377695770194126,2.0084491401838185,0.5275499801675649,-1.0241165144757065,-0.34489925808232424,0.36667992058919247,0.8435749115279102,-0.584601631162879,0.0048669645281067,1.619006659437365
-LxPzAAXRuoplPdr-PRR.-LxPyKw7jx3j1Fa7bodz.-LzH7DwNRh1HFeJUZUbE,-0.31231352149171876,43.915725187900264,0.9784445799689065,1,-99.6258616827483,0.058678209623768664,50.018573007512515,99.74352621411563,0.9976190590779804,1,-0.024480890446133875,2.9688721010539845,0.6616448544663981,1,32.35993279485206,6.835425144334344,-0.3953379156946136,-1.0187035342359994,6.93313615273466,5.008427746365655,0.8223582745467263,-0.526190573105056,-1.0091783559113094,0.6606930105037793,1.4210613241680194,0.9191545390629607,0.005224054147640905,1.65746106257333
-LeGC3EwPfb82NnUGMCl.-M9N9tvEz5XJvKf9pBur.-MUwxke8pMEl0FZbashI,-0.02147584456489771,12.067594977676771,0.9047839357850762,1,-11.826451135676447,0.09282357605288674,93.8271309933579,12.007859917952185,0.9995454719344273,1,0.01206597152329758,-1.1137276192612515,0.3803869050932066,1,11.272914472221625,0.4885553658447068,0.14177296883996812,-1.228132202870884,5.000979975656995,3.095677105929795,0.23712920199808363,-1.376138395645649,0.8469939232384379,0.4303212089169105,-0.4581132962420048,-1.320722164052711,0.0026759715820993107,1.108087906083961
-LuX9kwmV6pnBd40J7DJ.-NYXNlbbSmtff07I1-JS.-NYXNqgro-49J6mt8meX,0.0057021376040057945,-1.190541136342136,0.21866294628223826,1,1.220929840916963,0.18146033470042736,83.57243240547415,-0.8342414741267199,0.9908717229146657,1,-0.008016579789402067,1.0387351229773227,0.28411696304724454,1,-0.9799939922714431,0.26606181948376056,-1.4956499880193812,1.6291952029068524,0.14171862762431814,0.31987806778556616,-1.1148429247873246,-0.12008531131634248,-0.2642851093555761,0.329414860491992,0.42256494935366895,-1.1165419780484338,0.010013297382073212,2.0609871656943133
-LjGBIYnULLBckx6_33e.-LjGBSWiBH-PwIJV_e8T.-MNNU6pD-jXpU-uhknt3,,,,0,-626.5909080862185,0.033536798736790906,-172.2634360402501,624.8811366641525,0.9986832294446342,1,0.023540920996477192,-2.18889921017214,0.991606445469575,1,-0.6535499815922573,0.42222495326216236,0.4725437926628796,-0.9469808782314315,-0.31697127960756033,0.5190755295383884,-0.11567970340446637,-1.3904749558767746,0.0037540369859328515,1.0949038089099787
-NgIeMFBrq13mUfQG-Sn.-NgIehxbTizM5oxZzD-c.-NgIeqn1vJ01hXfzWb1H,-0.009767165245286646,-5.991955606193429,0.8899526436823186,1,8.530098888393596,0.17902617507469298,108.79708438079902,-6.575537814903108,0.9974397741509382,1,-0.034780137160127955,6.04405733854449,0.9743800149626788,1,-6.353522833342499,0.22440952976424514,-0.3796141563275009,-1.4568617658902239,-3.8450534643693453,2.863729022531572,0.6494854608564985,-1.1743725929137765,0.393663418752033,0.775311396434133,-0.09627666420829535,-1.2636673812461068,0.0028125275268681155,1.232533638605908
-LlBEMo2wsK41U_i4Ff-.-LlBEbuAIaFAvd6Tsudd.-MGhMeGT-1b-Up5imFcw,-0.10504322952309986,33.35805902759324,0.8062171423102209,1,-25.65645488297389,0.21061378549724305,81.34012454146182,25.93056112989495,0.9983449776977904,1,-0.002566998990561009,0.5939209807833812,0.15179508746941683,1,29.471733387296656,2.5321359777623926,-1.3506515198156699,1.0664011266666433,4.3000533328157715,6.05027655059354,1.4528905741986826,0.7266779979134452,0.17700491987304307,0.14457094791268926,-1.1937645525157399,0.5634324290557098,0.004222925925328874,1.4990795381067032
-MLCPaVHke5WF47cCC4x.-MLCPgQ3s22FJfFDZztz.-MRP7aGFqyMd8FxI2haZ,0.03146360375978529,-7.335177404412551,0.9767778458598178,1,9801.011632060896,0.03210758417770454,-157.4451382528113,-9800.115549802233,0.983888937224239,1,0.023178212178247448,-2.778141731672087,0.9018234931381064,1,-6.17081964379981,0.689297016561585,0.06029499176586586,-0.6328680617286908,-1.9484640798896162,1.3017281683540487,-0.5492905750528643,-0.7975662383346878,0.9885661693799126,0.5351045380669104,-0.5926927559152125,-1.076503115176849,0.006031511292753478,1.7645179949492018
-Nh5b-fGAFcLuoFanTnN.-Nh5b6CH4s2mGtf2n5yx.-Nhez6TOtLCoFxefV7OC,0.013236381444856948,-7.3679636304704985,0.9775147061371674,1,6.49532385694912,0.12481112610688812,102.5649499963247,-6.649111817694473,0.9912627338040139,1,0.028219210441277176,-3.4528078043707415,0.6133457511303408,1,-6.8783042759896,0.28993876674699715,-0.33090176458729503,-1.255072912905095,-3.7640921940855843,2.0774137135700927,0.20005426732755882,-1.4467015350378847,1.1287437526162456,0.8155576957657424,0.34685224966913464,0.5603637025497537,0.00562378907848081,1.5947777567101602
-Lsulqs6JeWOd9vlQVWT.-LsumZIoNLI3HOq_QhI2.-LvFUXtW3oqLeWQSFIHt,0.044336843134785586,-5.71414371268961,0.9969051889613669,1,3.012567592168737,0.13499166387813563,89.2626120748379,-2.5674099971356905,0.9983910290313286,1,-0.00953628571174181,1.5093778661696189,0.9865412564942122,1,-4.073369769685267,0.9611003475836454,0.04441115723676631,-1.03611643498754,-0.49763827248564757,0.8837446907807771,-0.6012128008122303,-1.115318565966796,-0.04030373642306721,0.21079358636302797,0.24355361275066556,-0.999588705502314,0.005210056790914531,1.621896886737289
-Lih1-8YhTUk-ZydBu9I.-LuX0jxGpudVjXn46epD.-M-o5i2hWedC3snD-tGP,0.04783022353578734,-3.3036660380012877,0.9511252248711097,1,986.5080060389345,0.05239950873281947,-80.27360485317068,-985.8169756920388,0.9579969169155619,1,-0.011828428736979868,2.3752837996471854,0.9432721071526347,1,-1.5341615454450166,1.0623712798284397,0.4576666550807245,-1.2768872714774568,0.5858707700907608,0.0782431717731421,-0.8446202116008618,-0.1427537855708425,0.45321572602782895,0.26744750735711187,-0.5540067332139209,-0.9266081467532117,0.009918271790309999,1.7955363776986675
-N6MOZM8pLdlWxhRGNVn.-N6MOh31Gs4Y0OMQ_Dch.-N6MOmM4jH2EBYFju-_6,0.05128456058326701,-11.251042454193536,0.9942402069344105,1,9.545640255503224,0.10205141462012823,92.89811994037424,-8.879242461636029,0.9998329442516405,1,-0.000126345309814726,0.4616346493892811,0.0022958135870844165,1,-9.353469349656367,1.113487103022982,-0.19305941343866054,-1.1727033265923634,-3.0393137625549946,2.614608482491843,-0.3057242460509076,-1.3607308192927106,0.44117246514443,0.05865164264854031,0.16885855486639628,-0.8306513043144146,0.004499382606443974,1.4863272817917612
-LrIRVq3IK3HG10yEBuK.-LrISdQltvo9B1C3m_ci.-M50sKlyqp7gOUknF024,,,,0,,,,,,0,-0.07632118905943619,6.323053898832931,0.9527930077469844,1,5.764391055701445,1.213917742967838,-0.03124240465411148,-1.1902201725910455,0.026702816997085304,1.7158635512798732,0.5248567242609447,-1.034752083667759,0.011673190170825071,2.0125006941149572
-LcDC0Ojsb1ynm9BGC5k.-LcDC4o2QXAlPPQEb7WN.-LcDCgaUx89FzeLNX6Rb,-0.09042672267104129,6.175324286116271,0.9942620063512932,1,-1.3543048860016544,0.17276931809329482,70.80256743719326,1.329187943755594,0.9884022619465538,1,-0.0005517948686613043,0.04079307273424347,0.11075059000069398,1,3.733025344084345,1.4393346017586768,-0.08936363030267407,-1.3604490614517606,0.4250524572155585,0.45910813030255626,0.579610509777041,-1.1676575112752994,-0.03763130636024148,0.038930291583405836,1.607936645542338,3.2488258677611723,0.009176991623335162,2.183242513135792
-M2gsMSjgBDeZhPiRGCs.-M2gvlsMeunFdl3nlgzR.-M9RquptvddazWT1INHX,-0.1395246821971896,11.119200817682385,0.9994018322673239,1,-2.4708829729035964,0.1494955423982124,89.522681285554,1.0922331280447044,0.9572028461509605,1,0.04509258465226892,-4.770644801658217,0.5707395034599222,1,5.95673837499952,3.0212903022176243,-0.011848025736820913,-1.266327545004902,-0.6049521575508127,0.7822608442162639,0.49811205293690225,-1.0877092178351555,2.557743563046383,1.3099000933627405,-1.2028822403218504,0.012382139548654525,0.004338985300881492,1.4707294019362063
-MT-fuAMSOtqOYpbrBt0.-MT-ivaRbI9JRvYR1-_-.-NCyXVNX0W2EebDMDzs0,0.08556417485663625,-13.414863985406603,0.9549381635250598,1,10.229737032861284,0.08185252471059559,84.96373317276218,-9.307264232190168,0.9996275630914324,1,-0.01387346332456807,2.197026687026682,0.620171035743353,1,-10.249091332390583,1.895659662171999,0.495008116907341,-1.0858627954487292,-2.0067727122053256,2.0981232228421005,-0.5118650714355661,-1.085929899887514,-0.05739251748474568,0.38736712114135724,0.8188167030623658,-1.0644958642662636,0.004417135447579556,1.508781366271279
-N2zbkhz0QH-FVKXOSNq.-N2zc56TwmgoFUpO-c8U.-N2zcmQphHQPjEb9diry,-0.13952831275905575,20.196431184648635,0.8482927528511386,1,-17624.953049292726,0.03840191389277277,-123.0983855883517,17623.943637308148,0.9995917853473386,1,-0.012330145064314735,1.2450666031176425,0.6291216926939499,1,15.033664430236827,3.27894195464652,-0.6665846287278874,-1.0210741594342883,2.9562629574216146,2.1335343391499824,0.6516585199950518,-0.7132496892950555,-0.7588804358199228,0.34072360054046263,1.4177890017894084,0.8743177968411748,0.004941804798030293,1.6400686024517792
-Lih1-8YhTUk-ZydBu9I.-LuX0jxGpudVjXn46epD.-M0quZluIa7SKPXouX9f,-0.2947810307759178,6.211022188657504,0.9999316850032915,1,-9.718369771454697,0.08720408344094475,5.81936717557944,9.328586884439632,0.9978138376972567,1,-0.004442431724670071,0.5892829672307571,0.21735510470434938,1,5.618664093235508,0.41341051072824114,0.04187919019735852,-1.2849762159480154,1.2551972426791376,1.4626286179282242,0.8479192135488012,-0.504436721915182,0.17845943341530104,0.2089488539241113,-0.6036398130086063,-0.8384420279936449,0.023403322336454868,2.9607437900808473
-LcZnAvU6dq4vFlRJeeM.-LcZnL-Cg1Ay0W4f28er.-LeLCUcKZcjwfXcwKttC,,,,0,-7.650013782117179,0.17753271499282386,9.395108746792792,7.773142399678379,0.9998877329167575,1,-0.007740858321989785,0.8242753541829115,0.5193311115006705,1,1.8418171508665762,2.0843969325567557,1.0205472565771945,-0.4312660489419553,0.16230170256128285,0.2361766604908921,-0.7969077053342234,-0.5099014225754552,0.026297284118225496,3.101961708463846
-MpAnRz-p_1u1zHKeCf9.-MpAng5mLDd6JPQVWhCU.-Mqsd7bOZue2wG9wq9bq,-0.04681983902483728,6.387820268075414,0.8123142483402761,1,-2.6952749345673137,0.11438672110291881,82.61562552562721,2.616016712992651,0.9976091789738414,1,0.007390237018309098,-0.748590686308424,0.6961959105268006,1,4.6562283163723,1.124280231943394,-1.0323150715475142,-0.27991767212942387,0.5107698045004789,0.5854022491657342,0.8420983608122458,-0.6262731026217234,0.4523625036481958,0.1944092896478474,-1.0180331726557543,-0.40396861854296207,0.003787979526210172,1.4371658209013183
-MvNOnbh2Qh0ZTFU0LjI.-MvNOvJzKLE_w24DY6Th.-MyGdoVv-osWYn1Itcws,-0.09104729159230196,9.669398327169091,0.6988245992268423,1,-7.714882543260358,0.16076640419604316,36.606716590513145,7.159096681888907,0.9972415001701614,1,-0.004917852254482857,0.7611029126728018,0.01891356408315259,1,8.67070632274971,0.7330040523534852,-0.956528838507405,-0.22491878629292517,1.7122283623708414,2.3844884140441707,0.7218646322840043,-1.0019393898134963,0.21559205496618744,0.8070108236544643,0.39744205066393706,-0.47884163617976006,0.012574463576543427,2.360113224652967
-N3T3J22UG6-6qz3L24S.-N5dwiCAH0-7NqeKdeRR.-N7tB_ttzK3ngOIcDzgb,-0.005275730201130813,2.5277041098094317,0.781679398597855,1,-1.5372608182330159,0.2014001205461613,59.23472382330573,2.5828021032875945,0.9893326118850662,1,-0.028121158310753926,2.5833436202124025,0.8766822961546303,1,2.483184202215946,0.041107785704302374,0.9283843785936794,-0.2510779153872118,2.2756742066881883,0.4203876371649973,-1.1731504834041178,0.0210268822837949,-0.41153493610559516,0.6592469410965027,0.900136115375419,-0.4569265238265676,0.008248099889466913,1.6965418738683982
-Mbf1QJ_W0ZPQdl1-jdq.-Mbf1aprKr1KaiIzizyS.-Mbf1oEGD2BsC5Hp1j6L,0.059687610168523864,-7.9317783961353125,0.9993330086309121,1,5.815806969238345,0.042353295076353374,87.37141966797977,-5.546035224697629,0.9995263760648732,1,0.04089962331888952,-5.672165990671936,0.8567531959716863,1,-5.723525735000938,1.292720634070263,0.06114030930993557,-1.2086637823166764,-1.9651377410377526,0.7985881573585533,-0.15862373601388272,-1.240413345648497,0.9748771911960347,0.9710041505373234,-0.0028952730244424605,-1.1546738313540093,0.00721392813872882,2.0190191726445477
-LeLiaV_6NrLdFlMbLi_.-LeLiiv6COUB6rvloOYx.-Lu2GqXfbJik94WPyZoH,-0.02790808913225657,3.2980630660338113,0.9662535164613686,1,-59.09579416418992,0.0008195168830569128,-1210.0704131580121,45.21425532917355,0.9602725124500993,1,-0.016508619697760407,2.896179255683592,0.9936251343577525,1,2.3072011164404254,0.590347210350701,0.1494821355126566,-1.5803397962904702,1.2036568447452753,0.13690530355783767,0.06303576618268487,-0.4435071849609695,0.26322319998625376,0.36328135968893444,-0.014079765658857529,-1.0062519579432452,0.004530385810820251,1.409454136424424
-Ne2AcQOQnoyDScmzHWW.-Ne2Ah2Gn3s4YCHgjqzJ.-Ne2EofUAZwjk7O2B_sN,,,,0,7.852145093841079,0.722666700611505,11.124319216877929,-7.298991166928265,0.582141646278946,1,0.02309618840314905,-4.564522094714544,0.9731218450975164,1,-1.6750458814705165,4.341626233561569,0.2747513629792815,-1.2648558308640072,-2.74980723000906,0.5154005626141748,0.03593949852326248,-1.2621346073254618,0.014337235984876136,2.029714294746308
-LpXXt4qUPxKfFR6w-St.-LpXXxjXMHMbHsUNG3OC.-LpXYLIseSAXKNeEUH7H,0.20027867317792525,-10.494568370829166,0.9976534850783543,1,3904.6617561123544,0.061532406563942446,-66.91200224071329,-3901.937602154335,0.9850253514342402,1,-0.03642527574016491,6.264041390822321,0.9976413542502794,1,-5.288058722995097,3.067292138308579,0.11261583870359962,-1.2468730655746918,1.9454176700330665,0.6509430303960843,-0.9506892786261352,-0.06681849346814639,1.1460182548832558,0.8000459567628966,-0.10437051866047455,-1.2595904287030741,0.014002498773417062,2.03423634040311
-MrWMcBqkBqlw5NMQFkQ.-MrWMzdYx8o6uIfb6ulV.-NOJikdJaCxLBOCvKFel,-0.1399915070350939,29.78723611572729,0.8242570831427313,1,-26.50899112959899,0.10282626914199032,79.51745761873448,25.64985929753421,0.9998098706928168,1,0.003452640398124318,-0.7552354535984953,0.6572905502178377,1,24.607426467641126,3.3376327119636087,-1.1152961327303523,0.030425244441363297,4.163272805794341,4.864078368978896,0.8906676953373623,-0.5227794604238727,-0.19414926495657994,0.0935456623602044,-1.42204178503251,1.5112323173871687,0.004280109454617602,1.5004992438267153
-M-OnrHA0wmu3ymvKWA8.-M-Oo9RqHfWyjRggeAS9.-M1yKt59aXJf2DkH_29j,-0.07219449022067703,7.393949254941124,0.9961292573499907,1,-9.217864153237276,0.03787167466507816,39.53208989939939,8.89978488330865,0.999857195982021,1,-0.025178814353117973,2.92015123452627,0.8962770788579371,1,6.382578661481007,0.6043732287860298,-0.1606178505286449,-1.116425799939319,3.1762749559048205,1.1371429486990519,0.15156904013468464,-1.2303378795396984,-0.013159305215083003,0.583525817631113,0.7781542515783452,-0.6910099744936673,0.007421886537277361,1.779821904449391
-Li7Gw53VbA92RZ3ABZB.-N1glgPSQZYOfWaU9QbV.-NjfjzWZsDxqofy9NECZ,-0.025450782250853177,-4.223873615187116,0.8534305269481629,1,3.8248902806425003,0.27759273152465164,93.88968320642415,-5.637555902337804,0.9929382500544214,1,0.03564544103661038,-5.83793598529188,0.9964327782466579,1,-5.165983135631435,0.5959273127962355,0.9381427469541247,-0.4136069437384968,-3.297100403991753,1.5634714075864649,-0.4076683487884044,-1.5678491943081296,-0.04570046735946325,0.7831595362256455,0.06320409463340051,-1.1511311809324705,0.0027422643842807304,1.171893325066931
-Leujocx_cjh-Ci6MrBu.-NLUo7sNx6hp4uSLWSwI.-NVcPC5P0Fbi_c6Pwc-g,-0.041597349238609915,-7.503264503047875,0.6386475236540574,1,7.171034893764045,0.11717509479540447,94.42587621246841,-9.972759845426939,0.9990413049219528,1,0.08285463429654194,-12.366149438467327,0.7301846269722508,1,-9.042478743153001,1.127046767266281,1.1858635998109743,0.026845008882376842,-5.73685851005344,2.1652765615385507,-0.2645478681768498,-1.4347185741261117,1.1011606758932215,2.1388258338575947,-0.04148752225162488,-0.9588909324562014,0.0030141712912804745,1.3292047234773674
-LkSxgdWu3mrv0klTuuT.-LkSxq8ao9-5yLS9f5xw.-MoY7760wOhjAWkTwVmY,-0.07612575350691775,7.253278085430175,0.9986782486350145,1,-7.165055769889988,0.04656062748831049,51.83530331018647,6.736039362591987,0.9995723453234096,1,-0.020060413168107034,2.1684769637438914,0.9022642992260828,1,5.921004210772663,0.789770803924787,-0.07992343974054286,-1.181891787022861,2.5085787697331994,1.0936196933208244,0.132639392076458,-1.2652439847847878,-0.3089332542267134,0.4633699632853483,0.8643387551125163,-0.3627553686387337,0.008472057547320368,1.9426364593939451
-Lhi_hQB4d9hP668bC18.-NJnbybnfglLVaLUOmiV.-NaentnUR_lrUsdJ-MWU,-0.08021238773553546,13.060333140726193,0.991365699973252,1,-8257.859599421918,0.014095337872681205,-398.9068242782103,8254.14055295364,0.9997312742691666,1,-0.03355291604922501,4.979698227979807,0.8678683821461809,1,10.092574090971715,1.744015629609834,-0.22438430898284675,-1.1579043052792324,3.769612508398229,1.5152349903159312,0.24468677077713274,-1.1064992297636236,-0.4732657431499076,0.7901269303373019,0.8199520650962648,-0.6965857256418788,0.004842521544044747,1.5925847709066412
-LvKDAzdKseS4GpoC4iV.-LvKDFpWHQ-AyN1HHb2K.-LvKDL98v61iLr_YIw60,0.02096088113831533,-10.437090425646021,0.8600056263586677,1,15.16085620875079,0.051168439294588586,90.41942713020055,-11.103748575861182,0.9978016086265459,1,0.02294459758737044,-2.363675196395613,0.417859514318613,1,-9.90226211336538,0.33950911592283745,0.9060956073620028,-0.5211065928549106,-5.84184014717643,2.3571169522004287,0.24420637460065972,-1.2146375471120112,0.8380223563536504,0.7799306898902393,-0.5056274040447211,-0.8380100314875389,0.004556468472757401,1.4350846532085044
-MXBVcEIvN-sNDxnfkvo.-MXBT_QsWdJTmoWlK2Lt.-MXBUVw24EV5KybURzg5,0.10673270974724303,-8.388891017769774,0.9841846750506776,1,-1.7635767633879882,0.2815946617650957,108.02843032600921,2.2210448118699464,0.7439430058210261,1,-0.006385309554299834,0.6078681453165455,0.30167238179326195,1,-4.439664131744192,2.329016837886073,0.1814061721277613,-0.774145521635413,1.638988666961938,0.7938737706877232,-0.1089289447887919,-1.3924879077632601,-0.42976789958753736,0.2549390063045513,1.2667187601318162,0.5933953886912491,0.009250923773509957,2.1971580986414585
-LwNFu1ENiLuw0bE3Z-m.-LwNF7qD8sfBG7vS9522.-LzM1inU03u2Rj3ZiTBM,-0.05765278332331203,6.82038140805545,0.9984578357424034,1,-1170.2789429091167,0.025546543886009573,-161.6166040025117,1170.1048416933522,0.9990029856393379,1,-0.012343311836962467,1.991582473910144,0.9460763768076231,1,4.6871313262455505,1.2490365671440877,0.0031452172609675085,-1.3054999783053047,1.4098201195452476,0.5758819801601816,0.43740275148771113,-0.9932265624023504,-0.014196159509065644,0.2785197412349839,0.4643470019882447,-1.1108730277421452,0.005547829197856657,1.7028901338418696
-MTeBF3C-2_g29YeMrzx.-MTeBRqXm-UNovoCB-yi.-MTeBmqYS9C69THNyefw,-0.12963897519695955,10.664387932899066,0.9958607317414628,1,-52.93821879654283,0.0005888947565299039,-6.200775517797162,28.30810445947227,0.5499299651096001,1,-0.020732190304751597,3.069617332234695,0.9440876771247265,1,5.86771111786155,2.8125786732253037,0.008540265073906986,-1.3766186878733908,1.0155992900767956,0.15207500728160442,0.4610280342677909,1.213785332292078,-0.2994958657797636,0.4682707412356764,0.5085932740505794,-1.1394888327234969,0.008592895597666668,2.209331727614966
-Lulbc87BHgXQt7DhxtO.-LulcCd8pZWeViElszOm.-M01wkTD2ri9YqwD8LXJ,-0.0997162713579034,14.569098781946959,0.9634317212188898,1,,,,,,0,0.037604878157974087,-6.47660933119108,0.551819368235925,1,10.879057743027243,2.1996779571023803,-0.49514891630541114,-1.0202922227517712,3.548108252707227,1.7806287922024577,-0.3060321618571627,-1.0924005292180867,-0.3652708509047045,1.116286711244103,0.1965719912453556,-1.295613455796418,0.003986631664245411,1.4397408072015703
-LcfARU6yMZ2m2s6CoLf.-LcfAbCowbrOLyP30POn.-LkXwhZokC2Iobx1iBk9,-0.24964987441077285,12.654185048103601,0.8492865256038785,1,-11.577661091662744,0.06012392148476283,37.06607366486326,10.683916042044281,0.9998276297693296,1,-0.011913825764372277,0.4150256291391584,0.5935319409029991,1,9.219469460238493,2.464259253787526,1.0778498762206372,-0.17806866341991423,2.5869717499247002,1.919691902102013,0.3748205723784427,-1.1537167295180826,-0.9729052050099426,0.3402651777124644,1.362034316123414,0.7085923195744166,0.01484771626051884,2.5434578058393065
-LigeHFphMxRCPevAukf.-LigeT2LC56k3xSroTo6.-Ligemv3KPpG-DZXZS7u,,,,0,5.014598121899861,0.08508597695455355,22.240393896786852,-5.258579562280871,0.9997078408378738,1,-0.0021106318416673894,-0.5962058293045633,0.019458359206875997,1,-2.5728938772784953,1.2731296317307275,-0.08518850261034006,-1.4026740421291561,-0.7792891540824922,0.3442432269349473,0.35317882258208066,-0.20810723720917723,0.007758973937952845,1.478753284507215
-LfT9PcuzeyBN4p2B5D_.-LfT9ZUhyem8y37kNU5a.-LhEeYhz9E1_Yg9aKFcP,-0.13010149729623688,19.60654837926033,0.989520605582092,1,-13.544940268081351,0.06869077213385887,81.77202381479073,14.162760605609757,0.9997141326252665,1,-0.02704408797677508,4.06693921940863,0.8819737628909238,1,14.792040395624538,2.8301657462105947,-0.27055821084119236,-1.0467821431480624,4.253912800497801,2.3406740587010306,0.4865102989076381,-1.0708574237678647,-0.3278669473840593,0.6322743157048,0.945953335794351,-0.2766412656303343,0.004946554522966218,1.6017060341748939
-MROkmsNd4l5fOTJ9PT-.-MROktPij37cL2mmx0zn.-MW3QA6T4tJ-Mxgucl-Z,0.06424885121859923,4.337980791930868,0.9849772342405791,1,-8.242134876305203,0.08506952103921585,105.26506703948803,9.466562695739372,0.9989995912708348,1,-0.05390692938375108,8.118098996656508,0.8845036720930011,1,6.714883426761037,1.4023312181057124,-0.3249885457281182,-1.1055244387728875,6.087683937451499,2.038000025021021,-0.21736418218537054,-1.3462300666493698,-0.6417157350584958,1.2572723608289325,0.8747120068888509,-0.4942838732949473,0.0024584466801604865,1.11678321239755
-LcjaVAtjdqydGqyIyQf.-Lcjamg6CVTQtyLkNgmg.-LtOt42E-7BaLBooWCvS,-0.08611891655223514,10.973758482967519,0.9522885734700288,1,-9.415080903067555,0.056830162722662225,69.81781619254572,9.300586617286822,0.9994662341287951,1,-0.005009381533850212,0.6621216791334165,0.6145212513014453,1,7.787587905796161,1.910357900059229,-0.5225707727531903,-1.0873764343495984,1.6254016096782198,1.0746056585374055,0.5723604611060247,-0.923509802802891,-0.15187496492423194,0.14043525789066108,1.1003229302549584,-0.11498661796357412,0.005067915788578246,1.6555362947249959
-Mi_UgYjBGSVkOKeZ-Qu.-Mi_UvwRn8hIK1dPF11n.-Mi_UzpUC91o9TjJJrjz,-0.02846358445101454,-3.0301833166240923,0.9875175206895316,1,4.633369478948393,0.14481605040320558,112.0793172558048,-5.696256137947144,0.9906370704696166,1,0.016134602354890958,-1.0103928420661914,0.10366658079464208,1,-4.083523911314064,0.6201180416021869,-0.22612293997970367,-1.2701183428877736,-4.449865349616568,1.3062661493387577,0.7588994524424365,-0.8152769462250746,1.6112616032815748,1.1034905935305668,-0.8779097015549643,0.3969916923146828,0.003776740902438707,1.3979216836479118
-Mi_JXKiJW_18gMqqR9-.-Mi_JgNHXyYV551JMqBI.-Mi_KOQcnor5QiGGlVnL,0.009884793050245477,5.388218706407466,0.586679689633765,1,-51.038010512176825,0.005549295934813225,250.3154943296475,18.018032625149512,0.9995686622637707,1,-0.048767962012998066,7.426202868144498,0.998904307927063,1,5.6058835059957195,0.16747154823032095,-1.305373709981382,0.5328262399302672,4.3108111087687115,0.8028064908046058,-0.04508715565935203,-1.1961051920100365,0.9646214542715107,1.0706196459674395,0.0857037389776135,-1.170531349826499,0.0028075228322782335,1.0344352998852155
-MXBVcEIvN-sNDxnfkvo.-MXBT_QsWdJTmoWlK2Lt.-M_ZXYsirqB_shLz-kpI,-0.02394017761589476,6.806552946225645,0.8019205580191404,1,-1925.4546249527825,0.004405963632019788,-1009.6564589032187,1913.7521669177868,0.9986300536007274,1,-0.03176662788080864,4.7714131978716665,0.9303695839140347,1,5.920960827347183,0.5781273747420167,-1.0179165345598562,-0.20433612301213477,2.744070984435563,0.9111930790199922,0.0766157860862539,-1.1269620514685417,-0.3909031701411791,0.7225651133084643,0.6453266823253853,-0.890333153622048,0.00419384033018544,1.4880017984583582
-Lx_WYtU8xSK1GPNqPU2.-Lx_Wr9XNHGK8Zxjl6lG.-Lz6dyMd4CgnwlDb-uH8,-0.01733693814684112,-0.13498496593646414,0.9415433929545063,1,1.0776246107287641,0.12388238482382002,100.60939959403201,-1.2297293383684071,0.9982467253615712,1,0.005611201743135674,-0.7213243366350897,0.8595462301748935,1,-0.7765271395547919,0.3864917611218515,0.4895614404098219,-1.1957192266264571,-0.7125956241576116,0.3456407400555615,0.06220165215496372,-1.5297707095447974,0.19026816837463426,0.13351135903082478,-1.1204505798234574,0.5609861500678495,0.002740436802754757,1.1245634195373346
-Lhi_hQB4d9hP668bC18.-Lhi_pFqfsm7Fzt3bPH5.-MznQey2hsxvFK2FC1MO,-0.10143149062001044,13.909711393823567,0.9945438052726829,1,-17.40561895610912,0.07567859223433394,27.151214840820234,17.272697629749928,0.998476610449504,1,-0.03290255641218098,1.8365279234467131,0.7958522080013946,1,13.300467442989834,0.3815073427597915,-0.20763975061241727,-1.1879934441372457,5.972400394092375,3.738176511931642,0.33575937348745827,-1.2495456546905175,-1.4700727423700577,0.8093747034142826,1.1798397227519062,0.17436363319794213,0.01327131405058695,2.2627872460809373
-McO3KQsI2TDpRFF32sm.-McO3SOvBKHYifKCNe1I.-NgrdHDPJFKH1wwsPplx,-0.038389443380517196,7.609458239785315,0.8220399794469285,1,-6.056333559482359,0.07219418406811325,76.90803431108338,6.448640547221669,0.9947796891990374,1,-0.008809602174519204,1.3263238068370322,0.6569860219455668,1,6.188823541641899,0.9163939547157212,-1.1656855511094495,0.16526961204393054,1.6541861267571252,0.9225711785118571,0.6293162890286617,-0.8888913705200694,-0.10514269149141611,0.23899962252049206,-0.11080520669418269,0.6262568492946237,0.004558480959695924,1.514943748091913
-N6vitc4vNxYCwa0LoZY.-N6vjaXKWfgcclh_yLy_.-N6vjmke4rcRUnmGg2-a,0.07820245396840453,-7.37058877717547,0.9996438867084266,1,-1.2377166828736184,-0.4269231510726685,83.70669078347944,-0.2240665249218588,0.6451370877713307,1,0.0006410564519931938,0.0674591266516068,0.026409054137411014,1,-4.476821561154981,1.6930734138879036,-0.025973482567538102,-1.245368361073509,-0.4533170128441164,0.5101996991564365,-0.22971455924778525,-0.5780840577484438,0.17305121563182216,0.09334035612815632,0.9336205092786314,0.9065086815851697,0.0079239223564641,2.060298134441317
-LnHernN_fpHMmekEDg6.-LnHf-cbftVM4CTskSYH.-LnHfMNv1OmsaPFoRDZ3,0.08361899144214717,-11.380335153771615,0.9990487217607468,1,3.5479393181707897,0.17051180621661577,91.77728850904498,-5.011624555429525,0.987004863707844,1,-0.015450151601289708,0.3423394148716776,0.9153428383745059,1,-8.286445119455703,1.8111909136613111,0.07376482019570205,-1.1799119861496117,-2.709853666656558,1.2217532584435948,-0.4872672222652766,-1.2894895858102895,-2.167902283639337,0.355683438325201,0.6804634701661196,-0.277525316502524,0.0024137096794981092,1.007552193576498
-MneABpSu1fvTbjULt3D.-MneAL1Ko2v7slBwUayA.-MneAQelNYhq3Tr478rc,0.1667575122277729,-12.30416666474821,0.9957918067062641,1,1.1060119654501566,0.47845411208437183,79.01978334447695,0.41274757511426774,0.6504147691529578,1,-0.029070157587232526,4.720093500163829,0.9984015463252961,1,-6.134412960338376,3.6174922998875894,0.17058753674887903,-1.1754293402272342,1.413987571744999,0.30096338121206834,-1.0454304630055782,0.6635736803696792,-0.0038349324293028507,0.6384922239450582,0.042501144851306065,-1.2680941797333043,0.008752922458024061,2.1010322102507164
-LeGC3EwPfb82NnUGMCl.-MW3t94S9XWaxHdJ6TRc.-MZvU7ZycmCLmbbmwHuK,0.011678380645444575,-6.646225577610346,0.39108068221396863,1,11.338118132753637,0.059953877936648095,113.36281452282734,-6.201561270494504,0.9993100689281229,1,-0.017222931762075566,3.726571199822627,0.6998073885175446,1,-6.213518930087646,0.404857878187606,1.0434332541462261,0.12651171482761692,-2.4614176597979553,1.9712016610355456,0.3267818810598881,-1.1721507725757008,0.9270285364451167,0.4739018112815558,0.2287189071024714,-0.9513432421464887,0.004041825678801922,1.368456336314187
-MB36N6_Jo_H_Xp9V7-e.-MB37JPcRvm_osel5rIj.-MujVwxgTvEnS9FscMOJ,-0.20945268632178093,16.13605139827164,0.9914816770695651,1,-5.916637262719864,0.19971865067148656,59.463217529925295,5.639155056445131,0.9954172225985611,1,0.011980898105615341,-1.569654565559988,0.7163542036368835,1,10.900316267179026,3.0968538543217137,-0.24147367507771927,-1.1703877409364551,0.8745339404013573,1.5795612216801362,1.2175740340742205,0.08489605526319455,0.08875666828436313,0.30965396871558637,0.9296639207162162,-0.43739900982302604,0.008101507836746112,2.0160821811994087
-M14U7mx9_PykEJ0INSt.-M14UXbmibRqyk-dpCpG.-M3ob8c5UlSjgD-RWs2Q,0.0639047973512279,-2.5866955719770557,0.9992952592826448,1,1.230690872360258,0.23545580580464576,55.417079846925226,0.248801204112941,0.951815855441613,1,-0.017761501520588086,2.4252140522532155,0.7973100228271893,1,-1.1793829091496495,0.8296705964051979,0.018032872647846254,-1.1743146040840693,1.2028499602537632,0.3903503114105693,-1.0006452060820044,-0.3014927336151687,0.0718939994189614,0.43613719280602886,1.0227661695561587,-0.25735474494998467,0.012236737334911785,1.4443208574055886
-LqAlBMdW0SudzsLML2z.-LqAlFESFzQexx-7wZi5.-LqAlYu0kv3EsSF1gEmX,-0.018663551478542748,2.8897956415198527,0.9605175697212615,1,-1593.8269456388,0.07200091665761736,-32.52582561947159,1594.5129672585128,0.9824567202928541,1,-0.015453095838091943,2.5455035435490956,0.9849705128387228,1,2.199060489661996,0.41275920306646685,-0.4409082193398305,-1.0149833254549978,0.8802011260987963,0.18609238440837184,1.168628982462634,0.3257483702310431,0.034490960325191236,0.34122617304427894,0.28597359442422243,-1.0746600152227384,0.005185544105669543,1.5895839108932077
-LsVlMLffp0SgAp0tEX8.-LsVpvvNc5iRCKfLMuPm.-MQVxGtHyCe7Z6VQmYB8,0.0034270716716862104,2.0395594448191625,0.032383027055013835,1,0.46926199572614485,-0.6380494479125828,76.93245553964945,1.0576169945663818,0.7121657273573393,1,-0.005709866873823133,1.326536829762283,0.225250192146788,1,2.1602312967263106,0.39997820847330673,-1.2365471500111604,0.993912583836194,1.108931378714482,0.14474720779952804,1.0556191071556993,1.1465970000500292,0.4156487556391311,0.2640256866122721,0.521272951562789,-0.9535076641125726,0.0011933230498228893,0.8442652987255015
-LcZt1V9x2eGUfCCbEC2.-LcZtH7m8FBiB74-Crva.-LcZtaSvka05mu-p8EnM,,,,0,-4.674991532124636,4.369187715775106,-16.56809063891004,4.152053920381425,-4.440892098500626e-16,1,0.0029119075334490116,0.2878883027097069,0.006497661528583887,1,-0.5222224099580526,0.9190446495704812,0.7501247890883697,-0.9561769779723241,0.500221534656769,0.7991621040770656,0.2252246875317508,-0.613496334952714,0.02609083502107792,2.464823914448567
-MIwlrO2-BhSr0Y8Q6OT.-MIwm0nfiMmo8ZcZp3VZ.-MQWCkkacyj7_OqheLWV,-0.0680342096397859,8.341037883089669,0.9788128443963078,1,-10.443010182287075,0.03734660150905874,62.066442529876284,8.953973473281133,0.9998302636170976,1,-0.013703560534236381,1.3632522325102094,0.7044170124700639,1,6.63949723059812,1.0113313222234743,-0.20669854149747982,-1.4106791735517084,2.5303919419610015,1.2788221157969084,0.14171388706927313,-1.2335226021776504,-0.5347389163877148,0.3582982075933057,1.2712212111818646,0.4193679275237505,0.00660319069710986,1.7885622120680609
-MHpXA9l-8jNikbWEcCd.-MHpXWXaUD-KG7g20fru.-MHpXapRziB9UCV6Ia_c,-0.034364828959925334,1.493558398570459,0.9727267523370746,1,0.14504675111174983,0.45362845721249595,67.22718143015645,0.3221920762461903,0.7993858688058036,1,-0.011631137324033425,1.3808547412290944,0.9672015264923439,1,0.9099539455049365,0.3523944909743142,0.31672978516552014,-1.336570879485077,0.37212313562081856,0.07163482865317526,0.11918302928286464,-1.330087658614309,-0.04398974824431794,0.2596452884550292,0.3851372933589092,-1.220972060283887,0.015462462346546364,2.6602000952993086
-LwDIOlM_-SoOdQMs-01.-MmbIP19Z3GImJzl_hcX.-N33q6o1tOGMm5kP8gx0,-0.03214418903439045,9.405377766776528,0.9411876926458025,1,-23.164165176200996,0.02663683867793185,55.280144050761486,20.83120760473357,0.9998156809467351,1,-0.020202587646269032,2.878779982438995,0.8581550670764346,1,8.217259812404425,0.7180144297134997,-0.6437083087091345,-0.28287131895791573,3.279274236525258,1.6016217402946085,0.23189280506312188,-1.1674839378794042,-0.4040703586522388,0.47808578808563434,0.9970614785316974,-0.22713366617901665,0.004180936778979044,1.4444009546360663
-Li7Gw53VbA92RZ3ABZB.-M-nnzs_CQxmNYcgiTb-.-MZMbkfzWm5H7gqTeFOV,-0.18298587671046795,21.79266626282951,0.976516493626532,1,-9127.281256467033,0.06927685120713813,-30.610924771029136,9127.49991077387,0.9994829327659792,1,-0.009287264030910802,1.5239948308870004,0.94915264640096,1,14.997919733325025,3.970792166255446,-0.22117205738035922,-0.9557027613548614,1.9737430489280197,1.612118347598374,1.119666764627441,0.20261157285582998,0.014973198518450522,0.2096403606774977,0.4750725669827446,-1.1398380209017318,0.0061988854360681385,1.7607851294091632
-MsEbiGjx7SGAQ4x_uhj.-MsEbuovMjA99Z_1HoRL.-MvrnkldzfodjUe_66NF,-0.019063307557362297,-1.8183827394499819,0.9745278853594531,1,4.831746849842992,0.11920276767648919,103.98574921926074,-3.365422678168141,0.9964789151054272,1,-0.027963519984906426,5.2188153669242485,0.9359489752302498,1,-2.5237565019675925,0.4183340060684185,-0.03232841786098393,-1.5731327977068437,-1.3384281268757112,1.4849788315363373,0.2487683073079691,-1.4215131434582609,0.6744806671520761,0.6376931845428143,-0.07286208877587982,-0.4236982832163063,0.003689414111711105,1.3399384207835412
-MUDIcWtRJGFt3XdDORq.-N9pNgEs2W2VTgnPNFUV.-NE5ICDQergiQUDJDMk_,-0.050047220929084535,3.2713125610974876,0.970445345726393,1,-3.3225257204407055,0.08197095695384606,34.51885362668538,2.9452407515201227,0.9975307008548179,1,0.003952673331709788,-0.41889726268793237,0.5916462998677776,1,2.54497909346395,0.4411611149318842,-0.39689831042072576,-1.191430351695302,0.3486534290091722,0.5758050396361547,0.6827323275257571,-0.7888270907818646,0.045440163476289167,0.11362922685975352,-0.8690864067260773,-0.5617974739192193,0.010639487456011145,2.19950282039972
-Li78_-q6o1fQuak5tjs.-Li792Lr928udbQJoVff.-N0F-x-vcHp2KgH3b2M2,,,,0,0.4586219291992122,0.7009185820515297,10.636314346522095,0.5307243183780023,0.427620924409862,1,-0.009378555109447807,0.6731482034845269,0.8083825727882343,1,0.8805009988122923,0.27301041196718845,0.10663168241097551,-1.4097249679235757,-0.11935517142947848,0.2316477966375886,1.045978185869418,0.4488591814788849,0.009602478330903113,1.6633225483230247
-Lhe7Rr0kRFC2_3jT8E0.-Lhe7ZLURi3KBGWKzagL.-Lhe7kfyyiTXDduEKjAu,-0.07747594330546786,8.03912560677297,0.9987226849313562,1,-6.465174098645338,0.05120278910011715,53.413140122369384,7.014903018720309,0.9996430952437544,1,-0.022769477157519757,3.5038561988290655,0.6663064681826474,1,6.644763038725501,0.8292633211323486,-0.08742325145369753,-1.1589338159189115,3.197391506719427,1.0727423531741886,0.1491948307133764,-1.2658404641582706,0.6688647784304096,0.6134340704549703,-1.0332543892057953,-0.11444342044890288,0.0060728182548576886,1.5344864058231358
-McE1oz7o-gH5vQsbCKZ.-McE1qL5j6GA_l7lyo4G.-Mmak9pHS_gz8i0Fzsxy,-0.06271759741908878,20.307260626984377,0.9386911170148544,1,-9313.753725307828,0.09101005655571623,2.1678985346764534,9315.22735798359,0.9939821706495693,1,-0.02007561241756051,3.6422354354275694,0.9891355330143754,1,17.986401562779665,1.4019229079437927,-0.6977584322124485,0.057852188651887015,4.273769756580129,3.2283793637915923,1.410278176410419,0.9350829983773439,0.3797652085583702,0.4422441198020212,0.05068587794707547,-0.8596060883986056,0.003996484594921652,1.4319622279699293
-NPHEioxpiSR3kwvE0Zm.-NPHEm5wrBqR5kaSgw7i.-NPHF2gyIvF_lxIic7_s,-0.015808045893837663,-0.6734777469038316,0.6748498110190465,1,191.47625817511332,0.0032243733633588274,937.7183429180656,-12.313589661489733,0.9936963475418229,1,-0.017038704664317988,3.3846108662940986,0.5113603063655179,1,-1.2584361310448244,0.41656210401433585,0.6240571592359485,-0.977137624463174,-0.2761744319928359,0.5262054577473332,0.041757554233145984,-1.1964244873437868,0.6159753026511051,0.5256696669731868,0.04542862938499667,-1.2158325743022347,0.004782321964484164,0.9007835213026839
-LiMpCaA24H9MjEXOVk0.-LiMpKyjdotKO7FGl0BA.-LleryZMpdbxc82zSzo9,0.00895546416320081,2.697807230903001,0.5425955711799302,1,-1189.2846303037231,0.004811485359635077,-897.2864227085344,1181.2224402778934,0.9988064160391315,1,-0.01409675037632229,1.983073165758557,0.8335890900086296,1,3.029014235713646,0.26395520277421436,-0.6478178157923354,-0.8722924930382301,1.7066913482904837,0.6730670961220521,0.08331999278446857,-1.1527372518188523,-0.3076551328433598,0.3389086018810256,1.0228268510801133,-0.10959494444226969,0.0032192501890913557,1.2815996695050376
-LzBsAGwh23ynWFUHLBG.-LzBsEdYL9vH5jYJC3Nr.-M-nHJ0QxvtLZh-zMjv9,0.021406951807708685,-2.053946114734641,0.9999164603664956,1,1.9937430475940212,0.09000009662225288,28.22313023056044,-2.1783135436306433,0.9993838029596831,1,0.0061543500352427795,-0.5453560705426559,0.6946844116684658,1,-2.0302934910202755,0.019495379863534643,0.06646719276611023,-1.4999999999999996,-1.2047813631993256,0.5281265645284505,0.029028368547275914,-1.429642180197033,0.011816027588885324,0.1634546598456462,-0.6558037812654901,-0.7123281834601913,0.0112635860799263,2.035398874233863
-Lht2eTXnmfpJmP58xnY.-MlP5qcZxRrE22TF4Ibj.-MmMBiedxtF-iXZCdfeL,-0.05183285981928737,2.7132009579214658,0.9990800776891822,1,-4.225143872774427,0.05249916918121797,18.802889646946205,3.8795345159604526,0.9996600737678866,1,-0.005877728093180545,0.3046499361758003,0.3571843482585072,1,2.6341523900206587,0.0576414600683429,0.11535250884121638,-1.3347112811316837,1.3020586812694754,0.7041012715536336,0.1864572662116049,-1.2611296734268729,-0.23158333433985903,0.21788113785928218,0.3764170503871373,-1.0206274434773437,0.014063886266630327,2.2052961349038926
-LqFtigfNxKdOAKfEw1V.-LqFtqM-8rDvc_4lFwkq.-LsM6Lsf-Vb0LOinER-X,0.03716133156041579,-1.0697347589894406,0.9913101006991307,1,-1.601349528151372,0.05975668187123952,111.17736953020098,1.7235701952525893,0.9962894374590793,1,-0.011780391166858584,1.8567237102630056,0.928184738827484,1,0.3050240408966784,0.8076532024773077,0.09695900509172833,-1.3424671791092357,1.1541075078919862,0.28902452762696706,-0.2692129397155824,-1.1967714832292637,-0.057398272818788815,0.2691950925479402,0.6861068398326946,-0.6909392131097518,0.003936939619414413,1.2895489138591703
-MuohO_gtqg0k2r683cO.-MuohTxXe5Rvw6M6hPGu.-MuohZzoPEvo66K-0AZ3,-0.025114978635008,0.415186976418891,0.9787617701617036,1,0.9466128765029759,0.7182289203521433,93.20546856254877,-1.3695703865940758,0.7487424055190395,1,-0.02560291830331642,3.791090090882132,0.08074135506049285,1,-0.5141634495267758,0.5499381662822327,-0.06325758454357315,-1.5238736873064829,-0.7770591111704985,0.5015551081360271,0.24986729243220224,-1.061852751386171,-0.36909449196412825,2.020805537204342,1.8882595583791837,3.2794118934899297,0.02270405325524612,3.4219592530035725
-LnRUo67yQGOfr1rPlTl.-LnRV1KUjTGqgvA7Sow7.-M9XiIAUTOfHvhBy6bGD,,,,0,23.474915800007377,0.021537708450895924,-55.82417665784593,-20.77603712257053,0.9942261670120847,1,0.002836164462341695,0.11197847126851468,0.21254529984373827,1,-1.3341404483771024,0.7655425619871251,-0.1902739831071971,-1.1713539966226079,0.32326568106923415,0.13796988356782075,-1.0936700265900832,1.725937272516096,0.024401750053022715,2.5601456997003758
-LlBEMo2wsK41U_i4Ff-.-LlBEbuAIaFAvd6Tsudd.-LuCtAghlG6JDXD__IQ-,0.09891197903363491,-5.890606470319079,0.9948689707347378,1,0.9558925995877077,0.11584972663237099,77.82359409219123,0.7117384327479661,0.959688475543832,1,-0.031917433519531135,5.538262789773188,0.995967739626527,1,-2.2308648952813765,2.146665079224985,-0.12561736245185282,-1.3303047271803363,1.5191085571181902,0.1668936829991993,-0.9328488404087316,-0.09751176801948747,0.35184694832415725,0.7017724138724802,0.11005143730289695,-1.3136340296158617,0.01119059312834223,1.7669577058900487
-MlncCIzfvXlSdE6UGOX.-MlncJ6aZgLuy5QVF6mv.-MpFyWdNqal6SjQgSq3B,-0.0771296603461452,16.429997868143648,0.5429468440821643,1,-16.605300642812633,0.07719038156420736,69.65089318494832,17.239658396295972,0.9997190576529464,1,-0.021781411954724827,3.1473331829024183,0.8338871548600683,1,13.576145719441554,2.2655842948815414,-1.2357653617253266,0.34829006802884255,2.8236296647816452,1.8640403496715907,0.8685155853384586,-0.4698281711532881,-0.392005990137982,0.523625805879493,0.5957303934161402,-0.91153534051747,0.004077127985834182,1.507041925163826
-N41OWjqm0AC1J5ldNna.-N41O_cR_stM72R2HIft.-N41P2rMGZL89OaJ1HOv,-0.17262987997996554,14.632041465749428,0.9772941317742779,1,-42.6756239411817,0.075396744481231,10.461809127161748,42.64352720220276,0.9975052645768865,1,-0.008926475551082483,0.8391585783878511,0.9563408645770781,1,12.45587452627539,1.2783163167683178,-0.0559133468614795,-0.6667374484665198,3.0418120884421604,2.777261071311936,1.009102687551724,-0.18068992857148558,-0.17409365281094083,0.20084544881727706,0.1615669206079303,-1.3170286375824112,0.011233436413028378,2.20996021634918
-LimCEPj4cm8u6UaR3tY.-LimCJq_owsUDVdRu8Y8.-Mw6SZvarh8o9L0KVEwO,0.008409480185644186,-2.0380648520669062,0.9555058429893468,1,1.1755450661450284,0.08492844942726505,92.03957575921638,-1.6929040340238202,0.9963345665732855,1,0.013595474020953957,-1.6807062466346867,0.3155280022612418,1,-1.7942760113538603,0.14695078381680293,-0.3996129803518352,-1.1480878779888757,-1.2604250931421017,0.2804122314318123,0.31669469261496747,-1.2774045922220656,0.3108341916656869,0.5324129354825051,-0.03470990179614036,-0.9518813592961584,0.0052039338914237395,1.6297301777923796
-MROkmsNd4l5fOTJ9PT-.-MROktPij37cL2mmx0zn.-MVQ6UboCqIkZk9jVJ1D,0.013286024931602691,4.030079358762,0.8396996842407589,1,-4.624332175400278,0.08562720223810777,104.48385741137375,5.1297782724881875,0.9985779294411752,1,-0.023824718418433394,3.49413505323428,0.7812418533382512,1,4.521514880794887,0.31401305820151215,-0.9551658740770883,-0.3467378495766096,3.179476169273143,1.1585958867606814,-0.19068213984395932,-1.3596537383668257,-0.37703477476148045,0.5918232860269226,0.9295099663886788,-0.34397749648928944,0.00282281307672592,1.2112419065852411
-LoTxlrxq8-eTqYk2dMN.-LoTyBmhWGibWHfUaf6I.-Lq-zxwhZ5p4EWAsokjO,,,,0,-2075.7471934978444,0.0056162284350730046,-921.9300646553627,2070.2548874317195,0.9963119597512616,1,-0.052546269121732436,5.862356249950134,0.9998145318533351,1,4.694276795396139,0.8228888644671903,0.11036992176435446,-1.0360163576020291,1.264345442525693,1.153029705597917,-0.008179965486035862,-1.177765629576703,0.005775964907669339,1.2766059306241975
-Lp2Zitht1JMuO9k0Xp_.-Lp2ZsWy0LCBfO3z3lw0.-LyhzUvwTI5KUwJu7_B3,-0.014631504415282715,-1.7007945483742244,0.9897092292150141,1,2.106417643004762,0.10065365599059767,44.35837537466313,-2.1479192579106123,0.9739277473530843,1,0.003124040247449345,0.14066284688127031,0.14362640690409556,1,-1.796939858858767,0.06032421606357191,-0.2606676277145849,-1.3355000272139497,-1.3023861679472675,0.5870359953134959,0.24660549868387902,-1.3360984061017416,0.4574889495047006,0.182010376016409,-1.6459653506529213,2.437497877783863,0.00991862906315044,1.6183955514580217
-MnyeTyNHSzHjQzXaV-S.-MnyecqEVayWLBiTCwY2.-N4W6hJ8C_doOgpq3bTz,,,,0,-13.49425910607322,0.028749071550557673,7.208092053984395,11.17256405908017,0.9999309603998818,1,-0.021439675727775054,1.3824695394396338,0.7830441979020257,1,2.8452549875556574,1.2902356893127225,0.11208171972695252,-1.2199749565922393,-0.4933141147043025,0.5315298889938767,0.9245890693981589,-0.5577157304002691,0.016253080715046254,2.3407239389339147
-LhKVtvaBGb1puFWOmgR.-LhKW39s7wkxN44JF0MW.-MOeRQv8ui3nrlcEbTht,-0.22403688303450187,15.745728771009412,0.9974755332526214,1,-23.15997688325111,0.043344742302107664,16.57134144940436,23.689822221599247,0.9999359955308285,1,-0.041214079284513705,4.778686697720287,0.9636931694106199,1,12.608935325737624,1.8765635657634026,-0.13420886704212856,-1.1764885683106392,4.821590040635638,2.0850424200519284,0.44957167235486023,-1.025046217107761,-0.022787364027819536,0.9214650780620188,0.5089358712601608,-0.9408062185762827,0.00946515074958518,2.032464944849642
-LkTO1CuQrlaMdFEn_ar.-LkTOAdl4dn0YRMx1iA_.-LnGtFcceXckt0HQApn2,,,,0,-0.5399099256822013,0.36571827884216646,8.665869959160084,1.7466006387315571,0.9687761597082748,1,-0.03644241089618263,3.008708545830058,0.9854096162270368,1,1.3258442203337324,0.18222875085794352,1.1230423624313026,-0.09229279557520442,0.1117799103621483,0.8052061350534081,-0.11439121586890803,-1.058745514765688,0.016802475040201357,2.334800298099996
-N12ztQ1CjdoxS8yF7au.-NXP6rmRD36AhuVmJJkg.-NXP6wVyjZU30ga3zkFB,-0.06433344407856724,6.162659159656456,0.9787545003753794,1,0.9093269063310272,1.7187694004107257,96.22608859154336,0.9877433556609865,0.5516359684147347,1,-0.04147871276296211,6.541190257502316,0.9953575677936778,1,3.7820321273896647,1.4082130261974983,0.3493792410474906,-1.1933306546429052,1.5026008634236558,0.604442233315704,-1.1720968442435393,0.49205543645555316,-0.199275934437544,0.9119511719295305,0.157448167640697,-1.2527914687854838,0.00925930566811625,2.1712361264795375
-Li7Gw53VbA92RZ3ABZB.-N1glgPSQZYOfWaU9QbV.-Nm5g5T65N4w9rSAk3Zh,0.004203940946083007,-7.6686254283355435,0.05768601710902377,1,6.234587395650982,0.12025489178908724,92.13200233162084,-7.0109941463989705,0.9992489094856757,1,0.011674872861237029,-1.852502824285065,0.7603689086694315,1,-7.513263639695411,0.3786569624069471,1.013863300545598,0.23243105344013415,-3.0711567758473763,1.8429285417388428,-0.3926326592042092,-1.3483663044332597,0.04468624231693058,0.29342854530976625,-1.1518845235162394,0.05397004761756419,0.0030441254843476258,1.2404956576327033
-LnGiDGrlmz9FvHsGg3w.-NKvj28zFgl3ZKEbqJGD.-NbYM3YpQPhBJw5E0yJS,,,,0,-404.2593780643868,0.0255163941028962,-251.90172003255498,404.0628101553654,0.9786570450246223,1,-0.0036103774397824653,0.10463287353096418,0.843910511114605,1,0.23971119143502112,0.11413115596043114,0.22993267155707858,-0.9903441120283287,-0.15680869544148732,0.0873978320101757,0.9146413420633897,0.1772713670095203,0.027331377409738646,2.4585782784544565
-LsVlMLffp0SgAp0tEX8.-LsVpvvNc5iRCKfLMuPm.-MLl-wAk3A8USrYDzoLX,,,,0,1.9574759305983334,0.13393359840289873,4.597362418082846,-0.9801841245993538,0.9966953487749272,1,-0.02040804814852821,1.6240609573680254,0.974470416884405,1,0.5606743523010655,0.39177594415038014,-0.8802715334107406,-0.39394017994306596,0.08319014281675362,0.4536102836288583,0.3307537334067996,-1.2941716528312623,0.006730281615116417,1.1988211369131063
-Lim3WQ1HgxKNt2gv-gq.-Lim4Dw3Qcgfi3SUInGM.-M8KNLBTJ1znQMAzrv4j,-0.02555155466582619,-4.575791406680919,0.885861255688656,1,4.99800316397213,0.10728417789786304,94.10159395999678,-6.778868715174852,0.9994527606305686,1,0.05666823996589765,-8.063976687515659,0.7490592807752829,1,-5.521694671240025,0.5931533992822552,0.9812161659716477,0.10895676471217275,-3.8125495720225033,1.4319780756253395,-0.26172300738368265,-1.4052357319569222,1.144459154968958,1.436376182100331,-0.8945289145522402,-0.7775595808983833,0.003915231897123426,1.439429070130191
-LhiqvJomH3VtlGGkEcT.-Lhir7NnaPTeuIn2k6LD.-LhirS1QqCWmNCpDA7ZC,0.0445231431836377,-0.9987907326098442,0.9478721926487765,1,-1.4818789688059926,0.08654378437058158,110.67532968374127,1.6997268244336716,0.9937288478571783,1,-0.018388740860558528,2.7426778705021846,0.9363338506736983,1,0.6485027373969017,0.9901269262766331,-0.4901512370081979,-1.136860197426118,1.2141717824792382,0.3414414561626018,-0.41082069580142283,-1.2207099931389593,-0.2453939187108133,0.4170926536707999,0.5330894016702252,-1.138970841682354,0.0038747677517173844,1.21828195490178
-LlBEMo2wsK41U_i4Ff-.-LlBEbuAIaFAvd6Tsudd.-LoUf3yFdQw7F2bN1B2X,0.004301097864070624,8.463623959306432,0.18153808768008062,1,-29.668733719982217,0.023735522145130153,51.047038077393054,27.065651630761593,0.999753445863943,1,-0.03116659190017801,5.01012153042592,0.8667869375147559,1,8.62259399338687,0.21909650667380418,-0.8550578488202809,-0.4753302822435286,4.693488908282604,1.8555042628573433,0.20691058798879308,-1.1718247721988067,-0.05422344563120431,0.7340284384204977,0.9537460695403365,-0.3199722409388417,0.0029140261188240818,1.1938560350953555
-LqFtigfNxKdOAKfEw1V.-LqFtqM-8rDvc_4lFwkq.-LzaXeuHWnH_YhG7eIu4,-0.014185635990022316,10.868914704987182,0.29606581650228847,1,-16.115954451308287,0.05702821106620646,80.29169142676801,15.22107738938051,0.9994420959142634,1,-0.005414623689013576,0.34964381035593217,0.38194386904959265,1,10.343870130556478,0.5641900376967681,-1.655251325480011,2.1729273192602996,3.5956340438484524,2.4462343311115675,0.3993890101893199,-1.1294608780306719,-0.5302705920032627,0.1926523761684119,1.8838996311814067,3.0916779560074232,0.0035636727769846276,1.340384835522707
-LrEOj4rqH7ZBpA0UNkj.-LrEOytkjv0CyFTCOSXH.-Lt-_fdo0YXkDf_0DYz9,-0.04866895599499643,1.3591741224466807,0.9035641385937832,1,2.620842752431527,0.3719936392556775,94.68739764335332,-3.215467488201577,0.9613221113602283,1,0.005288480447649574,-0.46700932828429315,0.06327941576735818,1,-0.44129815647719683,1.1090887842624806,-0.6210641188170272,-0.9975371002160673,-1.6529775357715628,1.1735897287635295,-0.3992709824005996,-1.5774739316591198,0.38896127435427263,0.5031808115847192,0.4211192078354491,-0.6925365517369162,0.009204430803325152,1.9911514052452441
-LcfARU6yMZ2m2s6CoLf.-LhiLyo332AVoAFcUndg.-LoU0rVOOmA1bDIx3zLF,-0.1904222962425116,26.853002587844845,0.9645688292154185,1,-13.071690071986245,0.12370262468469989,87.37182402152176,12.858814099708393,0.9994586629758077,1,0.005781196351125173,-0.9841985860054754,0.3531834757014155,1,19.80770385475217,4.198334260517258,-0.4829819921973648,-1.0202982539044771,3.522476740732368,3.493135501374982,0.6663681797970321,-0.9950888584646274,-0.0454847491122021,0.21831728515242035,0.9259971735916597,-0.2538623861155731,0.00488029268100445,1.5947899294977699
-MmvuWo2tXooeUEt9Zkn.-MmvuauDH4OttJfLfl91.-Mmvug_IIoHf4pzhMCcj,0.012900057397685506,1.3486030965791969,0.9942155514718692,1,0.35359696795955614,0.4215684864295689,14.671208477629209,1.4527375308397439,0.4203418045457896,1,-0.031787902601029774,3.124058215190754,0.9944589391518639,1,1.3864499402896064,0.02785248416121131,0.44311164168568085,-1.1591944820100446,1.748484678130963,0.16461237651188587,-0.3218152187380942,-1.2492297650120812,0.11999032389199941,0.6985146903259224,0.18976799866576227,-1.1919163260271748,0.006410966662028738,1.5231720551678736
-LdsDCLVJ9GKDhOv1RCJ.-LdsDHiElL50x-mKyIiC.-Leq5oW2ivQbUC1LbH63,0.00438441120632882,-0.8703570259202984,0.7188057668446174,1,0.9254140337810394,0.25970061828788704,90.36033945714334,-0.32901658562100145,0.9807624880151393,1,-0.012923934298116446,1.8643372597636811,0.8465288938118316,1,-0.7082163357703503,0.11226305340994397,1.2901870279175602,0.6010021184063072,0.3015586939428292,0.35208040197898355,-0.6579994649232599,-1.1573778323448045,-0.2356208705504637,0.30849088031328775,0.8362361389640247,-0.6396302666609763,0.003950223206634688,1.440575995030727
-LiIGVqcFTTU_qRCRe_m.-LiIGw_v9C8CeF8ppOnF.-LiIJClmEW2hOiy9tXQl,0.0076578338958150916,2.1951675625084586,0.41889496626974787,1,-1.6294361643509085,0.334022850102863,77.52414608160728,2.254844265405556,0.9991065328071362,1,-0.02489296537788266,3.5661450276666793,0.9622204009971512,1,2.4021790801001393,0.1873169480386945,-1.2579771332380205,0.4744436694122136,1.3759676091912612,0.7084635329126437,0.1528263996062172,-1.7993082699039409,0.01876339632597098,0.5569574308803703,-0.3048766849743744,-1.382158150582962,0.004529949590467315,1.5223299149818266
-NaBB-ZzQQZNe-6t862h.-NaBB4AGWSTahc6MBnlV.-NaBB9clJjsJe-BtgU5H,0.23347228849751311,-26.228471195239127,0.9995153109540061,1,12.550054690446798,0.07585808253841012,93.50000576658168,-11.251400474751106,0.9994790102378313,1,-0.0016972267297397092,0.9191613203422345,0.04512254617038469,1,-17.59002436638832,5.0560027980957845,-0.05356631737283624,-1.1856460609001205,-3.8722737452043963,2.8619939821800107,-0.19789725717019568,-1.330533259882365,0.6435866409803234,0.17517840804589094,-0.4731189901728893,-0.7316436246789975,0.0061373599158472516,1.7877780095908165
-Moh5mqOGpsYy_5lzQFG.-Mpur5cab91I7PCUGxts.-Mt2eNP_kEPvSW3pFO4M,,,,0,-8.400782744743683,0.15537089830386924,15.801231430302302,11.178253102330643,0.9804335789639373,1,-0.03653388811055058,3.1287182374493443,0.8039948136700767,1,5.820216450775698,2.71523832107573,0.4960248363166392,-1.186008878234421,0.07828547804097731,0.893821470163545,1.0706746209678857,-0.15661091731871712,0.012612421990948088,2.1951224013476205
-Ll6cs_2_PISse2tMbIY.-Ll6d2JxKsxCBH7cEtzy.-NYvl8Isv0BiBCqgcige,-0.020004684382535665,-0.04292651494775246,0.9194855461067684,1,1.1956936386740349,0.11774883397788324,102.09470122624691,-1.708364882057765,0.9894415692181784,1,0.003885381920546882,-0.06130862744280652,0.011840290725616098,1,-0.7831078693635023,0.45193712457887497,-0.4659824982380848,-1.3237470388589239,-1.166209667836808,0.371690690198312,0.12222726693554477,-1.4502108646968697,0.5698628007103835,0.7887003601078051,0.7789974253237685,-0.46575369593547267,0.006053243284349764,1.687726676758205
-MedmeV_zcoehIZbTGFP.-MedmqLOEbHuYK_dsgQS.-MhN64QGEOEBhlazNuUB,0.03679236570769884,2.78900309667169,0.8542673968603895,1,-5.0516365844023605,0.143298440069482,89.26939453677959,4.991392847836708,0.9992857744520258,1,-0.05965619281478496,8.5073757067936,0.867015161551541,1,4.150400778935608,0.8626133495449622,-0.6397045587966179,-0.8019128060084189,1.5080032656821192,1.5185152251603629,0.62604582381543,-1.1135723122966033,-1.1871396745074834,1.405538688656671,-0.5273430224654848,-1.4066810172920914,0.006798793116659351,1.924616033577466
-LeLiaV_6NrLdFlMbLi_.-LeLiiv6COUB6rvloOYx.-LvofCTinDNoO1soc309,-0.013504187758566877,1.6756086382116864,0.9689198131891847,1,-13090.686601759691,0.026519414237102183,447.08868555602476,1.3281026420265984,0.9412258127176726,1,-0.012315674559054024,1.3834929824650257,0.8917665154304447,1,1.4660143085022388,0.1260874973376522,-0.24736239696151224,-1.4625227564112289,0.8812220799380528,0.17396240709444,-0.3203679948767817,-0.5319669300384975,-0.0881511716335456,0.2865278893571607,0.6695554939736894,-1.0597295133358509,0.007632524389484293,1.8485568184307337
-M-nSsF_i78yWKTU6Jpi.-M-nT7byCCsOazYBWWQx.-N7FID01-yuZ2AZHYjMw,-0.002416817857720188,3.7587481683141912,1.0,1,-5.029835696541058,0.08986357622422728,16.114800243869134,4.996292922958797,0.998705428217791,1,0.001940119018393971,-0.4612717634879042,0.01778337867206825,1,3.7472746559466517,0.010147420526452233,0.0,-2.0,1.6571400948889654,1.1989619113724164,0.41735271713170774,-1.2188229205643655,-0.28742439866342623,0.3195186422875344,1.0775592085476058,0.48964813392252093,0.013085688535467216,2.151856981687092
-LjL053LDwz53ECJceWS.-Lo-r9zciba06Hi4D04j.-NoB5A7O_IbQyAyhS0qz,-0.11410331941277785,8.613674923828592,0.9762268410787478,1,-3.574862303336594,0.22628678969429572,51.323961265469585,3.5865874338268364,0.9916873730090725,1,0.0009453238459771196,-0.006824103040863783,0.22709153835343843,1,6.27487266146958,1.4013110109031093,-0.40169239687316843,-1.046864835551859,0.7464594341025961,1.038506932242597,1.2004180748321445,0.019662729315531813,0.11569137173996928,0.04643290091382507,-0.10295413673052775,-0.6845977705560999,0.009021454125345866,2.0777563506107115
-MrWMcBqkBqlw5NMQFkQ.-MrWMzdYx8o6uIfb6ulV.-NLe_HU7SYLZhowHFHi1,0.02368363459221751,-7.0856303652111245,0.926133916170276,1,5.679968258449402,0.13316803598536125,55.285110393694,-6.608142879114403,0.994473944153846,1,0.018907512714308683,-1.49381340724227,0.5201019098401632,1,-6.776920913389481,0.19144854691026936,0.6467710500979417,-0.884306013991814,-4.1671784316097815,1.8592844190877185,0.22285847108695722,-1.4924834578520723,0.6710697484763066,0.575472604807236,-1.221312884844362,0.4678415365567359,0.007063402962660846,1.6738111357416685
-NeMreqmG_AJT3wdYmIR.-NeMrl1wnG9vXRJZgzVd.-Nh6NHxtU_mq0eSLMraE,-0.20248363276920767,25.880854930795586,0.9928488983538101,1,-18177.021972966224,0.034188547663721015,-141.19991718042954,18175.590461562086,0.9991133341369697,1,-0.007854995890037205,1.094358307489129,0.05438801266022919,1,18.39110021848773,4.402850171857225,-0.2229020819282498,-1.129328944811574,4.027371640114063,2.6313386809926946,0.584226614044342,-0.7919137954248892,-0.1817915932996088,0.7504762926000413,1.120005172726811,0.8632602462952819,0.005579570585787638,1.6926635850765819
-LhoU4seL8pPSnfenVfr.-LhoUMF2TE4yFPPoyNA8.-LhoUwRjBpzvEYrAUQ9s,0.022356579175142666,-1.185420586455316,0.9541902677260605,1,0.3451254105181178,0.24477017066306817,86.03784819566705,0.49829238726557024,0.8784306741434094,1,-0.018557919938393175,3.1847204015589785,0.9858218700190112,1,-0.35791923846880347,0.49588969356657275,-0.43974461104109175,-0.3041224807628944,0.7618617487494771,0.11967025977936148,-0.7829232533751551,-0.37211794322863634,0.16897649672646034,0.4101291838884023,-0.054688677421951194,-1.4598861605851077,0.008018882662945731,1.0506761548445847
-LhtgDx5KeVU6cU3K9Dh.-LzfdBx2b-FaN5Ij9lGf.-M7lhpLC39wbgfYZsCgl,-0.04014790208494587,8.711523085802234,0.8021818299074608,1,-7.817009452595321,0.07562192630181085,84.74056903452559,7.076710472672623,0.9999666061882421,1,0.005787625006163943,-1.2946694597116397,0.32288586096820404,1,7.226064598974674,0.9703791148984064,-1.0878006978783696,-0.03784679225072285,1.5445321188971766,1.529660811771655,0.46930296375157354,-1.1113442190389684,-0.35357634381259306,0.22672363178765284,0.14563269872635504,-1.1369903464757685,0.004325238040405096,1.4961290071645799
-NJErXKLwkd1nbg1WAvd.-NJErcSu-bZzgcub_6av.-NV8Xi8iE1npq5uWxOeB,-0.07373200015095072,6.556143853271471,0.9934355195802936,1,-1.4728015371324583,0.25824469582316434,83.21497001916067,0.9040507974873593,0.8926908844025205,1,-0.034731160381662685,5.571688743822947,0.7886799479877591,1,3.8283874312401904,1.6013468314573467,-0.19985467142541705,-1.230693258519087,-0.30079584218422317,0.4371493773980162,1.0523107744682536,0.006726715186346599,-0.07225076707766334,0.8598357170626305,0.21019489501652236,-0.7499304799902249,0.010791264687495018,2.467666856542675
-MhNN1bJHULuBvSQATSc.-MhNN9OZBj4NwiKV6zuQ.-Mtlwwlhu0SqUsZl8IUt,-0.010051651518264704,1.2466437506567858,0.9647769089499075,1,-1.2755384613486418,0.1093194631143856,20.153316811765194,1.6553809920942963,0.9936021573300421,1,-0.005146423736319017,1.0755204943148888,0.21337889423848366,1,1.1461616368461858,0.06356812636311972,-0.44558698665386104,-0.5444356656617821,0.5363286510311398,0.17488127574678491,1.137146479368668,0.13385458180429666,0.5171051663313131,0.2446417120862873,-1.2277740137532003,0.8695677565295186,0.004135640039229877,0.8431245915661533
-Lhe7Rr0kRFC2_3jT8E0.-Lhe7ZLURi3KBGWKzagL.-LkwggKR4hJ8objwAXj4,-0.0736707840258517,6.96545096416682,0.999611755911777,1,-8.676193653392087,0.03578933518777058,40.10889984881404,8.332612835886598,0.9997309484881113,1,-0.042864591239333505,4.603371651332715,0.9428541934594414,1,6.485833227561778,0.29851802829655216,-0.06288412394888156,-1.2204610459748162,4.111980307101144,1.0777296053428045,-0.014405757931260487,-1.248899096900951,0.2527124085171022,0.9681538172853831,0.5481855148473125,-1.0323054502115228,0.007856978276766733,1.7275973639134443
-MLHXDQ2BX7xY0GEal8T.-MLHXluRZevq2K-wq4OH.-N5o76OU8xTuFsO7Y8tj,-0.15313914885402813,12.96246636787284,0.9905797786913219,1,-1.9556341066385508,0.20543625869876006,80.0909879804634,1.8949163529118744,0.9846609014484367,1,-0.003992232881497415,0.7021600596586628,0.46735737401885036,1,7.29622416007121,3.331134363435022,-0.19197231516716418,-1.3302539552025525,0.21058679757661905,0.4206027452931646,1.496319403919577,1.0948335761922579,0.05329997389958017,0.1282974558978726,-1.4225976000348242,1.1226268340534142,0.007702146016841311,2.0746418810573615
-MtCj8SwGFmpFsHbHeCZ.-MtCjBMJjR_Lrt-qY-Q6.-N-amBAXU3G5xxkfNUfR,0.003919432659170778,1.1221910766426004,0.4132338841371095,1,-752.3502147745218,0.00829804240518523,-670.2013208996456,751.0292932908658,0.9929215127048763,1,-0.004183842904221358,0.6152508382464827,0.9305493656160239,1,1.161053195177222,0.03747693663085668,-0.45115438363337296,-1.0056139470703438,0.6705774004552381,0.23876064138275108,0.14431546848018026,-1.0386360812474709,0.16126535118412227,0.09529977674539347,-0.18428121737997957,-1.4327774503430282,0.004482318191416609,1.3160883292847567
-LrIRVq3IK3HG10yEBuK.-LrISdQltvo9B1C3m_ci.-MzEZvy_herew8utH_uK,0.01844651326212665,-1.1108173645669202,0.2535151856129192,1,3.0626401764967484,0.18314866091956356,86.77649946720487,1.5100514669148177,0.9816383047320757,1,-0.0970296553089671,15.252318137262268,0.9317642290765804,1,-0.42756891949741516,0.7939515177357123,0.7860353257864016,-0.5433736044725643,3.788132549285333,0.9360540587175086,-0.856338742154311,-0.6753888964986641,-0.5144519442097858,2.204656680420891,0.6605690035621833,-0.8739331079007306,0.006886026613594886,1.3434928363398069
-Lq0KV4JPchaDLAS9rVu.-N-SGW9DznAUWExATI5x.-N-SGv6DgYOJ6q_SMDLB,-0.13229948499525657,25.348095623429373,0.9601092415067228,1,-19.274173703802557,0.0815029988958733,83.31330188434475,21.457429923212505,0.9966892815280629,1,-0.06140858424212903,9.403705875443253,0.959319512460128,1,20.45496041201808,2.924324832268652,-0.27814080270942904,-1.265247199964251,7.295723272269193,3.774176018574364,0.5581599330977185,-1.0394577744071252,-0.5747120844700431,1.3763041272403453,0.5267134030642492,-0.9651089646244846,0.004340382005547854,1.5151988969349464
-MROkmsNd4l5fOTJ9PT-.-MROktPij37cL2mmx0zn.-M_yxfNlM0tASH6gIsCz,0.012517352266350312,0.7052587930560154,0.7585320990323539,1,-0.8211028318893524,0.2860008017111723,116.88066401400515,1.7779625644388295,0.859988741015996,1,-0.020138400334267323,3.1485283433321296,0.9243912344613352,1,1.168286806845269,0.3110826988374305,-1.1469328741273281,-0.13507757052570923,1.6469979135364452,0.23671042731830394,-1.0856549412322714,0.30722002093665246,-0.124118932683095,0.4596063453159103,0.7593276850323891,-0.5506491703084464,0.0024898004280435194,1.216511448583883
-MFAJPGd2erNA_vyap9W.-MFAJXOPDzpvbYcGzQJx.-MFAK8TbzY7O3ZmgL5_A,-0.0508881877279479,8.105104795014348,0.9763218501307587,1,-6.385379988951179,0.052883148013331535,124.83460781110665,5.092911247170334,0.9995473619576885,1,-0.03413981839788992,5.4731051895010046,0.879721968113789,1,6.221944251120982,1.1151886125865447,0.32403121570606586,-1.304551161613677,3.60345242399798,0.8118485082687775,-0.45319993067068676,-1.0421019861856897,-0.07429592001515792,0.7987096288641826,0.9728275444588371,-0.18726336161054036,0.004547211316495661,1.485881096197088
-M-OnrHA0wmu3ymvKWA8.-M-Oo9RqHfWyjRggeAS9.-M-OoejCMkBW5OpHFT7z,-0.024664797882268497,7.005465557168432,0.8420216643222589,1,-3613.169920039636,0.01028671280333971,-529.5434623763572,3610.6925612412565,0.9996098546589136,1,-0.03199238200771837,5.7891700689553565,0.9996806306803845,1,6.092860493168729,0.5819886200197103,-0.7901006472618232,-0.705535270743797,3.1685393894317366,0.8354595255349018,0.17832819519361123,-1.129191894674974,0.5904087955398724,0.7022935982658937,0.03045959784550215,-1.1781696596553488,0.0029536502894064306,1.1610719132566847
-LrIRVq3IK3HG10yEBuK.-LrISdQltvo9B1C3m_ci.-MQupWFKrVB2j4xCJkVt,-0.13142150370211247,9.885605128781206,0.9954695539485268,1,-8.123252989945303,0.06110063943798837,50.884045341259046,7.145395959902977,0.9996540126033057,1,0.015136659273513597,-2.354735727520089,0.4080326037759966,1,7.193210320498097,1.598957933274433,-0.15488323786520455,-1.2339586273468597,1.5214883241553725,1.3820703498593836,0.36642887461299517,-1.1639827633740887,-0.3948181616597532,0.5303448241276987,1.6368646420768704,2.2086231990195326,0.00963313518527614,2.064601676382988
-LtTndFCQoBoQuTAwNj6.-LtTni9mCWnIyJQGPaE2.-LtTnuS1Sop3SPFdE0zI,0.04435007685429019,-5.005744165607795,0.8056894015772889,1,3.3919513133771986,0.08077567709336159,69.95089205556549,-2.7101084671145603,0.9983437936443005,1,-0.012062142165317672,1.8240131847717316,0.9360519634071978,1,-3.741760816880448,0.8270255593735021,0.8474830867470775,-0.6720968818821293,-0.38492006881652224,0.7255106090610894,-0.43796289873385597,-1.1486350860261236,0.06889207353870797,0.27370670712172157,0.3305125364036095,-1.5053862553171664,0.005667052932614455,1.6883611681334694
-LfT9PcuzeyBN4p2B5D_.-LfT9ZUhyem8y37kNU5a.-LhEfi3salbmDvehKcCk,-0.15949994759067265,28.995511891520206,0.9287211787083249,1,-15.967117414176,0.11822879239693766,85.59879409180597,18.37378623350254,0.9995760281686931,1,-0.07289755904510122,11.448904025063364,0.9520311573710674,1,23.09386602123812,3.5837348089090204,-0.6150629161068394,-0.9432575017227727,6.568219519229027,3.9475662287489848,0.7311906684367648,-0.8764362818973419,-0.3972216916177103,1.6389519901763494,0.36682674514342256,-1.3913224326600235,0.0045448308132257555,1.5576350889790438
-LsVlMLffp0SgAp0tEX8.-LsVpvvNc5iRCKfLMuPm.-Lul2scnii-1ZSaeb8Wd,-0.0002515603406652023,1.439503202412675,0.0032483333505507472,1,-483.22507569950074,0.00437598600550144,-1003.4091469724868,479.47565892040615,0.9946430625063564,1,0.008125103265417377,-0.6970080635396858,0.49631298738487395,1,1.4344098853157046,0.0500973030649449,-0.7649457215334833,0.10182585429792068,0.7714749933777632,0.2835042207221477,0.08694614563484625,-1.0582980022156778,0.32276983024506933,0.25455380548555173,1.2927231035572315,0.6718187390704058,0.0024980124378484497,0.8848551167850288
-Mmv_IFX3TyWt-Vnw6NI.-Mmv_U4oUqPZmikRiJVd.-Mmv_dbaTFfmgxTZPiO3,-0.008036437621444818,1.0620461388176379,0.9058309874191779,1,-0.3870236097184816,0.15303845483167303,81.21693900889164,0.5374441668060116,0.9487315057969817,1,-0.004217264964101686,0.7884555973014907,0.7749525850218918,1,0.7649634364906895,0.18344744469791024,-0.5341977832207954,-1.0342768434833522,0.2179851356755418,0.0874873410448913,1.1182961521867991,-0.014333837611572253,0.10271181308774764,0.1065179227174858,-0.8907093931452028,-0.30919021023909377,0.004912377479518118,1.511170925761935
-MVQXCBj_iIZqx9OEnWa.-MVQVAL1hY388kxns4lT.-MVQVYLxKibW5HAxv3Va,0.17701556109280858,-0.8496704110015396,0.914442150794403,1,-9.94761113626704,0.10398388244645423,91.83703329707649,11.63849469269069,0.9983727070790911,1,-0.04758263772103177,6.812772138928439,0.9038527128476924,1,5.700023035894521,4.0070886273164525,-0.7855590042656989,-0.5164614316130076,5.368702670960061,2.7112866159266926,0.35813814880252165,-1.3251456076489065,-0.9193724392739819,1.0986062165458708,0.7784664026032331,-0.6412375389184142,0.0027480089909050253,1.212228397755024
-Lc_d-g4yyU44NLZYjLv.-Lc_dR6iUjsYfyL3NJc5.-LrEJ9RIqGxLIpw7bFKe,-0.03439989664323891,5.310416274799868,0.8694017829030158,1,-11.692019184902447,0.02256742427201016,29.58714370746088,10.814126377387966,0.999072197152585,1,-0.02010616229059292,2.711424212246275,0.926243584313509,1,4.037842491740065,0.7986767785195974,-0.8659943638891063,-0.6125352567247986,1.1798342094616965,0.5449113000070388,0.24727254480092034,-1.144447815986033,-0.5558461000055164,0.4583708139648583,0.5075841484313248,-1.168418382799728,0.00597803810666983,1.8228170023738504
-LnHernN_fpHMmekEDg6.-LnHf-cbftVM4CTskSYH.-MzPCzWJhaVGuQ1Li_-a,,,,0,4.477846634674003,0.18462590897819717,-2.7000546310345293,-3.9432134489345034,0.9548271125856221,1,-0.01060415291413464,1.5214647321107748,0.23919986268426374,1,0.04184424507281404,0.5064079340888051,-0.7155238964605102,-0.11274910954814699,0.8610718897301489,0.4772358452191694,-0.8446020862023348,-0.017409212087338144,0.0061277709039032485,1.342056263312261
-NHTSIH6WGEuYYUbVYA2.-NHTSRVS7egqeBUpedyd.-NJid_YyvV1BvUAmU37G,-0.06929098837070335,6.714594553389431,0.9985280875441537,1,-2191.268272973673,0.007174678642097095,-753.6284486661879,2187.554051438082,0.997117710411888,1,-0.026910090262166175,3.401666244999243,0.900323798535985,1,4.948296096057484,1.0412563900680456,0.008784745397987834,-1.2691161367288013,1.977977077326718,0.5872283739780655,0.13586747006192873,-1.0222913931292616,-0.35282286219915976,0.6218510123702327,0.648893049000881,-0.9771577932257203,0.007730251576314306,1.9662605171796184
-LeLiaV_6NrLdFlMbLi_.-LiCBvXce-5OzfiYh1Tu.-LsGdugwrbnICZPsUbIa,0.00859108811439635,-0.11800303740385831,0.7001608559420713,1,0.06049395427770908,1.4125922793679464,81.70006134722253,-0.18016161836457464,0.0772489577058122,1,-0.0008629697225879251,0.08151524362936624,0.2920644264787392,1,0.07544870686383667,0.137716535431627,-0.8067135359704022,-0.8176728613437967,-0.16327908262717775,0.09439329501429905,0.07312292518436052,0.027508229343006008,-0.0338009385349126,0.03740158327882969,-0.23962154035696537,0.48490148631184793,0.015854127228195205,2.647809357263183
-MrWMcBqkBqlw5NMQFkQ.-MrWMm-bJkLdGSQBRCb6.-NOJjBslN-G3Wtvvhzvx,-0.19689057369798268,27.749913906231296,0.8644536676548311,1,-11.240386550588033,0.2514567720970343,78.8351026950084,10.355581554301931,0.9949330745637792,1,0.009956782256793466,-1.3627932035697161,0.8105952743756296,1,20.46481205600785,4.5852842981274335,-1.0765110964968327,0.17164253740360325,0.3486694593343719,2.202048564057901,1.8646599664667916,2.32483087333228,0.255238504190347,0.2424934311816046,-1.2422705028803458,0.4278019791098093,0.005215574331258129,1.6870391118282038
-McE1oz7o-gH5vQsbCKZ.-McE1qL5j6GA_l7lyo4G.-Mppc4lk9h94yyRHc2n4,-0.0393670616315982,15.235770598950864,0.9184466380534568,1,-81.85429774696276,0.026559121789992583,14.858821300193977,79.31275718248001,0.9996241285260006,1,-0.03067243504953243,4.888039054084848,0.9201298677688485,1,13.778825730557074,0.8888392160517828,-0.7988472026319205,0.08733926007057713,5.696915600442607,2.792214992029625,0.3613869341043745,-1.0741049550391268,-0.09637746327992475,0.7017575259090021,0.7965561486748325,-0.43487789795429155,0.0036034346721317795,1.331826259093031
-N0Zi8FY955-rvKl7bfh.-N0ZrBsuAmteZSksAILq.-N0ZrG4EPaoMpHWpzvcG,-0.010068092495632452,10.806950569003995,0.8317917983477923,1,-10.23857816955551,0.11350570911590824,93.25360329703308,11.075461146859086,0.9990474278082355,1,-0.015008335834472364,2.2768270888153888,0.8221066014879832,1,10.434317319055104,0.24144949347809846,-0.6232825769851049,0.020963334444900283,4.8289238456742005,2.992833427144373,0.31985250644486773,-1.3867940261153084,-0.16209083492224305,0.3632938367451904,1.245244758967945,0.5709105721230694,0.0032895448028983135,1.2618354250582349
-NPWUIACdTwIvrDgwDhk.-NPWUTvWfyoQtbaQftYL.-N_DEfB3XuGE5zgLdnJW,-0.011181660348077216,1.675248852612448,0.9052027747179314,1,-35305.42748063165,0.03522636374422748,402.6759235513922,1.234839168192811,0.984547662861757,1,-0.008353356600053985,0.9632175358312374,0.8875495885200785,1,1.3619967493476062,0.19352933133075584,0.5926374666345811,-1.203308612604178,0.7460807752822973,0.24476741425277262,-0.587310395307894,-0.6765635595916244,-0.2439168925948135,0.19497596849729784,0.7466919472773486,-0.6934746447353239,0.007139298200652078,1.8961343580479886
-MzJP6qhOf8I5r38QOGy.-MzJPFkskaLDk03IbXto.-N2QjCIK6nzUUjFNjNEG,-0.05958453845374326,6.492950683748562,0.906430781894457,1,-2.2696838466025175,0.19464745887616852,78.76422213734003,1.9614008759140469,0.9994370385969982,1,0.012495939074729234,-1.8876247032091609,0.9134682063300457,1,4.28818063385903,1.3554683840876733,-0.668605325691735,-0.9237630564889363,-0.03035540163817712,0.43135388989153833,1.6169742699170802,1.4012513369710646,0.14307853213701885,0.2884611665869534,0.22712079204641605,-1.511624968899713,0.004938532570455878,1.6559343636061687
-Liqk8kEumR9YZeKa6ro.-LiqkGfiBrqSWByPHudR.-LiqkXYXc6d-yKsHc7rn,0.004201191179569519,-7.726363435766917,0.03108338863244542,1,7.766051357125718,0.1158281198130755,85.38484472463182,-7.816445870403162,0.9996222118558393,1,0.0040575872554963885,-0.5107165674661289,0.8910536433636566,1,-7.570719579582185,0.5163066230264344,0.8503526228630695,-0.08301278548288549,-2.060754561208577,1.8895306992648804,-0.7273261017512309,-0.8903126238747401,0.14848407426358778,0.09484218517191013,-0.48753225118294474,-0.9492519720416439,0.003363702973311808,1.3348272722074472
-Lsulqs6JeWOd9vlQVWT.-Lsum-cJ04yTXC8kchkQ.-LvFUJ6WXxB9e-QcU4OY,0.035713802484775736,-3.6526916449221902,0.9962136105326392,1,2.1008810344171636,0.11986012385733874,109.81009888238526,-1.0851255436536724,0.9983084700177522,1,-0.024708743845539127,4.697567032589942,0.8538405211950447,1,-2.3312521003277564,0.7750950378303375,-0.12760611772438174,-1.191266259790878,-0.4173048453621783,0.5834363847584567,0.5508798564415095,-1.167345667691312,0.6823957873076956,0.5887031241909018,0.10438969166661044,-1.2608602683949865,0.007405623279447102,1.8442111930778229
-LzGeVBicAVu8Hjn042x.-LzGf5q8YQwBhpDUtWBs.-LzGff0kFjgCEzh8xd1x,-0.26058896090286354,26.75773250034053,0.9993261029305909,1,-11.435679803016878,0.0719770802619605,84.79547267951084,11.579526336031547,0.9999622926051965,1,-0.015402137071190314,2.553075983214308,0.9843825155597596,1,17.115798959919097,5.6435098542747495,0.0368411781689119,-1.2605239371666173,3.559808435701726,2.1815099948830285,0.4389138644602302,-1.130491943887101,0.050782804631566134,0.33971418749163007,0.3279575356127933,-0.9614126950669388,0.00632374830410427,1.8241145623668196
-Ll6cs_2_PISse2tMbIY.-Ll6d2JxKsxCBH7cEtzy.-Mpk1IQnuPHhhpFA67CT,-0.055913531039506914,4.668023173272424,0.9839485607545522,1,-2070.0503918848717,0.018474283591078257,-319.0194258265243,2069.0736312569243,0.9844039612300053,1,0.018490584327948922,-3.0314887523816676,0.5543268078854288,1,2.739393765681184,1.1413721961263956,-0.22132169337130322,-1.270113699975868,0.05469057481146536,0.27780128454898695,0.384172772820362,-0.5250391897687998,-0.11938894886406701,0.5584304348660746,0.9838609215066468,0.5956490122986429,0.007334314876410773,1.934016148207223
-Leujocx_cjh-Ci6MrBu.-MHVHmFIrmK1XR8TJab3.-NVcPWkF10MNPdljZg0g,0.012582147707564495,-3.326662302889459,0.48017532874387525,1,106097.77539928914,0.09217006141688693,237.8586384556001,-3.2063470694500817,0.971156308221243,1,-0.012286177218299638,2.871368651369325,0.6384639962571941,1,-2.8612892906588874,0.39337356155758113,-1.3751965795259409,0.8413838925253314,-2.552525376593924,0.756912905710451,1.2821897655029566,0.9863237369631754,0.8792428726477218,0.3855939737759342,0.37824824416595315,-0.5702379272330602,0.00596806877794049,1.7656547144251187
-M35d0uzr43_bDVtxzZM.-M35g79baxFHVw023Hxq.-M3p1lyUJlHMfR8bNax5,-0.12015678924073825,13.35939411340671,0.9364985775036875,1,-6.586215981225181,0.13818535692743308,66.26113609465915,6.971075085305326,0.9998052334984256,1,-0.011095924237772614,1.8248313491856896,0.9395132321653772,1,9.634818069922039,2.2580211944716706,-0.6545243857474496,-0.8268866036821731,1.3234454146516113,1.171923323459658,1.2568410627431912,0.3171529828730262,0.15493941455845728,0.2509551284961034,-0.41800182097057503,-1.3131305485339178,0.006111231469986985,1.7921470374541661
-MkaDKCGqKAhkmIoZH_j.-MkaDOunK9vZ84OQV0r1.-MkaDTBNCz6iqwIrD1Fm,0.030537706626681538,-5.224274665690135,0.9898103394157531,1,5.325061309124615,0.07967982168224286,47.8046528866638,-5.086972731240787,0.9996910939797059,1,0.01732520522831405,-1.0987167606714945,0.6260290153111088,1,-4.964572140433932,0.15958056894129127,0.2694195608538612,-1.1306788351772363,-2.851078855545166,1.2652275465463465,0.18629383850258158,-1.35141481876868,0.728656454949318,0.4806107663823232,-1.11871652291303,0.1341862479855016,0.01004953795165342,1.9227957358506256
-N8cFuoM67232siscrpl.-N8cFyvj2YZKYTXI6RZM.-N8cG1Fc9099IPuCaUbQ,-0.06265060226482595,7.357760796703882,0.9620245721112306,1,-8555.397069564364,0.041765702026628736,-125.32682284855294,8555.065571110066,0.9977661220730759,1,-0.005409562563697623,0.816308456651538,0.8997342465581162,1,5.446613680544618,1.1445488473539076,-0.46739444820576037,-1.114279752932355,1.1351910752259906,0.856346018097707,0.7213996027825867,-0.54150882041584,0.007601449497643358,0.12522302579148278,-0.5680215470959556,-1.097496652362838,0.00585152602204036,1.7389075523430626
-LnvJOiOC0hyFobuXd5Z.-LnvJXkkLJXEjgCjvJG8.-LsuuN-YzXQrvCuLMrIZ,-0.03654025154803176,1.4075529347464255,0.9268462556589736,1,2.5399389745629226,0.16095293962346632,85.23439061582599,-0.9710016294560214,0.9979658612060108,1,-0.03496153707455152,5.856027536483244,0.9656126718655536,1,0.055144470528313484,0.8212810848075632,0.36473331495217765,-1.4012393831076784,0.9726611871538025,0.6948470138330796,-0.9316613887289683,-0.5678171520523252,0.17493018955165973,0.7805492195117708,0.4296671189391735,-1.1813048874423682,0.011850678121950758,2.335654372868029
-MzEYtphoUYp-LuuHABh.-MzEYx9M4dZdnaQx5MWR.-MzEZ2eZ0uZCjda-prEP,-0.05033008852249271,6.89623704096544,0.9978130005980549,1,-9.889403029252279,0.033277375956857785,72.14215872814097,7.388778624156493,0.9998023709716701,1,-0.021953729982405,2.304664619755223,0.6810103754256536,1,5.890340096578951,0.594713975391696,-0.06742258354275436,-1.2004095554026326,2.958682549904861,1.1348059927647411,-0.060241123498539786,-1.2457065488534222,-0.5169887036348466,0.5842489653369877,1.0323373826269036,-0.2258706273151767,0.00694409562378985,1.7672318443675734
-Lhe7Rr0kRFC2_3jT8E0.-Lhe7ZLURi3KBGWKzagL.-Lot6hJZRWkUAaaHX8sb,-0.12725677919592765,6.176944344948312,0.9998187942831388,1,-8418.499203351797,0.019789607953419372,-357.854328340436,8417.295057647785,0.9950295942491776,1,-0.0018035196470078674,0.1748916484149612,0.032449388642507015,1,5.091591739079401,0.654393925708372,-0.010239804753893975,-1.193970001271463,1.9710861218189046,0.9014943382824784,0.3594078721039743,-0.8517078254681945,-0.015172182915649462,0.22036016608963208,0.6462180487787281,-0.28652471494906884,0.011207697289470029,2.1102866846709647
-My6Kgg-RQTqS9QxmxCk.-My6KkmNUo31t9ZKnUG6.-My6KtFsckDHvOIuhCAL,0.09116151278582973,-8.990142477197134,0.9997949858668304,1,4.474047331904629,0.09229081720736215,77.9133919427989,-3.9881205374334296,0.9994389192691202,1,-0.0068627804856773444,1.307778073978561,0.7432909725039747,1,-5.6166742398014975,1.973519577906895,0.01493783385435795,-1.1676910859386038,-0.33788225576155867,0.7470639261964358,-0.8433459100509754,-0.562562080513854,0.19245271649112092,0.17483265009528848,0.2616404901785243,-1.5116012762178603,0.007375040531418083,1.9610031734815199
-Lc_LcWJJ5DBcDLcU7YX.-Lc_LriMGdP1Yf177EPE.-Lc_M2tf1lYV0lb4EKXS,-0.05693167532090837,2.180310166242951,0.8467024123932366,1,3.722798664297817,0.1776303418243168,108.86357937107776,-3.538609100676127,0.9938816204182798,1,-0.006955703569138771,1.7944566991793778,0.26259071180971216,1,0.07398636053115873,1.3401316143643964,-1.0166221063634018,-0.2272236801512535,-2.350404630522704,1.246497364598123,0.6309963300856013,-1.1466069772120147,0.6643329651051306,0.2975825515091342,-0.24000444775297383,-1.2466793499484252,0.006934223476261008,1.3900134422879475
-NinOmjS6WA4qkH_8S8O.-NinP9nFZEmXOwjhuHOW.-NinUkLFHlcDQNfU8La2,-0.1443241714145489,16.901338638965925,0.9756860257730926,1,-10.539864928243171,0.08708173446881547,74.60179485321234,10.171693714894092,0.9999057596750283,1,-0.004976677154634729,0.8043328409454547,0.2037242521240873,1,11.560987373202336,3.1621630540116246,-0.41729083931354427,-0.9995902744648952,1.290318570876833,1.4927594649580687,0.8844193263811367,-0.4793945619766533,-0.007629606719403953,0.26101334821598565,0.6686202524426347,-0.3266063304248523,0.005579001190615079,1.7479462185996502
-LcfARU6yMZ2m2s6CoLf.-Ll0dm6vHd8wHmKW2duW.-LnWag5EntQNnfGClukI,-0.007764539715254815,3.714672560745396,0.9823368576954445,1,-3.893071353149613,0.051080768181709424,112.31381987887556,3.597813468340405,0.999821348735255,1,-0.014652963286643228,2.1170781702380603,0.4920038618340743,1,3.4273637069208545,0.16960424455271578,0.2356868529223977,-1.040749852960915,2.2004531748508285,0.613745741593442,-0.23044193674622446,-1.234273567563292,-0.26341680873663437,0.45927849246845576,1.1147667539454196,0.6175054192300409,0.003968587892487792,1.3995838080115777
-LcfARU6yMZ2m2s6CoLf.-LhiLyo332AVoAFcUndg.-Ll0dHePtDv_g8auLodb,-0.18309666541452974,31.230860114274677,0.9980636325517352,1,-107.50407263891725,0.04175526029026512,38.36578588426341,105.7837553132331,0.9982074847870237,1,-0.03177404702647957,3.9897633047178163,0.8273415205469274,1,24.456372341661492,3.968356527792945,-0.09259213868461444,-1.236080917707956,7.175430302260874,4.7316326865621114,0.5826835228921411,-0.8683864309554004,-1.1734826095111148,0.7667769747853267,1.0774232053336343,-0.05486298232726927,0.00494709619929163,1.594931893632095
-NEFcK1eOZxEueauYWOP.-NEFcUU5oyHjqVWhiW0v.-NStcKbdH__l5X7TvtvH,0.03266071748586197,-11.955927971834958,0.9162209590633575,1,8.741095671031202,0.1514561620744626,92.32975314131707,-9.19729315380376,0.999738784987418,1,0.009227675795943191,-0.8968322171823901,0.09966486604204106,1,-10.747510353636269,0.7390823169807134,0.8210339841090619,-0.027804491425849953,-3.6393701520612023,2.8840813493924196,-0.45333585780068425,-1.3664907219427627,0.6025417802583484,0.6570668562456685,1.135917847778839,1.7216379595235987,0.0040672667210720145,1.4244525617809596
-LrrJODQkYUsA2_E3nXS.-LrrNpTJyrlMkX2XWakX.-McIeGwvKX6TNUwlropN,-0.14313503359367952,16.956431670781853,0.7915456461201013,1,-6.02297689108489,0.34511207799161037,69.55421070403213,4.912960769519977,0.9451955595180955,1,0.0025750280813723325,-0.11745587989736128,0.20829515798032516,1,12.44776191154082,2.9724494783044224,-1.1775923501656456,0.0659944259672458,-0.3401916401531608,1.5162125301700655,1.7056955106765546,1.9132241834936723,0.2725354259472614,0.12384020631532751,-1.9671427456631403,3.6637828924728133,0.006119325487132524,1.808240020973733
-MedmeV_zcoehIZbTGFP.-MedmqLOEbHuYK_dsgQS.-MedoO2LIHIqorWwvkCy,-0.23250364996205475,22.823245846930504,0.9995767289171775,1,-12.995052868288566,0.19262439828615147,94.8016160354339,5.399118700917084,0.9907851859463847,1,0.31513915666631365,-54.26657920031781,0.8689375585603949,1,14.220512751122133,5.033655938664584,-0.016106456195409107,-1.2555017510699547,-2.297114247758815,4.900297737514856,0.32568372306109805,-1.5809509060317632,-3.057018478881736,7.416210366868267,0.6894603851505652,-1.0008813564954837,0.005093594066652718,1.1513180513284458
-NW78PWy6TSgtImlF19K.-NW78V76ftDp3uzB-n4_.-NZV1GcV5qPAxBIUXwFY,-0.05941380389955135,7.336240287559231,0.9920208172527544,1,-4861.197731480529,0.0472810891943267,-91.2588753225275,4862.156416835728,0.990084702364113,1,-0.02345468892841107,3.8561278355443416,0.9664245704539811,1,5.137405321710762,1.290680750254822,-0.12472624550903609,-1.3355089733500882,1.6937967878783515,0.482803795829267,0.7834630171875306,-0.418313364711437,0.04478096810306762,0.5234191219978019,0.382619556053693,-1.2350184565658147,0.005316188244659748,1.6684506676794721
-MlnIP2MnRnwcDcF4aK1.-MlnIWs5WnvJ7-xZxHDk.-MlnJ1MDJ6W8SZZ_lokP,0.10942755848412367,-8.481170538267728,0.9340597351272529,1,0.9476330117707655,0.6387567267497152,68.84054669398805,-0.26842555219803443,0.8368389266613778,1,-0.012129832176392297,1.818396667481005,0.9384267734829259,1,-4.924201080447828,2.1561162416577497,0.650743485311051,-0.8719789213511353,0.6127478374799114,0.20005537976690765,-2.105736887012565,4.988666016388818,-0.04358291745982623,0.27506686436484645,0.45489423792857625,-1.1884010296947256,0.007833080886708319,2.026068876704163
-LuCWu9YSxg0-sGe90xx.-LuCWyZbvo--9NrI7Tid.-LuCX558Dt3bmgLquENk,0.07341555060542704,-11.492069486476005,0.9575671394314204,1,9.164218226031497,0.07453991192079003,76.73787140461282,-9.537261802807407,0.9994397438788725,1,0.012700643440216819,-1.8577530037184133,0.8124496245130587,1,-8.7757130286545,1.6245669842096198,0.539938178440049,-0.9202102165858013,-2.221892023195525,1.395173393759097,-0.6756347185439839,-0.8303115775438878,0.20603540049093452,0.30950974981608614,-0.94186131032437,-0.45083292772094063,0.004754589265626361,1.5845770349599566
-MmMQ5j2GE9MAHRXJeCo.-MmMQDqF-bIgPJJmtSGt.-MrReQ5-BmsQ2wK-QUrr,-0.014220879681136722,2.098106732215598,0.9183704469008276,1,-0.7981782006255566,0.21881718801792616,86.98782238410459,0.8076365386126134,0.9382722923949882,1,0.0014302479634703547,0.4811730250246604,0.02918376486211882,1,1.5719278326936115,0.32155204185578573,-0.7309774629615173,-0.6784695686160509,0.21340227541417253,0.26668180994431306,0.7865644927825748,-0.64638595187576,0.7135385086299472,0.18528151939702042,-0.5291405175124734,0.10204919714695082,0.0019941219534377473,0.9760645542351926
-LlBEMo2wsK41U_i4Ff-.-LlBEbuAIaFAvd6Tsudd.-LpgkxWyIbbX6VUo_5Iq,-0.030502600053785824,26.299444420212527,0.9133052729201303,1,-24.863797191691646,0.1534983610396818,86.83454854507701,26.66358199636016,0.9975547533703566,1,-0.045271362874594434,6.090543290711454,0.9430616000980887,1,25.170917871155243,0.690006099769536,-0.8589752512884324,0.30432152722831685,8.377197384858016,7.1151219447109275,0.8112135870793652,-0.8446411425985434,-1.2659772070589408,1.022675200071229,0.5098093453390788,-1.1342340593686828,0.004069182738703813,1.4338694433724408
-NPaxlJRSCtemhF3ouVD.-NPaxpUSZ_W1dJZQlsMI.-NTIhOqSMqtkZmdwc8AY,-0.050986203225853,-1.496463153253225,0.9975768985626281,1,5.6713024468317,0.4711231173208444,75.05070929313433,-4.16098616005978,0.9791300526361859,1,-0.014915544838769002,1.2451523584340596,0.39639692984241903,1,-2.8728506382904677,0.8106089203963095,0.01402349313820316,-1.289344668084721,-0.818594509506418,2.5895660132595073,-0.22464738148618166,-1.6204098495868755,-0.8825060975547705,0.5182886797293996,1.734273371027699,2.234410391661406,0.005490155003476059,1.7739505913522506
-MrWMcBqkBqlw5NMQFkQ.-MrWMzdYx8o6uIfb6ulV.-MxJ0VTeYAjH8U-lFqq5,-0.10087810094515537,8.390838221977903,0.9885227094308763,1,-71.42407784134728,0.05619598083942357,-18.19881008346484,72.41104183499394,0.9981968094843929,1,-0.03401717926205294,4.7260627916928915,0.40533695086773147,1,6.827074133785717,0.9367599629802453,-0.28175026309875156,-1.1442683526088333,2.4042444569570054,1.0605216167256062,0.8855184254195766,-0.3838520760901507,0.6613734693229919,1.1753179955764825,-1.179923668172643,0.09758939213154516,0.009652888151273254,1.9917328712318902
-NJErXKLwkd1nbg1WAvd.-NJErcSu-bZzgcub_6av.-NfPYUtseWNmz84XC4-O,-0.091627778271445,10.63289877832084,0.9502816813307359,1,-4.494275701343864,0.14348922047016854,69.50413930249213,5.25519330573545,0.9990611394789284,1,-0.025018292049035384,3.988419203106763,0.7690090223387523,1,7.975777890698898,1.6005155279257797,-0.5464868484433452,-1.0193876641777213,1.8650604779028555,1.1916683895828482,0.8635379662288176,-0.6859942516402526,0.32314293638955194,0.6574555467628842,-0.611170415431598,-0.6580892001129208,0.006299233260018047,1.7625651539252327
-MIOBNUgcr0MTphTegMf.-MIOBUH4T6I0shR6OuD-.-N3J0WIx28t1DVwB5ZQc,-0.05127619039314668,5.320941630791171,0.9773482703238358,1,0.07338465552249765,1.0929660098781806,82.11134649778582,2.0285735081653407,0.26825690372528477,1,-0.03887508435291211,6.878579218669756,0.9208316587014445,1,3.6546955425559573,0.9878108887392255,0.4028802900176213,-0.8574271645545499,2.0772807288711594,0.06413504138490192,0.15060080106988444,-1.133093826778959,0.9112894059926265,0.8887513618209728,-0.6600931519728347,-1.0113106618281127,0.005055942729712485,1.2744118307191665
-NHTSIH6WGEuYYUbVYA2.-NHTSNphytM8wq_yQ1lp.-NLPm_dSQlG7olyLvIZR,0.086356766349499,-12.897769297912424,0.9960128318715309,1,8.860224653932267,0.12594428895945242,88.4153407063772,-7.164097126771293,0.9997925861904456,1,-0.03035469863839424,5.115230013472332,0.9443566981773751,1,-9.702430675392081,1.8728919986436268,0.14777704474739953,-1.0695442834146216,-0.9795911583556393,2.4606906348269164,-0.6180259562752259,-1.082885988451987,0.1827321137006055,0.6852105812594641,0.5382052916565683,-1.0669142232466415,0.005059050977275825,1.5866203074573184
-LjFjYM0cNHLWyTLdPiL.-LjFk5YStuJwLI4Bz11C.-Lrs5BFBV8N-3pfA5H95,0.021489645337238183,-2.235842948766897,0.8687509857610929,1,0.9350196894676488,0.22745324638292905,110.10707733507525,-1.3301132439881127,0.9617091531271817,1,0.011003324287254588,-1.3615900036269806,0.6794369372000963,1,-1.4408508628682812,0.4999527549097134,-0.14238388143268582,-1.5667616202791315,-1.0581520365394597,0.33277666507417136,0.7158537430687024,-0.9434349897733898,0.4265288285267258,0.2929244544068864,-1.0798463146029729,-0.07275080108074672,0.00734417020675192,2.101053851120526
-LilnSmSyM-6usWD64ZZ.-LilnfIIotZ2luAuWpsh.-NbY_pJ98-2kHj6rvDpd,-0.03921279747103745,1.3842957964923648,0.9959726622875816,1,-20695.335215326195,0.024634436921002784,484.94764995905285,0.6465429082295809,0.9381138478464455,1,0.02812183463452622,-3.1910162878773365,0.5141272578040879,1,0.9137871666607971,0.28374716541583656,0.11638227862526333,-1.2963048335399756,0.1629871069044634,0.1758209188776652,-0.4235419359845163,-0.28854065614520596,-0.025773982643856358,0.8651498086722901,1.1342269680545531,-0.2385955830986255,0.017630089558346454,2.423608354881231
-LimCEPj4cm8u6UaR3tY.-LimCJq_owsUDVdRu8Y8.-NI6ionhBsEMii7_5NIk,-0.01722238054710923,2.6526707201014523,0.932173139951096,1,-4409.1145380814,0.05884652273812893,-61.94591939596715,4408.795691852701,0.9709052562516036,1,0.011510010624557044,-2.0415334781706345,0.6803148619857711,1,2.015167541039154,0.3864085903279545,0.12742745415472245,-0.43223528567811753,0.14332898526290608,0.37482616719665535,0.9503551994948026,0.07783175043836277,-0.17098978870227835,0.306841779158348,0.47370381157981745,-1.2065164353013782,0.005793381057947232,1.6423473169621698
-LeGC3EwPfb82NnUGMCl.-M9N9tvEz5XJvKf9pBur.-MW3thyye7PX-J_ioAXt,-0.060475221444194815,21.785162928940803,0.9298371860382002,1,-19.80898263802566,0.06791638614663074,89.97386986385591,21.305310838001166,0.9993764189067317,1,0.004470068805246252,-0.004180382923673953,0.008824287803954278,1,19.547718359539804,1.3578006999356098,-0.7617079918318614,-0.33947841042379023,8.84165063172775,4.005347355488102,0.26598178344498924,-1.2713789713956385,0.7221623428899314,1.0457826476393755,-0.2440297718609805,-1.065450512052165,0.0029962904540267073,1.1774729568203448
-MR-Ij4h6vJLLeLlTJMD.-MR-Iq9opPhL71yTwE7I.-M_KWnR_a1bAqhzD5Sof,0.028005480272094707,-0.11332689779642813,0.9968146046911366,1,0.3907141267569957,-0.4940047090971725,117.68236162051058,1.7145811731019474,0.7567921485610958,1,-0.027332491957460917,4.950914470512814,0.9890571564657568,1,0.9230340148218613,0.6071606638627074,-0.08575648448137081,-1.2381167831996578,2.0513717604522284,0.12789359451784887,-1.0645886245556182,0.4238659156283018,0.5093572199987956,0.603333196024298,0.274328029080723,-1.1334107727917453,0.0011940489586174774,0.8024526415081329
-Lx_WYtU8xSK1GPNqPU2.-Lx_Wr9XNHGK8Zxjl6lG.-Lx_WyxlwUG0aGgGJbNx,0.009360601949304326,-3.2659376050483173,0.7798737048210783,1,3.2484364573081295,0.060158136288137216,97.89338133340794,-2.9401863338794785,0.9990826937153389,1,0.006380377357730338,-0.9455317389586468,0.9756171320998369,1,-2.919420181282858,0.22975576613249124,1.1517553534864264,-0.008313576767317254,-1.2500227983394676,0.6361171338299821,-0.04159491877577754,-1.3228081689142748,0.09128667323630356,0.14128493653387147,-0.2912985528050148,-1.0548766542849204,0.0038077960204248805,1.3654905058493438
-Lht2eTXnmfpJmP58xnY.-Lht5kX1F8HLIO_XlCaJ.-LoUdLQn0NCO790thWst,0.015359189551108932,0.774070398794253,0.899240150008386,1,-2.6299943839933304,0.04448956934813707,133.2557205773393,1.8912842087987036,0.991691815115874,1,-0.02050314198292602,3.243576243396575,0.9724128806603715,1,1.342168822472264,0.3503919618766005,-0.8041381411198284,-0.6040318722397577,1.3639873787244938,0.25971689537453707,-0.4135272174571481,-1.0820851371852702,-0.08831595497633142,0.4560186537811722,0.402819337367309,-1.1293474882573182,0.0024488579098851763,1.166628438288294
-MYEQzR3ToSh4GRLSIMW.-MYER3l2D2gbCmUtaz6K.-MqxNhKYwSBIfzKAs_nq,0.03234736758952117,-0.35300855478755144,0.9451707084067454,1,0.709239534480027,-0.3502151662222195,116.65585765725604,1.9893239739630657,0.6787695786866151,1,-0.06289133670483976,9.864700269585661,0.9993420757092052,1,0.8437697981952759,0.7208041679467688,0.5189422544284751,-1.115277519373139,2.584391974515561,0.2461513571931526,-0.6741162348751389,-0.4505051978320931,-0.3548042356573134,1.380241925938711,-0.03102890913491255,-1.2577320518126724,0.005226405358251306,1.4813281195249701
-NOJLSbEUK8-kwpgRLMv.-NOJL_OgEmxUqIM6d_Ow.-NQZZhynddL-jGPhWYFp,-0.14102219747013334,17.560041648502107,0.9833750799740086,1,-15.519437111696371,0.053911516114201016,71.7154167115949,15.019804360178368,0.9993428404461945,1,0.0031945198088988015,-0.7272113874227489,0.14582739872159511,1,12.34229274200757,3.078302597877166,-0.226387458003104,-1.3182349191089997,2.7493087749039926,1.8574422835667475,0.5004237590319429,-1.0077868715447926,-0.20781760877271352,0.2138660618165059,-0.051006486307270636,-0.8846308772524676,0.0050072921440170465,1.6432603131205137
-MIwlrO2-BhSr0Y8Q6OT.-MIwm0nfiMmo8ZcZp3VZ.-MXBGJS0Szg6K0Doexfs,-0.015088499563913338,1.8815219686201694,0.915769005943995,1,-1120.2940424973503,0.03345183326324643,-153.91370399412565,1120.2501817882403,0.982087069194918,1,-0.004457554624265336,0.42218967386397155,0.6131097263078441,1,1.4434413915141788,0.2683197403959116,-0.7333140712892102,-0.6936008060160597,0.4023122713617856,0.21284552361529901,0.5550894944099689,-0.7658102662855351,-0.23074268170401735,0.12508718555232734,1.5191198804674388,0.9197341604520242,0.00787141657770508,1.970525212550344
-MTZYtW9q99SMLQZWOM9.-MTZYz7EuYV01N5rW3wF.-MWONN8gSuNXE5ootrzO,0.0906126677222201,3.6472543731562084,0.8746883480591052,1,-8.570650472579436,0.08119801938816996,82.79011173271829,9.164967349049311,0.9997408238304052,1,-0.02684328490136556,3.626986917344898,0.8742775280510764,1,6.501867494313321,1.7897537195220725,-0.5469124039274054,-1.2290816427823097,4.1333623699382285,2.054058041194912,0.20363438494677155,-1.3533473389833266,-0.4398609461979505,0.6299106863731999,0.9411360795887127,-0.30274086983087045,0.0025781300627494516,1.1521490841053619
-Lj_M3HTF61jKiWsSATd.-LrDDIqn_SvKUqnELg1z.-M56dsPKXbvXldghLLPf,-0.11517432765012625,8.544777368313849,0.9967517002300517,1,-9.719623612798918,0.06958890495630436,29.98479793369823,9.265348940031252,0.9991605241673858,1,-0.0009182502961218031,0.0201457861021459,0.06391402009795855,1,7.6218358590634105,0.56616114565598,-0.16236190455730032,-1.2038079391435041,2.877708276335967,1.9382139448381284,0.3320461648788541,-1.2177076753570228,-0.07575694185946844,0.08084942120884209,1.635276081662765,3.8802394115072607,0.010644665314955079,2.1024459280433345
-MPs4GrvJlieFAXqIryf.-MXeykZS_00bcgFbpsqY.-MXezE9aM8omIEkjGCyf,-0.09204604884850513,8.618422627878134,0.9994489850609481,1,-1.8723713766935413,0.23470830447614335,82.04276422267017,2.0141212924494045,0.9600007893761588,1,-0.009084384913012666,1.6084564725567785,0.8828154177623727,1,5.212675458236988,1.9937483182353628,0.009070895618947326,-1.2525231438200544,0.44925625716217515,0.48616170985883955,1.3246855597153044,0.6216938246223678,0.13248690042506525,0.21218632520217628,-0.7913378073990199,-0.8364977422661073,0.007273546042712632,1.9951783302869746
-Lsulqs6JeWOd9vlQVWT.-LsumZIoNLI3HOq_QhI2.-LsutL9nfjpDM7Pbo9qf,0.012993352740926056,-1.5392652667562756,0.9513433682594358,1,0.7855050717877805,0.17378214929887723,93.1168409124746,-0.5572357678100116,0.9829460916496358,1,0.002240141793427478,-0.41509589039389416,0.23186207893603183,1,-1.0586239404708113,0.28871234617004016,-0.5200607435036533,-0.3365729321640023,-0.06761943276602812,0.2796672487676085,-0.37466852726593136,-1.3807414214512619,-0.05071623350162858,0.10265290144666536,0.257696804425604,-1.0645478893706375,0.007117001125981164,1.9172284622488
-LnHernN_fpHMmekEDg6.-LnHf-cbftVM4CTskSYH.-LnHf8gFCOf4eE4Jl4XS,0.08361899144214717,-11.380335153771615,0.9990487217607468,1,3.5479393181707897,0.17051180621661577,91.77728850904498,-5.011624555429525,0.987004863707844,1,-0.015450151601289708,0.3423394148716776,0.9153428383745059,1,-8.286445119455703,1.8111909136613111,0.07376482019570205,-1.1799119861496117,-2.709853666656558,1.2217532584435948,-0.4872672222652766,-1.2894895858102895,-2.167902283639337,0.355683438325201,0.6804634701661196,-0.277525316502524,0.0024137096794981092,1.007552193576498
-LwSaKiRXGNE0juYrEaZ.-LwSaOTcPg-f16rPYz3D.-LwSaSzMtZTIo7NEgv2y,-0.0012779370003235258,2.530478395172322,0.03943196064116994,1,-3.043191236241445,0.06635334928129415,121.3405883101018,2.2701907074825542,0.9979832523369794,1,-0.017829444702283315,2.3852243163813522,0.8228284462205917,1,2.4836465465684525,0.13896932002390155,-0.33664411360667457,-1.0043993234461535,1.5728044134657628,0.46145398575236746,-0.5572692328571175,-0.9812700548009454,-0.5121858949171,0.4313340656204733,1.0546195561331153,-0.1522412390800829,0.004384315972486168,1.5365466521691893
-MsEbiGjx7SGAQ4x_uhj.-MsEbuovMjA99Z_1HoRL.-N2LbOPQp8YOct3_roe5,-0.003743840620308303,-4.982525616328574,0.6734316391806212,1,5.836242555219665,0.14659727594634875,59.636148929000775,-5.2076961672040065,0.9907532251387523,1,-0.016379065833795226,2.4811885057878618,0.7777521118394809,1,-5.03645156213695,0.04026967472511589,0.8462328925290101,-0.3605084741897695,-2.8563405223758314,1.9726852553600127,0.3220911561762231,-1.4612799081122607,0.5566274668374378,0.41089928137558385,-0.7437130773564463,-0.5712260525742039,0.005951891517157229,1.4935010216139382
-N12ztQ1CjdoxS8yF7au.-N1IiknvHn91byFbDwyO.-N82dkDYr6BYdTaTgHmf,-0.018728643946660687,16.030829543603524,0.12029069124438752,1,-125.32974310944148,0.025424535836769676,0.7855089697074658,121.19652610223652,0.9993381674818732,1,-0.010544197829471802,0.8946702500492338,0.13192304032928048,1,15.337837642585919,1.1690723973729273,-0.6922590904300844,-0.5423529459054994,5.788330945874551,3.3026827865668733,0.36590428452755014,-1.0696930617826128,-0.8202871649720773,0.6370910788442935,0.8474935766468529,0.19174573422184382,0.0032292802501961977,1.292644972669294
-MKKKgPaf2GjPHRqFMcV.-MKKM1QDVvBvEXa23_6p.-MKKMEhmheaK2uAAwGKq,-0.009291075743370392,4.185810082051182,0.9709801063851391,1,-3.1793040849206076,0.09341021709175643,109.39870349540215,3.775504081547991,0.9991466869886354,1,-0.02600225773053131,4.100586161062701,0.9612298686925133,1,3.8422747008034497,0.20471772835096355,0.14512185325579183,-1.1048146935368106,2.69232232657304,0.7817191466241629,-0.4116882636616918,-1.226785865984828,-0.12464313058878625,0.5815093709916701,0.5166160679227234,-0.8954057595271405,0.0036469064066417113,1.3315788987773551
-LeGC3EwPfb82NnUGMCl.-MW3t94S9XWaxHdJ6TRc.-MY9DlSJf_mXjinFF2IY,0.04732285095687594,-4.592827613992483,0.9802826295556502,1,2.213528716626812,0.0908878899338492,90.71545304244283,-1.7982557763446627,0.9994880820971687,1,0.00037547538285653825,0.28582485513056066,0.0026735170785516793,1,-2.8416742734924116,1.0343173466273405,-0.3500702829880387,-1.1635373988216495,-0.3811344781883247,0.546711884368635,-0.3582207079735179,-1.2830239871993843,0.3456243982005677,0.16339654511206647,0.10254820429046275,-1.0891016579976456,0.00843685844921499,2.141232001561624
-Liq_w4K5UDKsni46WKd.-MRYrr4EA45jhnaojkaT.-MRYs62AbQepl9gMdVNX,0.02573341358840679,-8.438666311023729,0.9445542697648778,1,7.351202351485267,0.06549068952375675,90.30914551120618,-8.100605579331969,0.9964624485839834,1,0.05733785361619326,-8.531566121417923,0.9685461328775292,1,-7.486785016737899,0.5741001814790878,0.6158112072105256,-0.5422837411280024,-3.528330544551709,1.4584807911598197,-0.240384513034355,-1.2788607209679137,0.7857550642691651,1.279254140282044,0.41425326312322586,-0.9252839110560829,0.005469309692618451,1.6813292003482028
-NWH8w0NaqAlCPus2aCU.-NWH8zjlNHuFFJPCyr4d.-NWH93xJeHxZs23xgMBW,0.058000918558773096,-2.9246531060957186,0.9843518406579548,1,1.7538753006599799,0.2635358045593435,56.7770708711533,0.05859171450638624,0.9021698296543261,1,-0.031048988402653254,3.86673447186922,0.8798219051279655,1,-1.5908946816715,0.7923211773449494,0.3202989543504222,-1.141057870786241,1.4438107789912107,0.5685213386849093,-0.9345635246577216,-0.19603569130988419,-0.30953063042564677,0.7263356873254055,0.8023843788230455,-0.7539033798712382,0.0076681775972075325,0.8804154611613436
-LrIRVq3IK3HG10yEBuK.-LrISdQltvo9B1C3m_ci.-Mwzx0oKGvHkHqcmwuSf,0.054297123591613386,1.1504852701033341,0.9417275678231465,1,-2.7267280397345632,0.17848363255442995,113.5422239523061,5.916886882695726,0.9784550639841234,1,-0.06992352631676486,11.25957524788187,0.933131046201157,1,3.16050451536397,1.211055958614606,0.5565357392252308,-1.0691683725689296,5.278640911705349,0.785918149355196,-0.9357609661687116,-0.45664984707145795,-0.10296232971031076,1.5885850060696198,0.6508260432563775,-0.8632015448880761,0.0024821675523762523,1.1408748525647623
-LilnSmSyM-6usWD64ZZ.-LilnfIIotZ2luAuWpsh.-MsEgK-T-QyfVJizMapt,0.0561249971243688,-8.871831349521818,0.9851066507015198,1,3.72112602745616,0.1416220795072117,91.011820833503,-4.57745910436822,0.9954612324767298,1,0.01595883908339124,-2.090643563185191,0.6654674357739272,1,-6.795097739650837,1.22399909599687,0.32349477474676963,-1.1130405753898496,-2.128569008261101,1.1664189006335515,-0.4930218761504797,-1.2582096005956303,0.5020066131173302,0.43662586744281195,-0.9650470319088686,0.1837702642709469,0.0054526923709472845,1.6759631520793261
-MLCPaVHke5WF47cCC4x.-MLCPgQ3s22FJfFDZztz.-MtMyx6x3-fxm1xO6yYd,0.018153304639177182,2.7035270351372658,0.4989393225172253,1,-0.7927263524344015,0.34545040955391493,82.31270370024262,3.191753414607085,0.890673960186501,1,-0.035835438620898774,6.270477335384915,0.9594716354369612,1,3.3753538656321016,0.5559475718114412,-1.0778370034677134,0.04099139746651037,2.5267236787302103,0.24475650473692592,1.1906845034724962,0.22613038083627002,0.4466343714263515,0.8019101379726503,0.547961714473273,-0.6612811095913447,0.0017497931593471604,0.9466507015614382
-MYcxMB6ca1sHkZqT4kc.-MYcy1GzA6D13QDSmcBc.-MbpQECXbkpu0Fyj5zql,-0.03852247800782038,2.9404441180585,0.9878905913740048,1,-0.23312731240980372,0.5687963255156022,81.85226712146186,0.23711247470060492,0.5028979080944096,1,0.005934345693342724,-0.7839816521768985,0.4377728174754443,1,1.5151737376917147,0.8396038214922428,0.09358994195270663,-1.4335370510192353,0.03800640002522647,0.11374889306872858,0.7228421773603082,-0.0569147783135282,0.180380657625327,0.1985482453714569,0.7540463247467127,-0.7106594184997772,0.006645331618791115,1.908698150997096
-MVQXCBj_iIZqx9OEnWa.-MVQVAL1hY388kxns4lT.-MW46BcD01m9R_UbtKjZ,-0.03538838943409939,7.159198634674371,0.7924711121036989,1,-5.5857090697787175,0.09999492320874673,81.69311506868927,5.325716093144623,0.9995660406621787,1,0.0024945687120389026,-0.29044274473554754,0.014129397457054216,1,5.849668035903588,0.861149992537064,-1.199959496885227,0.19013016848407283,0.971799910855539,1.1190976143571796,0.7798436396741045,-0.7340987485581865,0.11512252610111673,0.46129962855320467,0.8110276046704032,-0.5627380459348656,0.00461821929076763,1.533190845459783
-LwNFu1ENiLuw0bE3Z-m.-LwNF7qD8sfBG7vS9522.-LwNFbgjbhqr7hbcOq2n,-0.04970309494818968,4.109244654088316,0.9707666091288512,1,0.9394976374694547,0.3035782405616808,101.99159739579457,-0.4630519480638331,0.9239527651356155,1,-0.003657409489964847,1.2031967411818658,0.5986449873962847,1,2.270168386731926,1.0923401709363778,-0.46320389213682195,-0.9141042659353324,-0.03984126593544835,0.41705133475125167,0.02282338575124539,-1.5437424269981905,0.6084823371940226,0.10486649755362125,-0.3659284211718386,-0.6688111008902005,0.0056659838852044925,1.7428386546925376
-Ll0PgwJ482RpHKPZiP3.-MUrcCjUEtwQ-lVQPcJs.-N2Ks7UIFuRXgG1Ib2GP,0.03989353138470303,-8.873045490108126,0.9482401342867649,1,6.362467971204482,0.1584162203700896,90.63105341800232,-5.533423484906809,0.997137459297769,1,-0.009711998679591119,1.6210075310249998,0.6782055834868181,1,-7.397096638639861,0.8867860909849932,0.6154721562237555,-0.5203583991518133,-1.2796317207219337,2.065194398204047,-0.5753907296555723,-1.2197434684545683,0.04259662593847582,0.2589305193209504,1.300872939263155,0.380301901104247,0.004455389841668174,1.4926409619167236
-NGLVOuajDGuxg1IZXVL.-NGLVnbG6U15KikwpZ-r.-Nh0pF16Tg65Rrsl0RCL,-0.020202083910331504,-0.5916745367281583,0.822619065333417,1,1.024480011650413,0.219684844111053,51.63786674524476,-1.0738508740276553,0.995145717850389,1,0.009603188026467757,-1.0645699401200917,0.5877647704756743,1,-0.914604175289965,0.21221809070030445,0.871642681060847,-0.6541971228297458,-0.4426008603110613,0.39452106747819615,-0.41618416180053536,-1.487086337793493,0.08899474623397204,0.2784439848126925,2.1258332987520068,4.038014574204619,0.011474271165554216,2.300281757399197
-N1HyPmDE0QTEp92yfCF.-N1Hy_lxGTSOVSsrMUdr.-N6HCjPLaIyfAYhPzTC6,-0.01607402235406008,9.031207696744934,0.671844848645347,1,-8.330497975936249,0.09617091459962986,90.03560911420236,8.812190802400783,0.9999507703530507,1,-0.007854783967716994,0.9891815870007794,0.16930282578314693,1,8.437165197212478,0.4254343711307544,0.46280235067918224,1.0683519947566378,3.3589148140654608,2.098903870769439,0.40916792877091446,-1.2533186842029618,-0.2876084423511458,0.41813863401487156,0.5132767778324322,-0.8543166835400045,0.003602576902254127,1.3329562870884235
-Lhi_hQB4d9hP668bC18.-NJnbybnfglLVaLUOmiV.-NegJhy5bS3CKjNyPQMA,-0.14089012178367577,28.343954079680863,0.9052588451696981,1,-73.49830799613684,0.059517486201170096,53.6336719908429,72.25859461381107,0.9987420630925785,1,0.01647794056107521,-4.003845895372585,0.12913657984571825,1,23.1308564295105,3.205826196560036,-0.86641763158815,-0.3131295183435783,4.665206854659888,4.328532988683775,0.8064296208559899,-0.5524944044156652,-1.3268312546895074,1.004291932212301,1.4002944271825226,1.0639471812440764,0.004313739796363904,1.5118805615046618
-M2bvo-7AnonkE8qaqvj.-M2bz8ZiOLFfos1iTm0D.-M2r1Zb3l5Yacyr5-139,0.01040590439346896,-1.4431690431104243,0.9768033729163549,1,4.0826209394281685,0.0314156634566119,152.1191215479005,-0.9083314153681126,0.9880772914286201,1,-0.010128085994543293,1.9197058268640768,0.6978215887505375,1,-1.0583524554278951,0.22890458984622788,0.26354777582716876,-1.203049258318336,-0.214544802918324,0.2570106552085594,0.3270577874579192,-1.05343341343775,0.27375520700587624,0.2661871920944136,-0.7794774458151352,-0.8901579646348168,0.005337683079774444,1.5174876114930793
-LjVQIQ4lpIhToGNnTrj.-LjVQWGwpxyLJtqFzyRu.-LjVQpPKsDnQinE2BUcQ,0.0011461246955062343,2.0410740152351465,0.11208055920096405,1,-2.102545539175698,0.056979535506114155,118.97433163092528,2.049350021428064,0.9998598072962243,1,-0.01888292205176434,3.0279598414149533,0.9523623332708205,1,2.083693420090976,0.07505173544682689,-0.06702259928177288,-0.9831012530701586,1.4688901900406361,0.3172051986532804,-0.4028004576271508,-1.1192221732094803,-0.04058533867457155,0.42453997100557045,0.4883023947201935,-1.1117743017829498,0.0032005167137884867,1.2663328908448468
-Lo-B0rLEo22F2DZZVSe.-Lo-BGwe6pUm_K76s8XQ.-Lo-BV35YVlaAUkfwnfe,0.006242439954707341,-0.7832429275438998,0.9565627962050737,1,0.5668500389052403,0.06764715706693109,103.55315711209101,-0.3550828591162099,0.9935064610604976,1,-0.002535583955825893,0.4824673419392845,0.7693990727901419,1,-0.5521788501496294,0.1384355929364071,-0.15231006304655068,-0.604508126142886,-0.10325756807569894,0.1216098786563155,0.10595377294645865,-1.3051869414839317,0.0703239760915433,0.06361665452236893,-0.8112823830090946,-0.6462618094806207,0.005987962345763838,1.7178369408732022
-LtYy4Zza7zo46cmS_Q0.-LtYy8eU4dAOsrKzb1IT.-LwNoq3PJQXgY4uDXOuP,0.04826685604940373,-6.344793572494334,0.9895794936729151,1,4.592148738214441,0.04581457895251246,90.21510037309072,-3.9510928497324524,0.9982469989263297,1,0.0073520216891990176,-0.9202060761934807,0.749625203764108,1,-4.558833106984985,1.0502960211904209,0.26618243160592686,-1.1225947432218484,-1.2186556485590052,0.6891072116056386,-0.1414670563406025,-1.2529165180305664,0.2744194955931257,0.18633635344074773,-1.0750796053678153,-0.16866227057989436,0.005602430218055179,1.7235237750495078
-LlBEMo2wsK41U_i4Ff-.-LlBEbuAIaFAvd6Tsudd.-MBhcI5QsCzhA3axsz3L,-0.08175919754550631,22.12592407044782,0.9671505724539115,1,-11377.250862129233,0.02749437194714279,-157.65224218475018,11373.501209383183,0.9984366426884232,1,-0.02405810631537633,2.6798666653193455,0.5634201147642788,1,19.100677229879587,1.7993733851835496,-0.4954087132532907,-0.8750549135008145,6.6901528317141095,4.0773728271393015,0.47266669623347546,-0.9543537898619125,-1.2300794024946968,0.7020623522909254,1.4175757767359183,0.980464996380686,0.004250208387290468,1.468880039014733
-NJj4eDB8VNWex9Rvbz0.-NJj4k1eHyeycR3iiG5W.-NJj5DtKRYURgH7Ck7N9,-0.055475357071065545,2.0779079526223008,0.9963497544620903,1,-1213.0551239553636,0.02686956461262416,-268.4922475618441,1213.5914454106935,0.7793496230376377,1,-0.011131118909436744,1.1373342670436168,0.9669089468332903,1,1.6627410268102283,0.25788157925204647,0.16618094638878803,-1.084008232674911,0.8601133499842534,0.14007931185626105,0.3411661090291126,0.5087187544237097,-0.014739585912239535,0.24825814543093652,0.4857628314378688,-0.8170286695016906,0.013077845243171888,2.2154246643155875
-NPWUIACdTwIvrDgwDhk.-NPWUTvWfyoQtbaQftYL.-NV3bTeVHvLJ6MX5EFI8,-0.01420538428357565,1.6058330480237895,0.9123240927618377,1,-0.9939361405094893,0.11808830745711942,44.24005427859207,1.2755877590999758,0.9692624085427471,1,-0.0033526218825667975,0.7617780697548167,0.6717462702312056,1,1.3429811340857993,0.16305135036217513,-0.6921867755750036,-0.6439719471906136,0.4775406765432798,0.20895559735229202,0.818972528486713,-0.5815215220703087,0.34082039108281653,0.09010918135105674,-0.5102246003631281,-1.0940635192380128,0.0036330900358004918,1.1591581538767344
-Lhi_hQB4d9hP668bC18.-Lhi_pFqfsm7Fzt3bPH5.-MCQUDqfWXkaYO9eR_GK,,,,0,-13313.437420947066,0.03022306813058606,-232.23868406568394,13312.618454972158,0.9979402870790272,1,-0.07975961904340534,4.996172372462696,0.9405655509338123,1,6.8280189384024075,2.1860185356294606,0.3426542986165234,-0.9525815393712374,-0.6263972206732473,1.80513911806663,0.6153869374411746,-0.8867362436982571,0.021635163989174064,2.547047106496775
-NbYMicrypKtEoGHUiR3.-NbYMnlrYieuee2-gz05.-NcRL2hD8HI-MJfXTqGi,-0.011183686381372793,-0.06419539546511221,0.7011119287310592,1,1.1953370183405843,0.16932636783915533,107.79860689712851,-1.3153317379793303,0.9853249125664292,1,0.014107366930143805,-1.625951430922651,0.38973286688766295,1,-0.47830332581151214,0.2895114718957451,-0.9128820735578823,-0.5481400026043808,-0.9082166616066245,0.4057714014144866,0.5180641338735318,-1.2184177796027313,0.665380362270923,0.5066630247593383,1.157708233753942,0.6948952586038506,0.009326450721032562,1.5507852530917514
-NE4zJoCyCYsdsLpWpJY.-NE4zPsSGKx-XUkKQBRg.-NEKi51bCORYLewM8t_d,-0.26202666308344913,15.095704500261638,0.9991530957220408,1,-15.207595393589642,0.05457264093091673,25.94962400339172,15.477175688729826,0.9993914233548364,1,-0.02127273561980192,2.6196916436563127,0.9942823305742137,1,10.509144821311763,2.7205923487460906,0.05512710269986817,-1.2588694887057876,2.6551247012293056,1.4752517226301063,0.603923307241165,-0.8442911356231919,-0.007520938123443037,0.46819670016344855,0.1019076785072023,-1.0033155404348313,0.011117707407502852,2.253781209293589
-N0Zi8FY955-rvKl7bfh.-N0Zj9KQxMIHevPxfr3F.-N0ZjF_uZCPTJnmw7OMB,-0.0993590467673946,11.891359861708471,0.9485403724535909,1,-5.604241866957277,0.12417213311653902,79.1596464618619,5.117777624862231,0.9972321482966101,1,0.004946566764382654,-0.41130697691478235,0.24596414755220053,1,8.21535210602866,2.208758252238204,-0.6141403744003392,-0.7835890771194172,0.4341702676831805,1.0446353207136425,1.0862397712924685,-0.07612047690430401,0.39235011307404316,0.2196336848848806,-1.4303242704339385,1.4988005321390183,0.005186786559386712,1.6783124537498568
-Mxn0bJrVlvmgIvfLv1k.-NJsoWvsNHrJAsX_J_ZZ.-NTNWRxwJMeUPCsYoLrS,-0.028257181142567367,2.0098152092540458,0.9958522120177848,1,-15447.959392279567,0.06426796784191714,247.16600914547175,0.5769599652993771,0.7091569993363102,1,0.010034094628044166,-1.3867027555467204,0.49576242237252344,1,1.4724747848048088,0.3192686739576343,-0.06620648566033421,-1.0166136156500756,0.405010236966081,0.17701773626798167,-0.07609609028591786,0.30992143680201245,-0.11744329077958282,0.3124907237910172,1.1162661406355388,-0.31107529486029906,0.007301619711377928,1.784380819976741
-LpbEwSGv0-3NvLvZYNG.-LpbFBnTf2RC65JpoeRo.-LvtOrv6OdvG1nLqFg1m,-0.18206968143651037,74.39076281045782,0.6890843261612353,1,-118.13406540945527,0.12072901916118192,72.79316150985895,119.1149386934473,0.9961659118477785,1,-0.003943528962799148,-0.24642434891137266,0.06769334246909309,1,67.65150645795636,4.758249370158294,-1.7529057554458984,2.2940787587583165,12.596422737146067,14.327336384509673,1.3359805184228355,0.5607026051249928,-0.8872622265289478,0.3323950759762575,0.9227831618255046,0.20343759739038347,0.004092124414537273,1.4633073135766228
-MqxMJ3lfkYcQvx3vuB6.-MqxMOtop_fRx4yVmH2N.-MuKYCFoS-zNySNEq3BO,0.030481107955165718,-2.046310393107931,0.9802879710157675,1,-0.5752797192783327,0.15583127838382085,108.06463171808306,0.016472042200684257,0.9911078215404403,1,-0.0021001601208314735,0.6475491497809273,0.013769564876569551,1,-0.91837811913949,0.6664187642243985,-0.36900465766539425,-1.0848784655013473,-0.17802428270819953,0.18789416941907797,-0.5707009321145098,-1.1965591594311062,0.3064052976237639,0.4049743278052161,1.5209016945891753,3.181037229819964,0.015282915693922454,2.6654293398846485
-MAZwkBlqAfwZSw-f8pt.-MAZwp1JsTM5b0WUZ4c1.-MAZx9AHxNhavcu7qpve,-0.025346419528059716,2.776312427525289,0.9522406823905275,1,-366.1676985805353,0.006363611072057986,-737.6576082091475,364.9803754528309,0.9636660796571185,1,-0.0043263352409466105,0.6559049836022827,0.7510416316434494,1,1.8378750566196687,0.5626430495519101,-0.055412526031413,-1.3625621539311419,0.5897317548472466,0.1672776227174286,-0.028149515725112314,-0.6158998216603235,-0.04688642915935465,0.11049320380352065,1.3274121571330346,0.5727749913177713,0.005273625141588428,1.726088045643372
-Lhi_hQB4d9hP668bC18.-Lhi_pFqfsm7Fzt3bPH5.-MOeV25MygxXKnGqT2_P,-0.24684015097175377,15.66153992124079,0.9974016425574137,1,-16.165984532649674,0.07740816279003754,21.249840967012645,18.03086207715454,0.9999027861608191,1,-0.05343829833811063,5.838684358729389,0.9997254533852561,1,14.18050424806709,0.929031371571925,-0.11918294215434419,-1.275147693054254,6.241757841652409,3.0799771099339823,0.5296963358679991,-1.0490332591283267,0.46821847184004395,1.172325885909877,-0.026182314372203325,-1.1909578812431818,0.011075768352054505,2.0996868681406737
-M-nSsF_i78yWKTU6Jpi.-M-nT7byCCsOazYBWWQx.-MYxZe6b47orrvJK8Xnx,-0.07042262029741247,5.4973552263558405,0.9345859107179425,1,1.7158414425318103,0.33124679885379044,115.16783255554118,-1.7256547727444165,0.7228159514300602,1,-0.0035836235866504307,1.29031698961392,0.07533496530227357,1,2.892133151259065,1.5774915158382796,-0.6713313308780657,-0.7949914939586127,-1.4008110433144514,0.624593016550402,0.6660181186636736,-0.7194969930753308,0.7077345405917521,0.2873229159321685,0.14132103800113696,-0.8085977996938563,0.007197782479650195,1.995841571767561
-MMz1AKw0f5ctqHvdOBX.-MMz1Etb5pQopv2nAPCl.-MUI6mtI6gzJ3GQz6bmY,0.013105538859324306,-3.4665712445410666,0.8482057580328264,1,3.763791509385838,0.14344875092732626,71.67769665666894,-3.356631679545369,0.9970760927772084,1,0.004344167795472531,0.7714758499905889,0.029964105891530313,1,-3.2639226255570786,0.13468101184421752,-1.0517274650072481,0.05730723377316016,-2.5040901094640957,0.9510854218488654,0.9302776146826807,-0.51855101149282,1.2903185968184792,0.551341400755732,-0.7627704976423499,-0.29890618986379636,0.008126546331689502,1.3611151550739602
-MS7NIxhqnycssoNWvBZ.-MS7NOR5aWyGJia4JLe9.-MS7Nck5jkAqGmk7hsi7,,,,0,-29.83923246267422,0.02628138056059961,-14.624059245059414,27.34718725084005,0.9999301183699401,1,-0.04888568737081744,3.910950139010284,0.9319623445924886,1,5.560084025823017,2.1876483422452657,0.2057145030301597,-1.1764484522686793,-0.3663726366053297,1.1112228548381535,0.6757913192790567,-0.7778982148745328,0.014346612126588464,2.287855441872985
-Mj8A5WiZkzJQPQZHUxX.-N1wWLe-imNjHY0ey97h.-N46mGYEF8K_lv8dFkav,0.041949593638395344,-1.96253980050622,0.9778166085695277,1,1.2950163263049934,-0.42143266306127836,115.457124428168,1.0042002979015525,0.5772750948029379,1,-0.011887271596786764,1.356100433123626,0.27635132231285386,1,-0.41035797303637905,0.9183246509720722,0.38088162679659204,-1.115779556306824,2.0636810391968847,0.5454388179392053,-0.3417302331811494,-1.0244460787882372,-0.5750401171481915,0.4965126611240924,1.2401728819936182,0.6769396377592769,0.006759280284817216,1.0208683293812215
-MYcxMB6ca1sHkZqT4kc.-McSpJgZzpAPzm9HwoxG.-MdGP6W0lZjxvGipvCQS,-0.010100039352818002,-2.9081482764891993,0.6679781506704268,1,3.5990458641847742,0.10697776260218396,88.7216125873679,-3.8458021418869417,0.9990761662759617,1,0.023551598196223433,-3.6139500419343085,0.8825816361727896,1,-3.2822314477488375,0.26725163913340255,1.1186042580694855,0.1405154444185519,-1.3883953417387047,0.9329112866906131,-0.514958780536883,-1.1750394841457354,0.2140444705085123,0.5523488746864451,0.9038987820050924,-0.4362593881636281,0.004292152911407354,1.5089031256701877
-LnHernN_fpHMmekEDg6.-LrsEMc0TBu1X-ESuAtq.-LuCTTKn_zAEK6EPKnbT,0.04404760182712597,-12.074276769888618,0.9476745063956507,1,9.462471995328004,0.08750956640886987,98.96629261332659,-8.981077179996433,0.9996798253027325,1,0.010551597317180694,-0.9572706668371442,0.5156575983405719,1,-10.444319157681916,0.9795038497719326,0.6305487035048662,-0.47400983351645065,-4.169704699418784,2.458631380393597,-0.02063907141273625,-1.4204476462110898,0.7576656896562121,0.33091415068302116,-0.29538832630530937,0.70429320887142,0.004201001485895436,1.447830275512807
-M2bvo-7AnonkE8qaqvj.-M2bz8ZiOLFfos1iTm0D.-M5_kA6lBw6Qdg7DlkTX,-0.03789045970377278,7.072058984227363,0.9593489180503443,1,-4.477136409007927,0.0735221447067139,84.15413329125083,5.345790994396606,0.9997643531365956,1,-0.03632282297039491,5.61979067068258,0.9918420025543707,1,5.67014002864394,0.837874425803998,-0.5174156865922525,-0.7419714986467838,2.158974689964032,0.8512095520066678,0.4680240560414987,-1.1100283956357435,-0.2824948041805935,0.8001679097819648,0.16759937405161643,-1.3279463980165251,0.005393755796908302,1.6666327615539718
-LjL053LDwz53ECJceWS.-Lo-r9zciba06Hi4D04j.-Lz6_jNpFw7jtE63HjnL,0.006941949944848147,-1.2997260646412927,0.7758476727086014,1,0.33731547952707747,0.25875877527605246,103.7502667590982,-0.7815072327841288,0.9805565245193083,1,0.009777707770196632,-1.4795342362345565,0.8560073217601588,1,-1.0429814023709127,0.1709334478317015,0.7057185579088124,-0.6143773475549623,-0.6413430168090308,0.13892786596666487,0.25793541881725496,-1.5956187642362811,0.10944810665451922,0.23196995902188458,-0.9119565464120019,-0.5061091062147356,0.005288410696975585,1.6492647586042526
-Lt40AO190oa9cDUTnYq.-Lt40FaDWrxClk0uGr6c.-Lt40YnlfNMo4xo-xmXL,-0.02716202640458487,0.22410137331740054,0.9538858651975489,1,0.8863698363713667,0.11385119663794026,59.02532115876379,-0.991792660441846,0.993194506819729,1,0.013629020526088498,-1.3503682961209016,0.942250343044755,1,-0.4009729716159757,0.3766387554969803,0.35487315513831763,-1.2918146035839906,-0.35862463422168817,0.22740968496628935,-0.6031714137750274,-1.0409792769181283,0.48237925320526304,0.3082674084191411,-0.28248552562610063,-1.4543581098427965,0.007348393244091034,0.7350729523533203
-NOJLSbEUK8-kwpgRLMv.-NOJL_OgEmxUqIM6d_Ow.-NYNK4Mcxslyj7YIPKvR,-0.005895489105601781,-1.8315599974843142,0.33471710915627617,1,2.956147464928752,0.09154653887146443,112.81063816804496,-2.726010873580495,0.9995980119861535,1,-0.016265870952018924,2.7144213689402683,0.20495859996665655,1,-2.0501290644271988,0.2216886525240775,-0.7444833884358418,-0.4916113619418514,-1.8633880876993723,0.6631167335638453,0.5377880996188156,-1.085737778896452,0.07146897257545255,0.8223707791440448,1.9133339683143504,3.2417922305337648,0.004485439797947535,1.4252630208925738
-NHTSIH6WGEuYYUbVYA2.-NHTSRVS7egqeBUpedyd.-NRgg-A6cZmboXEqmkH0,-0.18785340580366475,25.040670869153494,0.9756711713222272,1,-21.463352220608705,0.04775734076407285,75.12664004130957,20.40064473854823,0.9999849698211748,1,-0.016996997714584742,2.363693442379887,0.7574582733494235,1,18.090119487768366,4.1169698705637305,-0.3965231216210872,-1.1033767185050927,4.490212026564883,2.6684398825278923,0.37437010542862176,-1.1148071804275557,-0.3983813908776131,0.4287382746417594,1.1981394618697743,0.25886038247617726,0.005031137165251297,1.6346051586934802
-M-nSsF_i78yWKTU6Jpi.-M-nT7byCCsOazYBWWQx.-MUHyqOScxhkMC5ZSmu-,-0.08454376078639037,6.083027924250475,0.986481668026069,1,0.6415145874264846,0.24787737342162264,107.64437563758148,-0.7074856967494546,0.7980680485612348,1,0.010293665016385178,-1.1743456838483715,0.4725713901548909,1,2.9546736209227076,1.8425135596649598,-0.2112154939479163,-1.34361095845511,-0.4904670720445124,0.27291059166042925,0.10281266658872777,-1.267073570062751,0.49894229410301416,0.33099330983350267,0.24271542484106373,-1.3526956790857145,0.007691090309631353,2.0414782161600713
-MPs4GrvJlieFAXqIryf.-MPs4WURsoALXoosJo0e.-MRObiSXbfKJRFPiejrz,-0.1478183912865183,17.045706015430433,0.977091354605111,1,-11.863395524211704,0.13070720322076146,91.42042517286417,5.8787069671867815,0.999739353876724,1,0.13163477186834135,-19.24465675011494,0.714963954208216,1,11.575974345297693,3.237174892205101,-0.4069158888883865,-1.0339900090063379,-1.8041695048736406,3.603461849444106,0.46386339889724215,-1.297303111740522,2.144695560145976,3.4212982621064585,-1.0849772793021333,-0.45813403952865084,0.004339661657890807,1.4535040725166688
-M-nSsF_i78yWKTU6Jpi.-M-nT7byCCsOazYBWWQx.-M7abAjfDu8KL2OZb8XU,0.035247832401736345,-6.304785839120105,0.9643467122106729,1,2.988895372585077,0.341301932146269,87.93204112280412,-2.889688507430531,0.9630040718214923,1,-0.014002423850520085,2.203932515685829,0.83103845166416,1,-5.0006233175155685,0.7767183096194417,0.4160874147223793,-0.5512871991708552,-0.705182966555921,1.138661088868847,-0.8621682690119922,-0.7349032428785827,-0.07139379345223629,0.3374587556851024,0.5097639228335663,-1.4703830689634454,0.004575819974426034,1.5047147533278975
-MZHHR8dBprOTJLwvJ3h.-MZHHSzJ7ft2owE1r55M.-M_yQ-cfOpxJ-0ySU-Io,0.10123003703795597,-9.026022499522773,0.9983989911329856,1,5.398859471527731,0.10926337848020491,68.90224322741237,-4.358466554135402,0.9999123612062507,1,-0.017682472293545682,2.8743295502315114,0.8015082666683496,1,-6.192790384293051,1.6696799520525654,0.046770592423207476,-1.1693704816739687,-0.509475444481148,1.3459202978638227,-0.6175403387894766,-1.0368442548046959,0.31933192310468633,0.43331116573206735,0.6415404313441088,-1.2583652985118567,0.008285699078517502,1.9786349983249854
-MHoWbWXEEFoJniM1aZl.-MHoX0YksA2JqWGd5Y1s.-MHoXO9JDDH2No2aRSkM,-0.015328340424886872,1.0141912095247085,0.9039504930293781,1,0.3871244970987914,0.44683512627747474,84.86105396896401,-0.015322823578728833,0.9378047754427075,1,-0.0001687118469495541,-0.03116840389791986,0.00033507700760060377,1,0.4997905437668737,0.31617750358734087,0.11287470998284979,-1.2866353124748393,0.23717922464368324,0.17094305797060563,-0.5207946873930642,-1.3435643944691316,-0.057589033631229636,0.20193337999181016,0.8838134977931911,0.1081586539058037,0.005864379432418976,1.8423196698983744
-MmMQ5j2GE9MAHRXJeCo.-MmMQDqF-bIgPJJmtSGt.-MpBVJ5BFDEQLRnGi3r5,0.022387940319754662,-6.720597849451181,0.97026501058081,1,6.800349535490193,0.09320042526625151,104.7632511141948,-5.0848775237767905,0.9998806544084191,1,-0.005591094510215999,2.271914756672083,0.07051048528065329,1,-5.892201239149783,0.4920212933093148,0.47328315622983735,-0.8037793989439614,-2.2698952432437767,1.7925082211105214,0.2212482869950338,-1.3842272328210214,1.3635801238919047,0.462126142493849,-0.6485605970384022,-0.6774971425591634,0.00489684204051447,1.5396796762243623
-Lhi_hQB4d9hP668bC18.-Lhi_pFqfsm7Fzt3bPH5.-Mdzc6YuYUmjcseGtXBR,,,,0,-9.538116189623254,0.08955587285374506,8.467866039182079,10.825512643214754,0.9995196022875555,1,-0.03410118983430488,3.42219509586895,0.9776442490223967,1,3.732714190009813,1.9535541457469383,0.6231335822638259,-0.963771326688164,0.4385456754041931,0.7564848759469033,-0.36707132322712793,-1.1739130558319324,0.014456748261214611,2.248654822418021
-MB36N6_Jo_H_Xp9V7-e.-MB37D1yxzolc_ezHl7L.-MSS93Tu4cdzmtlaCo79,-0.07680189822593153,4.1562631698315595,0.9972917013378171,1,1.3872116672193247,0.19769696793902708,71.12082521592487,0.4045212727423983,0.8971189764995658,1,-0.04521961954432063,5.8637701393551085,0.9877003642515273,1,2.6578789365679016,0.8870115323881832,-0.13578025054799644,-1.1207415169097739,0.9163443395360815,0.5370756156266088,0.2530661599175317,-1.1709291678623392,0.09972492531779797,1.001159220327051,-0.1000212982346459,-1.361595978820806,0.01418102230735506,2.422507062196467
-LjL053LDwz53ECJceWS.-N540VO55kQEnAVpIHhw.-N540ZhQuvkJDZPRefh0,-0.001781314898096742,4.700974294942572,0.03977725411446131,1,-7.052248711226307,0.08473409593338346,55.20328441967665,4.739034677876705,0.993602003903034,1,0.0036206788846816496,-1.4416941531158458,0.17309431437728962,1,4.682574221034185,0.055837174711540385,-0.13043835591621805,-0.5760078332230787,2.263332968320644,1.651212586454813,-0.36088200523983055,-1.2599890414114323,-1.0482112663323304,0.19204932335572308,0.7434744104655057,-0.6264307981055928,0.010343886587863243,1.7547284433557448
-LrIRVq3IK3HG10yEBuK.-LrISdQltvo9B1C3m_ci.-LyY3PNavXPx-m_Vs8zg,0.22996008481767033,3.4353200888741604,0.9773793366218845,1,-17.222836430043838,0.10085656615860544,94.12086372814434,21.88363028382995,0.9947492511911348,1,-0.09492095253883748,15.222907984157347,0.9396062070575188,1,11.943740884967847,5.035894915084443,-0.36983088033403594,-1.1806110818755529,11.705641938489352,4.771175764899049,0.2470443979419101,-1.3832637524530118,-0.2018000332948671,2.1480381003816347,0.6395299418717645,-0.817042388809297,0.0018395781826313178,1.0119519400190418
-Ll6cs_2_PISse2tMbIY.-Ll6d2JxKsxCBH7cEtzy.-NouOYOI1z-iZXfTWREX,-0.06534149335333063,4.728532316830084,0.9980489974120493,1,-2.5022421536840826,0.18029456884189093,45.125090315101474,2.671313116903806,0.999348362932023,1,0.01698560859435494,-1.8128545443171955,0.5005464349694919,1,3.5525444463365154,0.6981901667130243,0.051882561415821635,-1.1229044755393391,0.6536870392413481,0.6361902591476927,1.1858818969344698,-0.015074387794499877,0.30071849247332527,0.5228908185015999,1.9474546896163707,3.8811315847853436,0.0049070271061797685,1.6114672523331297
-NeMreqmG_AJT3wdYmIR.-NeMrl1wnG9vXRJZgzVd.-NfKRZFQa16MDd6maVs7,-0.08008709153205351,11.472402181457117,0.9193431809837305,1,-7.967136436564556,0.09497807534066639,78.84388396709458,7.634667247140934,0.9999253866544184,1,0.008343455908815134,-0.9257696639310156,0.12685700381295884,1,8.509197274050301,1.808023121581719,-0.7032278370684446,-0.8441411448191913,1.1898132504352268,1.3933255155163338,0.8390812118140563,-0.5954172211077826,0.43011324445545007,0.5161121464410469,0.028131476453891042,-1.5264194205295814,0.004754565201793573,1.5541396337603544
-LnvJOiOC0hyFobuXd5Z.-LnvJTU9-J1J_3OpDavY.-LnvKZalZu35yevczD_0,-0.054771874135976395,8.883728028111255,0.9277829184983849,1,-4994.598713896866,0.010155846863718919,-562.6639856732679,4990.999053690804,0.998569257288076,1,-0.024672383870256782,3.688216764313902,0.9170448749686264,1,6.856913520045117,1.2312548559966026,-0.6684669772150343,-0.844683404939512,2.4549129935802143,0.8852040610776971,0.18152968119119894,-1.045983805934786,-0.32112687870590884,0.565005472972498,0.7193409766297735,-0.7568450839995116,0.004729151732945927,1.5901787597320465
-Ll0PgwJ482RpHKPZiP3.-MUrcCjUEtwQ-lVQPcJs.-N5d0ZkyKsdpWmu0DmnI,0.05564047078090484,-13.226263929756886,0.9580783621279003,1,13.567561445946975,0.05727059694208459,93.91109300156371,-11.726230831537746,0.9986608041942343,1,0.004586124467063413,0.1526568772461463,0.12265913188315947,1,-11.167575813310943,1.2310700135025883,0.5737144075572898,-0.7123125753989616,-4.015850913319681,2.5102356278736058,-0.12060718957607866,-1.2996501510286533,0.8980650561092999,0.288149521914535,-1.4424254784076613,1.861357521881768,0.004334457999102308,1.4785026214983232
-N2zbkhz0QH-FVKXOSNq.-N2zc56TwmgoFUpO-c8U.-N5EkJIckx2rkojWtkIq,-0.3246499166304575,80.04775220237067,0.7200963631746465,1,-91.77208752594682,0.10724486031674046,73.71551440221654,92.90874542096873,0.9965499139654065,1,-0.018395502225291294,2.0749265936894536,0.6048400576670561,1,68.04010269164303,8.267838171252187,-1.5257007257903157,1.1110458440676263,12.211401619017801,12.19618548644382,1.1437769758722376,0.03385452722468729,-0.9142110507992469,0.5193969299751023,1.4905266982324386,1.1267470873222392,0.004270768582432234,1.497902112746297
-N7ypfM-kSIKfE97Ia8G.-N7ypkp-37RU99KKo0YN.-N8YDMP796oTCxXRfSQ5,0.04743771579057986,-12.64122265311086,0.9985941597767152,1,10.28192323067845,0.09571911033187484,102.5691854380902,-9.586285018578083,0.9998879033892458,1,0.015607108649132728,-1.4985411089397513,0.6515349515021739,1,-10.886129339804278,1.0283179759594339,-0.040476844723406444,-1.1008059426242436,-4.9697426954596065,2.808427387155423,0.13337793175629817,-1.4287996590529475,1.0373956770568966,0.4242835703600444,-1.6630942318024595,1.7116280305039497,0.004436290936398942,1.482748820056048
-NJErXKLwkd1nbg1WAvd.-NJErcSu-bZzgcub_6av.-NUQgm-1SgeWiq_m_Cv-,-0.02936339158520651,-1.6015352614433218,0.9395608743082708,1,5.146781103163816,0.17356168726958296,114.5629423797371,-4.352354358696363,0.9906655748006645,1,-0.028370737669180413,5.524191930026388,0.5004717882189087,1,-2.688277017230861,0.6555150715830946,-0.5302074078462662,-1.1778530457555205,-3.2323625787713466,1.3939486081517054,1.0333242956387612,-0.2941751644882702,0.9135985666092491,0.8830791466795734,-0.039912271137565694,-1.1430310268477974,0.0032085676014555835,1.3954942519648739
-LsVlMLffp0SgAp0tEX8.-LsVpvvNc5iRCKfLMuPm.-MPrbmobUqEW9q9YvyZt,-0.030127568106741696,8.887691869665813,0.9355687996982399,1,-8.943522269002084,0.07604548237478673,96.89661546729994,7.613444467833316,0.9999602550694322,1,-0.02044044211739915,2.0625735106135297,0.4316000349383059,1,7.998244815894664,0.5405728972252841,0.42924612731977657,-0.4626170992557941,4.7287796322098465,1.8513998822608508,-0.4007902116363585,-1.1899219814442263,-0.9528807765342201,0.6821831257886736,1.4371562521903791,1.1682725124229743,0.00471729468274217,1.4979674169952286
-LjL053LDwz53ECJceWS.-LjL0WQ8L4ws1NV7CsBK.-LtdGiVrN-Zlqs9N2rgc,0.03950084157231326,-0.005933647044824131,0.6610745616426457,1,-0.3122569950389918,-2.6099398548561576,42.01669238030167,0.06962481143693419,0.35794237712550514,1,-0.0021367580777618134,0.11191169230614995,0.32937487847516334,1,0.17137891050884208,0.10642080311706383,-2.4699275883673906,4.111059261945167,-0.13896344463718163,0.25663622887719406,-0.670559138842388,-0.5268415520167493,-0.09448639480687236,0.08415294714388136,-0.13137386751669597,-0.46035448651873523,0.02977153635784299,2.954123661367671
-MvNOnbh2Qh0ZTFU0LjI.-MvNOvJzKLE_w24DY6Th.-Mw682DCUGxwQqn2psKc,0.0003815954603604288,1.2863593194749945,0.0016238476458912965,1,-1741.1955154105985,0.021572624163700694,-264.96170535514466,1740.8547221516653,0.9723631453128604,1,0.00864374369067955,-1.088239481810648,0.38470770551733036,1,1.3005824869500395,0.20521937737481288,-0.40818264524863274,-1.0936515794704336,0.36230381953472807,0.22020672588456588,0.39217754983052017,-0.6008040420030176,0.3157186626271066,0.311587095483859,1.2182734633399317,0.822816145905608,0.002177982421677062,1.0330418469635754
-MxYN_-GGjd3aJ0ZnbsD.-MxYNezJNmGM8aq9Abvk.-N-2RVv5zyorfjDfyzS9,-0.05063417920338664,4.487373637267082,0.9792269659020784,1,-4.2356755353884665,0.11218182027024444,29.410427427621872,4.6562032081391305,0.9964077280456083,1,-0.008896262115354103,0.8856940640010981,0.9729364015253161,1,3.9311458985385475,0.3355182113433578,-0.27439534189043996,-1.3605615990686266,1.2852136176048885,0.867219850281638,0.8784888563177944,-0.5990723956921644,-0.09728364856175072,0.19814411283000116,0.4296392277110452,-0.8954749684516479,0.010915951597835311,2.2025466819019726
-Lt47WbLeFz0Frdnf7qM.-Lt47aFOlKM6fxX6e0QG.-M0RXMYvKamEriKJ_309,-0.029027143515118592,6.140438665493439,0.972853491118027,1,-6.793303417877261,0.04916564752997154,79.07578155311477,6.962898217250922,0.9993951799852923,1,-0.021146913548197643,3.213521199639925,0.9376420477808405,1,5.0663610116144016,0.6366832289728888,0.3358535252491807,-0.6321815670922408,2.1317355809606005,0.9272266011511088,0.3342143238289243,-1.1589676309749544,-0.22275663235619222,0.47927571647379674,0.444875223303779,-1.1156863418333263,0.004801952408973772,1.5482416278734703
-LwIMXLKExpIAn07WaxT.-LwIMfajZtkKS9rHiNMY.-MLN0aBGdCMWFF61OUX-,-0.00012331728755154061,-1.9420120688705507,0.003055810177287732,1,1.429068111037055,0.09599713351507247,115.93050132946533,-2.0874868284157246,0.9951103147703042,1,0.026940202281164092,-4.130489617691493,0.9448825392208973,1,-1.9467341928904285,0.04927182323020403,-0.4089408869125449,-0.7494351599472981,-1.7395297222450545,0.29808589179469897,0.6801716284322737,-0.8361025119607968,0.24734722488828695,0.6086419621256104,-0.5699373053924073,-0.9728764527731881,0.004437419464367372,1.522097001334471
-LnHernN_fpHMmekEDg6.-LrsEMc0TBu1X-ESuAtq.-M8t4FXA6x_CZoXfA2Fo,0.03895848147418846,-6.249712829928978,0.911223091155032,1,2.714623615823158,0.4052790242702192,83.28210697168763,-2.340617952002694,0.7682433525814476,1,-0.00729126489227272,0.73953359683237,0.07061798160826627,1,-4.808209415864842,0.8838124937005091,0.83338228944009,-0.2815993137616064,-0.10740753068074131,0.9760256101493283,-0.7299349716726772,-0.2504455366017977,-0.4450026472504444,0.6105488397986507,0.5820590701375241,0.43759348333232273,0.005085576261259613,1.6565685712939302
-N1HyPmDE0QTEp92yfCF.-N1Hy_lxGTSOVSsrMUdr.-N1Hz-XeNYP3pNWneQbi,-0.014650858737055213,-2.0004229133152673,0.5864559725274102,1,3.157610158655705,0.10282478723018863,87.59427787312347,-2.975275235982606,0.999872442419217,1,-0.0057404926081757734,0.9460050539182181,0.8726470468190607,1,-2.5428268572817148,0.41371036579735937,0.723650953124632,-0.6934126587447795,-0.7728230512964473,0.7791996613333978,-0.5485143526836005,-1.1152669233901236,0.013324319760639592,0.13478525825252335,-0.22126270061638828,-1.5506839096423528,0.0023955912250519028,1.144032797385729
-MrWMcBqkBqlw5NMQFkQ.-MrWMm-bJkLdGSQBRCb6.-MyMOL9UiPG5qQ5xtt_B,-0.09799829046199071,11.76899356944977,0.9649732964538507,1,-8.456276870480515,0.07520373542400446,69.7719215827016,8.595791113708362,0.9992669925011357,1,-0.006081978233515306,1.1140096708431448,0.8316928730999644,1,8.143121452271064,2.159936225657349,-0.46841469929722124,-1.0577419480487917,1.2976050609425125,0.9595031777528218,0.8376923158622865,-0.5167888929406703,0.12558262002274156,0.14618756905130248,-0.8484305705752849,-0.6669583309271352,0.0052729230877622225,1.6868814687269773
-Ll0PgwJ482RpHKPZiP3.-MUrcCjUEtwQ-lVQPcJs.-Mk6VFPUVVOJP2vJIBET,-0.01015499140555609,-4.730137552306022,0.9426775689665089,1,14.643222936795159,0.0449910305360455,73.57581254919191,-5.918220787997994,0.9928302255601283,1,-0.010744532353426317,2.4720649235620806,0.026522025957659512,1,-4.774167545455507,0.03033681819373913,0.38141324437550955,-1.0212071481704024,-3.5014726887819854,1.2508326092138118,0.4768047343757685,-0.9479555847814329,1.4251141244344812,1.4883872611186675,1.2323418740772867,0.8435729564227041,0.01170199164519113,1.3856248323596558
-LjFjYM0cNHLWyTLdPiL.-LjFk5YStuJwLI4Bz11C.-LoJvTRTWtVT3nkQl1mG,-0.056479647504365876,1.4480686505706337,0.9893181124252944,1,0.15448641246443487,1.7562812689806,96.12888191025348,-2.5073672676555896,0.6335224566481212,1,0.05334131098952555,-8.900977597552842,0.9484420909989847,1,-0.641568237236366,1.2295960073387706,0.2403802832979354,-1.261416540540459,-2.4195934142741113,0.10006891545098161,0.5915169386384349,-0.9718786780867972,-0.23303676063229825,1.201703680898551,-0.4026747006816368,-1.3626976381326248,0.002813570017735904,1.1409881541207159
-LilnSmSyM-6usWD64ZZ.-LilnfIIotZ2luAuWpsh.-NTIHSw6WIv58GrcBeXk,-0.017328108081541282,-1.1411070027622192,0.8638195265894971,1,2.3956836069934258,0.23062313036166657,95.90603158355479,-2.284694928908702,0.9748708405698181,1,0.0015228126906059458,-0.5443076930281163,0.0646797671987176,1,-1.782038571641964,0.4034546889375403,-0.365778248867249,-1.4607182343342608,-0.9161814981376081,0.9707895902203713,-0.18328601934885058,-1.536912647888333,-0.29723534206181773,0.1400136236288167,1.945506280838012,4.69694614905111,0.0029514094756828164,1.2295348267707207
-Mj8A5WiZkzJQPQZHUxX.-Mj8AAzjkbkV0ltCdFRr.-N1wWChJ6xrWstFF4gK8,-0.0554246956247324,11.398975767767634,0.8953681007290519,1,-19.45697430785458,0.05253926444987248,58.409407862078695,19.547229767830125,0.9998667865630401,1,-0.01775066170344835,2.6723737350618726,0.9480639114642614,1,9.348528599979502,1.268753186814327,-0.9442178940531943,0.05051913434533928,2.5097206957069145,1.5070483769566738,0.6424765897189375,-0.7995731047341468,-0.21199686816005606,0.39997885059326754,0.5443094174566733,-1.000681852134851,0.004481803955688951,1.527527237156436
-MvrNkubcd0s4PMRZU6L.-Mx3ll1mq6Q1ZsenuqIf.-NLuEJbgXdXFUL-AgEmy,0.04520155405624239,-7.732676580764286,0.9314418802516328,1,6.008203566984576,0.16238833810204908,42.16814086698301,-6.355765272554308,0.9776580121847787,1,0.005291539595492001,-1.3009160781955145,0.12210548287064671,1,-7.257619230159954,0.29827371329721497,0.7216790872733433,-0.268270543209856,-2.8503530280539464,2.1546452440392407,-0.26752153683934166,-1.5426097579237126,-0.7209787293316211,0.3523681812483102,0.9091031870064041,1.9658028217010761,0.006760228859201871,1.6738569810401578
-MvrNkubcd0s4PMRZU6L.-Mx3lTGBalMdb5zHET1V.-N-MW0i6S41DlUaLmSD8,-0.14599397442946585,17.756084694975083,0.9972333524263703,1,-7.895781445090929,0.09025560252521475,86.59572087234852,8.52015458978109,0.9996917325251928,1,-0.011197142034487184,2.436350783320357,0.5181749106345966,1,12.354421114830373,3.1651364336650785,-0.12771200104179972,-1.218227868357006,2.9847695772868637,1.7771300280396065,0.5143552387478016,-1.1042080205229923,0.616923336381002,0.34211760588447165,0.5092475275119683,-1.2003879537022066,0.004719469391462374,1.565396565185555
-LsVlMLffp0SgAp0tEX8.-LsVpvvNc5iRCKfLMuPm.-MS7hlJHpVfJy5S6CQjO,-0.004502806297471906,3.9835835203672305,0.13303867561425475,1,-8.91523679567454,0.02722977204704381,63.50846383500505,8.118130043854409,0.9985790340014675,1,-0.012866042968569635,2.1584488706519744,0.9889861310924545,1,3.817052261126104,0.2674483212805728,-1.1696835311286877,0.5416278997919508,1.6960081906368498,0.6918100759829764,0.2035358274870705,-1.1761322915941221,0.06762708001980443,0.2839329111699749,0.21016103884640483,-0.9320701789575656,0.0030681567297014397,1.2391541465132787
-M-nSsF_i78yWKTU6Jpi.-M-nT7byCCsOazYBWWQx.-MDJsVNcLbeX7-9BwVn_,0.007898440071260171,4.346397292100205,0.13725690843238014,1,-13.141631959491173,0.026158104604199928,54.228374611861575,12.342920545989886,0.9995906869762783,1,-0.010573425501707798,1.676086835031256,0.25957136986872664,1,4.63899852592638,0.46094936037308376,-0.7989235078177468,-0.3721175432865884,2.3671498952598724,0.8897184830528081,0.22820123982253707,-1.1693647087065613,-0.04223618680075264,0.4552920779257342,0.5712594037268393,-0.7428385504279653,0.0021879792083587257,1.0982735394403569
-Lt47WbLeFz0Frdnf7qM.-Lt47aFOlKM6fxX6e0QG.-Ly3GnYK9pXNhBqSrU0w,-0.07013178360149253,9.586968827022469,0.9717006692566648,1,-4262.855492657643,0.020192152284904046,-255.56994914081298,4261.161596576809,0.9997896940602127,1,-0.005482913786747402,0.8590781060928717,0.8664066036367638,1,6.992646299713584,1.5399625013866243,-0.4501865681741345,-0.9861768485898539,1.724738194443408,0.985963935288463,0.34505631861210256,-1.060705987395953,-0.032060160799203694,0.12898796192358805,0.06489173075468066,0.29277077836421705,0.005009655305931506,1.6068194350917198
-Lhe7Rr0kRFC2_3jT8E0.-Lhe7ZLURi3KBGWKzagL.-LxzEVv8ubFYXUGslNHI,0.011931989313723745,4.2060524141328415,0.4291454383875022,1,-2529.254746137876,0.009414329517860266,-538.605073397082,2525.7196866908125,0.9997410750979857,1,-0.021159302174290524,3.584045079362954,0.8284587233578827,1,4.647156883919948,0.3955729936567117,-0.6815282115707049,-0.5187288153956886,2.730438036878892,0.8472658848000386,0.16378831565248084,-1.1557642281497789,0.14557017794416713,0.5096802002077657,0.8777251176239301,-0.5566147334481619,0.0021972933635978544,1.0644328188847367
-LeGC3EwPfb82NnUGMCl.-M9N9tvEz5XJvKf9pBur.-MUI4PZKpLv4UiaMLEe2,-0.06763592249665229,15.201192762956145,0.6887157456183968,1,-13.128131083618486,0.07126738678743735,84.76010064982475,12.150065258432804,0.9987675394786909,1,-0.006540629021041373,1.336068945231474,0.5158575790898261,1,12.699363539529347,1.764263288206918,-1.1501653661353188,0.007613807684580198,2.9518491186873046,2.489981099114391,0.42720580114753554,-1.1228858104851591,0.27355995880594347,0.2030634597107632,0.5831382321458124,-0.890565613886185,0.003626289613681142,1.392760646109841
-LiHdzI8lpqzkkuRhCf4.-LiHeFL-BtOWv8dfGtAP.-LkORMqxsBTbXsabXuAn,0.1714528111843845,-34.84504794311577,0.9953518447150168,1,21.938439116058067,0.08487682584557925,91.3223400433453,-25.609913148374158,0.9986010914314686,1,0.027934733364633674,-7.993818777459634,0.6858989135088829,1,-28.501415123954253,3.7202936522647057,0.18035018333274153,-1.106875609651103,-11.864055621794158,5.2502675089228426,-0.30599455053302727,-1.3060322037698262,-3.454332627522443,0.7425942241801152,0.629827214850221,0.5193333543122667,0.0030462770386952176,1.1550534178155587
-NWBpQWYQiiP5I_VJXsc.-NWBpVFhytLb9mweOXIh.-NWBpimZ_YOAFMLngiE9,-0.03441692368563043,2.8973547746972166,0.9710010570492827,1,0.18362966398702404,0.4438499546719946,99.32051691092376,0.327228915152413,0.8854905373736517,1,-0.009786404677549543,1.4833783074190539,0.8322533408637263,1,1.6238789139467629,0.7559254940469953,-0.30627167204914013,-1.3514310856724152,0.4194246733188155,0.08891046919272648,0.18718266394406638,-1.455893888250305,-0.10679754867122696,0.23557423566687402,0.9551147464195342,-0.5590385503840078,0.008070970865011719,2.1095222996731327
-LjGBIYnULLBckx6_33e.-LjGBSWiBH-PwIJV_e8T.-ML77XIMGbrcynbcshY7,0.0020349495761591285,1.4173238135707236,0.020668697184833773,1,-1.5207419156189859,0.1688274737647672,74.6761037748266,1.4494051627420876,0.9951540353309434,1,-0.0004486654774873422,-0.01974539195517777,0.0256627304483954,1,1.4930652081844762,0.3054979530093618,-0.06371583013379219,-0.980776035320488,0.05587470287574679,0.194376294304539,1.655027591244193,1.602967424014409,-0.09308197645829731,0.06220646152772762,-0.18059038123975935,-0.9231300067095156,0.005612396968215923,1.7203117854718657
-Liq_w4K5UDKsni46WKd.-MIJ9YxhIJhizHAqd-nT.-MR4HvJIWDCz0K9DlMhi,-0.047085152856185704,3.7703317753013095,0.9579669877030069,1,-0.8448126281826249,-15.810255457286067,126.91067217457226,1.4879924170852215,0.0,1,-0.013662289574710718,1.7937458071881498,0.5004828225550557,1,2.028475797337433,1.042531416199271,0.5395476233420671,-0.9199583348160019,0.6435028256891528,0.0721008427851226,-0.3429159703212581,-0.7438734956720308,-0.4264878772382364,0.42358396035626067,0.5521133479382025,-1.0301100848976967,0.01030027219236984,2.475755996894659
-M_tIQ11tt91NxaiwXZ3.-M_tISNRNhkLQ3PQv48u.-M_tJ7QiwaDIY1lLeOOE,-0.11509772506083804,11.641138863743466,0.9909246903920967,1,-4.971629075177623,0.15521973610297635,69.61701195932989,5.348715259370683,0.9995119871225197,1,-0.012533058978530125,1.9240551032135407,0.9626084068628393,1,8.24630225430813,2.0024900322828407,-0.17400067984781348,-1.3077559560544652,1.5028201433649235,1.302808700107321,0.9715314289398244,-0.491978565309938,0.07521904898912547,0.27997623785614356,-0.004399533751606704,-1.599148966612546,0.006597727023094388,1.8511756645743633
-MX_tivv7eIFmiM5It8l.-MX_trj6iIQj0BMhXUII.-MX_uEBnf8SpOt2qCzKO,,,,0,0.5996309867371201,0.17561289606825486,31.146146926511136,-0.3133215888846362,0.9890826412773549,1,-0.008207661614008321,1.0707189745656078,0.5872864916508242,1,-0.09083196460402386,0.21271008864383223,0.4166334302801145,-1.3711600888979811,0.352616918258064,0.23520144761548903,-0.4769142412571374,-0.9339124785445065,0.005268995163567926,1.0743272995813398
-N2Ajl6_8RGCd6aajyRP.-N2Ak5BkHAg3tBUGAO6a.-N2AlaRTd0bi0zyuT4Aq,0.12043780991928743,-18.237843177169008,0.9828956259334111,1,9.646746025837272,0.11614270211636246,88.2240019235237,-10.4076811996713,0.9987406631403735,1,0.023695916748081747,-3.5534747721471494,0.8782066623544629,1,-13.781006951150802,2.6296493333685986,0.32130332710464116,-1.2007404113307056,-3.6917897303027214,2.570182010411049,-0.583920183382959,-1.1161112398560038,0.2975729548828118,0.5566077328310713,-0.09733329493433353,-1.2152089591679873,0.004888739797496165,1.6012620173345284
-Li7gtLWrhFzshc2oF9G.-Li7h50589dvy5XZPCea.-LjUdKcGL_ilJN7H0_Lg,-0.02136424076238398,-0.14382323450311257,0.9946458162550403,1,2.9128872517486157,0.06645096308314945,89.85279320105033,-2.348302472183276,0.9960024635824054,1,-0.00708905570412368,1.4948438419305798,0.8546341092388127,1,-0.9345857622801195,0.463739587646978,0.11041720105170362,-1.2450038950538789,-0.5159431599815727,0.5801431400583893,-0.25308562485938185,-1.2825215635964602,0.34294904584658714,0.16818110445809212,-0.23380288828478152,-1.3433984986969023,0.003675530030372708,1.1992174924425874
-Leujocx_cjh-Ci6MrBu.-NLUo7sNx6hp4uSLWSwI.-NqW_W_-HbcE3c1RQCaX,-0.18300901895863841,20.466046422385553,0.9923081733046792,1,-10223.76363329188,0.026646789944269993,-191.33676772412878,10221.501726420182,0.9994694054291503,1,0.016235331290850315,-2.886406645711429,0.41581572346204276,1,13.694474756772985,3.9777920391202706,-0.2232783696914402,-1.2096550654947498,2.4730429611700546,1.7956155681040338,0.45832664503626225,-0.9351118631281317,-0.24787383891155448,0.5544564661479812,-0.10758999351094173,-0.8463333214102748,0.005774751272215071,1.739325475948787
-LlBEMo2wsK41U_i4Ff-.-LlBEbuAIaFAvd6Tsudd.-M1-uESDpAroEvKxW_12,-0.0780807319648722,22.095146005577234,0.9414238564362092,1,-15.39644624109804,0.19878762588318172,91.1610159243697,16.351057974718362,0.998481646169425,1,-0.023985564411036497,2.803787385023141,0.8997699421526507,1,19.206253479163834,1.7427235840011455,-0.5934177354540416,-0.9823270114050948,6.138543081687825,5.47803925206065,0.5988949085741961,-1.2836293761397524,-1.0936889316027791,0.5548215401574718,0.7257376794938194,-0.5188580320660661,0.004341639221603785,1.4857226565843193
-LwDIOlM_-SoOdQMs-01.-NEARtKptrKlns-dkr4l.-NQZlQPV8aTk-BfbCx46,-0.04716721613552166,4.985952351367246,0.9854946851738831,1,-4102.031789263004,0.03747385644537373,-126.00077177471462,4100.944750652513,0.9991018131718575,1,0.01361011810017354,-2.8744427742929006,0.500396887490209,1,3.2408611526515294,1.0288922575797212,-0.32444057349208794,-1.0447817651523614,-0.07619529258990139,0.5318447639934403,0.6361071940575361,-0.732082085331053,-0.6626126929416177,0.4228509155155705,1.542817497739792,1.2604936192189875,0.006878307502170399,1.801050223085497
-N7Zztxm7PNA91mxDACd.-N7_-CYqQ26mMpmgXmEf.-N7_-Ihh_qJ0gfVIVDko,-0.1268409289103407,48.648976198708986,0.845057949767245,1,-107.7333564333758,0.08480926109585432,65.2127804347216,111.12720432874893,0.992917736105307,1,-0.07480074102710677,10.625615029120436,0.8451233047899276,1,43.95490779565035,2.9883875319251407,-1.1607224813521821,0.41156888487813337,12.753391595323297,9.127842469057668,1.0619719347281098,-0.10273063737069732,-1.5298166511597924,1.784605507647784,0.9535719982508086,-0.4020388480699286,0.004095106438272411,1.4542320997406606
-MUDIcWtRJGFt3XdDORq.-NE5IIwezb_CBOsJceZz.-NE5IMDax1JU7HjzdXgw,-0.10409809679264898,7.666674734699199,0.9904164712747062,1,-1.6143862531376039,0.4214133428948685,81.13956567187098,-0.47711208170943237,0.8725814409114614,1,0.05161514000809788,-8.021133335021588,0.8848039675887679,1,3.8152623845966294,2.264952887056523,-0.24621294004176913,-1.2040326936179806,-1.8726031961762795,0.46633295570690186,1.454363237276426,1.2477876908757075,0.36631593512894195,1.2054778341515044,-0.07831612397698168,-1.3677254937682068,0.007411926806881915,1.597486704026505
-Ll0PgwJ482RpHKPZiP3.-MUrcCjUEtwQ-lVQPcJs.-Mykdn2Cqnkd_1jb_1Qj,0.019361171984286107,-14.55867020569984,0.49343895034585294,1,16.098982044875534,0.07288985685928001,94.59345182428989,-15.04502086621005,0.9990068582481756,1,0.0379694544379332,-5.66607333926575,0.8983685827022397,1,-13.84224842496898,0.5966883829510373,1.52371741791443,1.4379937939791043,-5.854773762404691,3.6128244513762278,-0.1419252862049162,-1.334679776440216,0.5012027029812571,0.8887789498479226,0.8270592440960078,-0.1018431818379586,0.0038944873303093904,1.3736568641791358
-LrrJODQkYUsA2_E3nXS.-LrrNpTJyrlMkX2XWakX.-Mkfnr76LMe38dqi1ZEk,-0.04635857197653004,3.8698690203943746,0.9592235380200332,1,-4266.500942633973,0.0821903539511111,-65.37924740934213,4266.856657549934,0.9923247416958575,1,-0.006128008328588619,0.6738057618545122,0.8486219543457555,1,3.2469083621762875,0.3949634526586922,-0.13939966912623314,-0.30948741810724556,0.8499242161095458,0.5265710333982287,1.3072227168078243,0.7264692665510695,-0.034033890320565405,0.146493085642567,0.6872585451086122,-0.9250831068236871,0.01068771958040608,2.2065421340617877
-MuohO_gtqg0k2r683cO.-MuohTxXe5Rvw6M6hPGu.-N-2C3g2eAVFA-vkCz4V,0.05965662655018822,-7.224543357967558,0.9788390816751927,1,4.479760313960496,0.1865461145045945,89.95643503704535,-3.0939054457002415,0.9994536466717446,1,-0.034102518498892787,5.209012457755722,0.915146247151571,1,-5.017471852430043,1.3055650604076738,-0.3071601993510576,-1.2518538333747495,-0.024062781372238308,1.5151855957792895,-0.676094419094555,-1.1422405999178646,-0.33290298013518194,0.7820237049712935,0.621021833471731,-1.0156237086420543,0.005016877955335502,1.554491883538976
-Mkkq-BYie-_L1cjH_kn.-NM8UeiRhnOZlyJpJVRO.-NM8cGp8AbwMb9HzLEP_,-0.03503035335155192,1.0018930037781013,0.9985310980897374,1,0.1338205589481439,0.7372526520595615,41.24771874710719,0.17973219625153852,0.17811168554469226,1,-0.0030723844073842085,0.10584305585145642,0.37027092047037724,1,0.6508879424200413,0.21208151381391835,-0.07069796626883709,-1.2818393012459826,0.2580981296129895,0.1496799626110979,0.9313885617444249,-0.17110589960610634,-0.22787986470919122,0.11093727843550003,0.7480679451480212,-0.6635696055070013,0.02071805304828693,2.5270393217185374
-MRUA729OiKXXyHBgHAJ.-MRU8BEsz4ELk9LiGR2N.-N0_3-q4ootZH2byLV-Z,-0.0012167730071499516,4.771036638201791,0.0288276576278349,1,-3.1799125851238186,0.07573580348721341,104.868257823255,5.5210188196666365,0.9931279075433952,1,-0.04632844326021912,8.44786471769513,0.9952528171049221,1,4.726507574577692,0.1565514909428953,0.3562644488191051,-0.9971662458478421,4.181017961577978,0.7308252832456588,-0.1693055584300761,-1.2986057915235358,0.9195595302516919,1.0190481971230685,0.1822978538116117,-1.1526248400448982,0.0021551073473816324,0.9000300339679793
-Muyzr-HZiuakSJo9f8m.-Muz0TCkguH-pRDg0Zju.-MyfQWwSYl0OEKpdAXOR,-0.043954323339248536,-6.71707536146285,0.9927875623772853,1,8.898369611272512,0.23750041319029705,107.36956255232197,-10.070541776674178,0.9977734506266412,1,0.015010646532871314,-0.5658078081099415,0.08217507843973038,1,-8.34328967906128,0.9553950184032375,0.11363734635997187,-0.9566919933989793,-7.009049498340379,3.3703023499121905,0.6015118104999675,-1.341501626049062,1.87642228636998,1.1498871558323152,-0.7844968619253586,0.22101040139134565,0.0032733468052517233,1.2997215671074926
-Miu3_M5gHegm3hn6Q-R.-Miu3iIK6r5tCcrkPh4t.-Miu3ls1WvPwLX61E96J,-0.04359851815367222,5.580808065606089,0.9939272922299636,1,-25.57509591673357,0.012701934934721932,15.393867857104086,18.286502102459952,0.9996524423877436,1,0.006359404283678982,-0.6852781777736958,0.09110645558471309,1,4.904992957507671,0.40419907377893954,-0.20038190347098683,-1.069240329727051,2.2600260852957943,1.091548576604283,0.05711807892995859,-1.2036950896047758,0.07467323935416131,0.46710454395587114,0.7873815432911256,-0.12632028375037985,0.006125308883894287,1.6079683434447833
-MAV3HS34pHY2i1-YSV_.-MAV3WJjcTNFpt1CbDIQ.-MCM9yBYgP_Rv1Mm96q1,-0.036120770350623,3.8472898338961716,0.9700297923096863,1,-2.173482068461786,0.059968349423392873,83.01165540215919,1.9775449054906,0.9962324652979052,1,-0.004461013827763427,0.5762162062334033,0.6550114028594622,1,2.8173725929901625,0.614256233407828,-0.3955938206504076,-1.231972983259455,0.9052222132144071,0.42637298782797883,0.0005750021646148077,-1.3036201796543683,-0.07313682125888976,0.12149734454712639,1.0342934249577471,-0.2206150870278174,0.006080579882629443,1.7445875458582614
-MJf9PRZCQ09Pmf_ADGD.-MJf9bSnOXu_-8UO1fH9.-MJf9lBEx989y9q1n4Or,-0.08952903825073255,9.577526417831807,0.966532275589465,1,-2.2634000005406056,0.2079667802540997,84.71769948047033,2.0273512037381978,0.8194182086763468,1,-0.029285096787460226,5.244755843953728,0.9264375515639174,1,6.265329400606806,1.9714654053747636,-0.498099564679565,-0.9095670331636274,0.2506062021160395,0.7226450013449331,0.6001253785301395,-0.6320419729706996,0.4863881299533368,0.673232826617041,0.14334282065249543,-1.2006234151137627,0.006362546152513056,1.880929658606486
-MpBDMbsdyhcLwWL-L3_.-Mt7hwsWb4VNoFeU1Bhr.-Mt7i5EnEFNskIWYbItK,-0.4020749989063921,44.821323076582445,0.9172368847112811,1,-13.59535192170118,3.8241689728686046,61.019807705222235,8.93287337958942,-3.3306690738754696e-15,1,-0.027376670804895253,7.7948367310509985,0.43288366387147836,1,29.944481894859504,9.088811523133481,-0.8406301713772808,-0.1818073095219095,-4.662802385779149,3.9141426988202768,0.8910100927816386,-0.3255244448096608,3.346638018130164,0.9129404709476321,-0.383446359885931,-0.9918230721617367,0.006026515846626483,1.8558946303739992
-LxPzAAXRuoplPdr-PRR.-LxPyKw7jx3j1Fa7bodz.-LyT-pA1CwK6fCBv7vl6,0.07807185230227609,27.614091257298483,0.8135746596202527,1,-36.281032193576145,0.1728563814115706,82.48003419213342,38.31196908524857,0.9951314487265132,1,-0.024279570866880817,3.18865065454017,0.748933485631645,1,30.50236352066011,1.8741654183420238,-0.5936047675117153,-0.9622924978806973,8.761045251952593,8.812876532791966,1.1908440446396715,-0.002128082305913548,-0.7569372240243165,0.6146605760097151,1.0919414559465328,-0.1645693176234566,0.0033622118997286175,1.3426127366623035
-Lsulqs6JeWOd9vlQVWT.-Lsum-cJ04yTXC8kchkQ.-Lsum7pVVXmX_e_Xjqn_,,,,0,18.035599509332624,0.08661694943567307,31.268720011935315,-6.473163215118555,0.9947974136420061,1,-0.004831593793643618,0.9716671118301755,0.07838150884088146,1,-3.0129937170368835,1.8047105106051047,0.5471345038743612,-0.859768057456697,0.6550889741890255,0.45123992396952606,1.2848191782723437,1.090715060254488,0.029745862790273938,2.523018354265372
-LjZoU_G2B3YglO2xBaE.-LjZokWzH1DWEXx0L1a-.-Lt9DmmvMA866hgvXQci,0.049956442356533515,-5.268155428376884,0.9356538921962866,1,3.1449087766584967,0.12174611574902863,72.83313924792094,-2.324864641605327,0.9986893702902261,1,-0.012061659141586967,2.223988223324806,0.9706983787200621,1,-3.6946335331076763,0.9546752562748984,0.6603493075825584,-0.7709381848085695,0.09249242185125892,0.7350338850932094,-0.842654660243989,-0.6567904828096021,0.39693099283331107,0.26883281153754024,-0.37441179499136856,-1.1315395893685765,0.0072750677747147555,1.8304550667750044
-Lj_XnWf-EECq-HeIZII.-NpJ_INJGdmECJczg2wg.-NpJ_NCarG4HPKzWwpQW,0.10629677605259324,-12.191570785215815,0.9615208222555579,1,4.49267501430399,0.12305156637359783,81.4481205559573,-4.972649824112164,0.9992562583371192,1,0.023095637775788075,-3.1475098282232388,0.7445787947972072,1,-8.258185790447035,2.346920633311407,0.4126104487030618,-1.1716145076861586,-1.3596999884381895,0.9452496305085967,-0.9728740010479411,-0.40216759631498666,0.6054627644472429,0.5874104879065781,-0.2408673372263212,-1.129156093664797,0.006010221339879738,1.869677363494831
-LsVlMLffp0SgAp0tEX8.-LsVpvvNc5iRCKfLMuPm.-LzLehsr5lRMD7x47wWD,-0.06138120343557896,12.117495128096905,0.8707153904345235,1,-44.92911741120891,0.008166825064666166,114.45815207319505,26.065354704098894,0.9990748851095376,1,-0.061465438590498224,9.79858147457986,0.9689772262507411,1,9.846369770769785,1.4241571371349864,-0.45256563891681656,-1.3328953974690623,4.966629063280234,1.316709148237985,-0.007401165096411865,-1.203022922519554,-0.1897039248991396,1.3698842122576058,0.45984852932617876,-1.0250257644845793,0.004075280278763269,1.4584042222511198
-M2gsMSjgBDeZhPiRGCs.-M2gsd9LQMlBwPrVPX3L.-MN7fCMqNvz4KE8ygTO2,-0.14992128341606398,20.907018538027554,0.8921539968850121,1,-13.011580246991484,0.09716590338244835,79.99120455333431,12.156987310559357,0.9999396507189067,1,0.008777551228152936,-1.4792124116564414,0.3092687763105696,1,15.360157005786608,3.436954828015624,-0.8067784483975902,-0.6832840306383945,1.7750276321514185,2.4071140082936555,0.8200273668746457,-0.6369673632261432,-0.05111286950945865,0.34999354221242485,-0.028613788425655772,-0.8491072158386772,0.004941463119021375,1.6223394348503053
-LeGC3EwPfb82NnUGMCl.-M9N9tvEz5XJvKf9pBur.-MK9KgBGcUGe3PSd8i75,-0.10382889787367144,19.230097917616334,0.8396185560098761,1,-14.604955188813419,0.07755752987472432,87.41201628163206,13.184125915013954,0.9995969954432028,1,-0.002382915772094485,-0.18919483503199452,0.11689877036783614,1,15.388577814092004,2.4522007640815167,-0.9683883420215742,-0.4308936012472606,3.322542133546364,3.0784630814882106,0.4009871673132633,-1.1864043920762504,-0.576641703640809,0.1548957819364404,0.1563394561455334,-1.2437729229622447,0.004447911007581289,1.5274462607791177
-LhKVtvaBGb1puFWOmgR.-LhKW39s7wkxN44JF0MW.-MROxofrBvwkv5QagaG7,-0.2131170332828315,20.686778978761488,0.9949241791747887,1,-21.69530852873387,0.06451452171945651,37.239463749731726,22.974405873399835,0.9989756753755062,1,-0.0455470988451618,5.537761102417461,0.9857290732148624,1,17.17091627400251,2.096650212364801,-0.18731543284638294,-1.1832385342095664,6.4690862834760825,3.3132536595436832,0.5229786508862524,-1.020396607284686,0.0036361831886225944,1.0065179916228433,0.3181790250223613,-1.0425107991575335,0.007981884423527333,1.8887198785295896
-NU6Ucl7T5pvRq7p_yHN.-NU6Uh9BMYOrcb4IRLkb.-NVnHijv7tmHY1fTx6je,-0.00365088622687651,-5.762155678465843,0.025873013571947157,1,5.699093085453733,0.14790829995426802,94.31179534392423,-4.8797755558712765,0.9991350294582233,1,-0.009995419940852512,1.7735033226988717,0.2672743404368363,1,-5.898023643893676,0.49042180681222164,0.5265615294713559,-1.0692221512620923,-1.4695272055714605,1.9214212059685014,-0.3233345669224898,-1.4709881699707252,0.1462875619058915,0.44758333785010906,-0.23571933960299074,-1.1175848797242338,0.003166391617721422,1.302974052211148
-Ma7RF-NP7vQdoEKSvnl.-Ma7RHUahyDsdWSeJ-SB.-Ma7TkWhegygzLWjhSdZ,-0.17150400223942086,29.649500099582063,0.9639194048994918,1,-30600.012614398514,0.019056550257085608,-308.168938003106,30593.94979666257,0.9996943230822785,1,-0.051835386614302204,6.518944680913971,0.5517420971822692,1,23.303468079859538,3.781113059008551,-0.5179862840095862,-0.8650579213988601,7.360979622326161,3.6632647807305174,0.33009805384258184,-1.0349161065647947,-1.9042980234917999,1.5312175082550594,0.8780552315273339,-0.35440849545523756,0.004902789785859116,1.6177076090069293
-N1HyPmDE0QTEp92yfCF.-N1Hy_lxGTSOVSsrMUdr.-N5d2x7EVLEkozCcIdNM,-0.07158002774303449,28.00619272583302,0.7359732795492411,1,-25.587289454818833,0.09610868551930582,85.85322225951839,26.836470834773102,0.9991273337755849,1,-0.04486020415584058,5.909028464455442,0.7602251084880285,1,25.358211454137383,1.8062632595049684,-1.3150033174056028,0.4821922314470126,8.472401589583349,5.823627474109907,0.5817072923228462,-1.053633182455236,-1.3807562799118884,1.1283768988913234,0.9642420815454947,-0.4326175713676026,0.003984348689781262,1.4299289137159914
-M0RW7VDc223-4s9DAk4.-M0RWClgmAG7SX1_ZdMi.-M0RWOoVjReJmqvXVSOZ,0.007217267137138772,0.19516580342454926,0.7138972107828567,1,-0.5184244945186752,0.06425098356859393,99.821111859712,0.6985191792593237,0.9932259416132996,1,-0.006126422550465301,0.9704420383772946,0.9710528298838503,1,0.4621467650921316,0.18471080220432365,-1.0397960247334663,-0.33454831329705836,0.4418343776605718,0.10860601333181398,0.017449383340700137,-1.337816717476614,-0.025025417275665585,0.13646833872952815,0.3601961911634943,-1.0266158859450512,0.0021853864304346984,1.135402720054703
-Ll6O1Drda67zTGbu6UM.-Ll6OKVLeAg2rdgD6T96.-M5zaM0PTAXQVioSLfCV,0.09183278912333837,-11.009971432617162,0.9979075731240236,1,5.048821292906464,0.0735314592894146,95.97560148808894,-5.215856355578596,0.9996840523510392,1,0.01918552717377789,-3.115759658709947,0.8927327036309843,1,-7.611826286545753,1.9907101879111047,-0.09500855137796595,-1.2685161598231525,-2.4344786586830587,1.1481751896551997,-0.1144082569332265,-1.3547727526399496,0.0016248513122994468,0.4468982010317364,0.16192786260900724,-1.6409623198285685,0.005628236563476349,1.6944322862941144
-Lhi_hQB4d9hP668bC18.-Lhi_pFqfsm7Fzt3bPH5.-LupzZvydrSXYKHVQ8Eg,-0.11419759605354063,11.372510400435894,0.9899362849222946,1,-8.952689668842496,0.06749099146391539,59.23001582140601,8.5007182694208,0.9999244665568211,1,-0.024893791487675572,2.179179443638279,0.8769210677249029,1,8.917509513049424,1.457956423965379,-0.22327971726465654,-1.272309490276144,2.9023261070307194,1.8079560351099109,0.2579682791426595,-1.2716506990897678,-1.0944852246957775,0.5830044815626049,0.9001459340491853,-0.45343222814667294,0.00916304356306799,2.067110157054094
-MIcBKOd_tnLAszxkFon.-MIcF3rnxjiXfDGpG75F.-MIcFM4EdLsacWPD-uHG,-0.09480361031607927,24.13457813515905,0.8939775922551972,1,-16.17599031695157,0.10268488336594798,87.44306756739641,18.785850146750743,0.9988666893674083,1,-0.07505372483606888,11.502875850568971,0.9419312818708641,1,20.627018564923723,2.170923784907572,-0.897962395361541,-0.3545898986981113,7.467342550379669,3.976461679024597,0.5553753646144325,-1.1136463165632389,-0.6930735511717507,1.6967784126658974,0.5939431687126666,-0.9778687686209198,0.004284263196913451,1.4850236624216102
-NeMreqmG_AJT3wdYmIR.-NeMrl1wnG9vXRJZgzVd.-NiEchdDddeaVv7FcBPt,-0.14042997950364744,15.353491168570194,0.991343084118531,1,-10.233305139690602,0.08587888901409306,72.58432976298079,9.32762031713477,0.9993380745719883,1,0.007763458445199434,-1.1747639482882928,0.17221925570509977,1,10.718190808141685,2.7273825055021526,-0.24747073371526673,-1.1516635332666438,1.3954986659653215,1.8695357671568986,0.6902765697274809,-0.8439294958339394,0.02435612661434724,0.4141682812967967,-0.4138905928633831,0.17953130373864434,0.006196184298508353,1.7819396377513175
-Lt-HI_iromUqoW4jyVI.-Lt-HMzORExxRDS0XEND.-Lt-HV-gq83aQ1znCWL1,0.055682696317550406,-4.837708359864966,0.9975279096086447,1,1.197103612645906,0.11904943108733332,84.89536287413146,-0.923211168806313,0.9962914575171569,1,-0.006843492486065195,1.1246680656595454,0.9762758044528551,1,-2.777292454232935,1.2067626390113364,0.051752483744619895,-1.188119855844225,-0.024388298102547355,0.28970440697070793,-0.7635570890632313,-0.8017177507701585,0.01245456166977942,0.15234783367517618,0.1222110897807775,-1.4753840580759487,0.007355328130779545,1.9939095497116068
-N3TKnmASS39_DJZaHma.-N3TNrRY-7i9dZsKTiNn.-NiZ5C4oQu0AO2-_l9Ht,0.05241992163724302,-4.201397567239185,0.9313241572276452,1,4.065157031083021,-0.8505419449941685,109.10919587840515,-0.8383977354694956,0.46298218512320743,1,0.01610463584089339,-4.850385972231701,0.35926927519512475,1,-2.261412408507917,1.1768038869088489,0.6250374190241891,-0.9293820681667575,1.9726676917179011,2.872488490774028,0.9869659543662055,0.025762863547068804,-2.2313178140176317,0.6258628358639283,0.6489700976842542,-0.8206367579571774,0.015792160587574933,2.705394828857936
-Lhi_hQB4d9hP668bC18.-Lhi_pFqfsm7Fzt3bPH5.-NJnbtHWdGPp28dDihqT,,,,0,-11.496284710830876,0.04457471268904213,-0.050024351474116956,11.314201693548856,0.9999681530639103,1,-0.04717278769423183,3.2377258160244335,0.9769721751396265,1,3.7189733268104024,1.03219155305651,0.15332782703808212,-1.2195153585875005,-0.0411121945803386,1.0460985954943536,0.390014766779217,-1.1028856760529056,0.018793915250265556,2.441499319180893
-LcjqIvLsiqKZ84kXkHZ.-LcjqWY0v91wuSHluWvt.-LcjqvBgz5bkqe3ztZRM,-0.03270260438082073,0.6581578209922199,0.993286329386609,1,0.28999375498110863,2.64344699656075,32.19023784165132,-0.4619173698821988,0.15082188293148857,1,0.01807980536439302,-1.2643891961823055,0.8640457921449429,1,0.5265286620843024,0.07972430359521779,-0.08464674877811892,-0.7108392485038109,-0.3108418906195983,0.37722684465295975,0.16922737749448175,-1.4914099749763527,0.4811608232377908,0.4257021422949276,-0.8852418585232219,-0.35775947744266556,0.011373426189205345,1.9147539479685376
-MkpYZNoG0-GJMy5ai3Z.-MkpaHP4B5ol9U55joHA.-MkpaMP4jcesqSEmQxlQ,-0.06844071088992942,7.884145111825066,0.8316330590854047,1,1.8216517471173765,0.2354306526626211,118.71429421217995,-0.2400388571439391,0.3986518763523387,1,-0.03430701419430893,7.656201644261795,0.38943075203791144,1,5.351955415995065,1.6247964779289634,-0.9784979505709894,-0.39376772682790273,0.005940558473676374,0.6412374193654772,0.24947082776275625,-0.9629884898998577,2.082962425115603,1.2098422851226567,-0.6273941988443692,-1.1271552983722002,0.0043316462364109765,1.4885543790945828
-MrWMcBqkBqlw5NMQFkQ.-MrWMzdYx8o6uIfb6ulV.-N5iFcS5_LhOS9lGnfSg,-0.15646301567015808,12.612555341719071,0.9947570806329256,1,0.6678150436811991,0.36987538952513904,115.61989317540596,-0.7699109048617906,0.2644948422272728,1,-0.01317152728101778,2.3217615544605925,0.5569240801752359,1,6.823184462323586,3.396220926508871,-0.18747955659661786,-1.1789040386626926,-0.6497540165603342,0.4014623788082011,0.616244925383331,-0.48000545591985766,0.18141861060647643,0.3880038223776916,-0.44444916171979226,-1.1688494865955406,0.008807005849482422,2.2327371059948002
-LoP315IYr8aUwaqQU3o.-LoP3NIJAn4J3PldoHHt.-LrwwOy6DtBZ3XLh5zfN,-0.08329628430760394,10.486134393784702,0.98752756232947,1,-13.917043574429087,0.040116139157881106,44.49536679560151,12.925274415773087,0.9996845004325309,1,-0.04709378491330751,4.9557411155814055,0.9333432309910518,1,9.362640089666433,0.6789009045669621,-0.19315054041195223,-1.338134286096251,4.941453075099428,1.879688358777393,0.0976329386209426,-1.2514997723553614,-0.48321637509583143,1.0692700541434816,0.6425479577978266,-0.8664132638626008,0.008246307326334346,1.8841665935951075
-MYcxMB6ca1sHkZqT4kc.-McSpJgZzpAPzm9HwoxG.-MedWzspS_ic1ceZDvg1,0.026609105063319927,-7.61976888644419,0.74350576160946,1,9.059330422069445,0.08904419089334702,51.25387221564811,-8.504894045119094,0.9998218226302823,1,-0.004692552137259165,0.8438724705168177,0.7896379162634521,1,-7.100160996555919,0.35598776092316425,1.189262896192348,0.35493987932889404,-2.1207346426638214,2.0072204724933886,-0.5189796664156572,-1.106171596340365,0.24519303929986508,0.11674247780344224,-1.0371860320438693,-0.14480810674852718,0.006245646315434988,1.6974762471018987
-LxPzAAXRuoplPdr-PRR.-LxPyKw7jx3j1Fa7bodz.-Lx_jF32QqIO1QGF4FzE,0.11112154123001766,-8.020270678741786,0.9980391184461501,1,-0.7986396183304765,0.23537398237635002,113.96238561543511,1.0651158576393507,0.6491690633297631,1,-0.008228059756721251,1.160649428640446,0.8773450039766967,1,-3.909110169349452,2.408161532234901,0.05726059004535356,-1.2643816790749833,0.891549718218529,0.30003891734641447,-0.3490883183226615,-1.035708643816406,-0.1764885390727597,0.19284828876106402,0.8569794872495181,-0.532799772304859,0.009177746289507552,2.2258207124101004
-LilnSmSyM-6usWD64ZZ.-LilnfIIotZ2luAuWpsh.-MIcmVBu775ECiHRIt-Q,-0.05801884361188186,-5.208082444304154,0.908435184007633,1,28.434874696851686,0.03247736645128841,129.98658085082863,-11.990002253281933,0.9819498812639973,1,-0.012420451016160516,3.6795639859780076,0.16583580258994435,1,-7.354974713446937,1.3174656746670295,0.49954043766614986,-1.2403609817893013,-4.016131260284383,2.6391985177490676,0.23990879154648648,-1.2059078586796284,1.660344943766765,0.6747072671734882,-0.0006877932734754319,-1.2979769391064717,0.0031868284335607364,1.16525159204373
-LsVlMLffp0SgAp0tEX8.-LsVpvvNc5iRCKfLMuPm.-MNS7vHnA-TfTVIiiMyk,0.04746869985389146,-2.440899048523109,0.9521322902940147,1,0.7299290402195651,0.1434011213934835,89.12863019049234,0.4539781714867192,0.9947874330278329,1,-0.03136746614868935,4.8596165810098775,0.9920368956795327,1,-0.8270724188422981,0.9693413382836897,-0.5839847567698279,-0.8450129169996603,0.8792040170330883,0.2458434033347039,-0.25942789669344113,-1.4793805370087512,-0.049357801869140384,0.6909562146016557,0.16299401981270414,-1.3343446747316146,0.009021229046711978,1.0609510579694792
-LkSxgdWu3mrv0klTuuT.-LkSxq8ao9-5yLS9f5xw.-Mk6cmOYQRrPnxtQEp_k,-0.069953869364894,4.105739877333127,0.9469067696091502,1,0.5437547694546325,0.28441372602378195,110.03345968401443,-0.42690964620745614,0.955667936044371,1,-0.0017242187299619082,0.7939361323481584,0.15315656144302725,1,1.5175777826261585,1.5565131871515763,0.5687023581411176,-0.9962375996716966,-0.26852011589672536,0.20706275951769465,0.7263038188374984,-0.9181901525993483,0.5134976975449418,0.09896839388585288,-0.6147967979002613,1.639913592357547,0.011722153289289876,2.5626253999275574
-LoTxlrxq8-eTqYk2dMN.-LoTyBmhWGibWHfUaf6I.-LtdZPwRFGfdGmqx17EZ,0.07760458672622073,0.902139554434435,0.9859094370226237,1,-3.4105996718724874,0.11448999826125834,70.2347770721045,4.258695176356436,0.9862224333471653,1,-0.028455356928485803,3.0931932053465334,0.8898945786661893,1,2.258795236042189,0.8141862761829913,0.2698733073682783,-1.238376845489601,3.1332394124261937,0.9436015512960719,-0.45791028243251,-1.1445450837918572,-0.42118271018310544,0.6611380798578544,0.8709736029224827,-0.45592329446491764,0.003966443288425921,1.2320395611331063
-MB8yGXih5puJ_4PF_7d.-MB8zZ8aYX4Yf9ZylK1F.-MB8zvx4uupY5t9Z4-oQ,-0.007039731562518137,7.1156775670482855,0.1521758444232667,1,-7.681031061980619,0.060085785084092104,88.7490906522236,7.837978053621096,0.999731801926153,1,-0.02269350390386285,3.3259158712600927,0.8705561270969729,1,6.8548886107400255,0.3917692516995639,-1.3347068696226894,1.5037325140569315,2.968803203889239,1.4013492692200749,0.251114132194207,-1.2473082573365208,-0.36152916579412514,0.5341186882979228,0.9058868089724129,-0.47762995878507297,0.0036079744051479936,1.3524871573413655
-MzU2dAulHjD_ihxpUok.-MzU2yBtb8dCbtCq_nlS.-MzU3MqCZtbFPR0dGqpa,-0.08896133817192697,7.987784985842576,0.9953168887056131,1,-2.2393294534423,0.06992898497613824,102.89826808856739,1.5379286670175853,0.9983850994943612,1,0.02481097658571685,-4.0067553659965585,0.8504228632520767,1,4.696441871925864,1.931178980115156,-0.15639098364336945,-1.220584288565923,0.5254175702723742,0.4905511566970971,-0.0953707773826096,-1.3472734077971833,0.023788265836652542,0.5968090287897313,0.4215898139094478,-1.3281601037519346,0.006224895420178596,1.7977982666988992
-N3T3J22UG6-6qz3L24S.-N5dwiCAH0-7NqeKdeRR.-N5dwpJZOd93c2cG8C6W,-0.029289552285138073,4.821312115253104,0.9955635562895041,1,-10.076686895073621,0.025752624151291408,38.82894286955867,8.666522744967331,0.9997403521438046,1,-0.014911490882676811,1.8384636085067074,0.9287140584371186,1,4.250064641637612,0.3391089287694207,-0.10814056914581781,-1.0947487050014615,2.069474977822786,0.8298483775452987,0.13809860582014663,-1.2053884620499908,-0.06311692685618449,0.3392142725016396,0.6964962926203897,-0.6722571001424229,0.0061430649523466765,1.654931527366621
-Leujocx_cjh-Ci6MrBu.-MHVHmFIrmK1XR8TJab3.-MUm4kdcEk-N5y3blPdO,-0.04604872390551362,10.108085151390906,0.8066800457328357,1,-13.934825997165191,0.05987730469055327,67.31550589230022,13.760489936845909,0.9998976152777588,1,0.010932127712194267,-1.3491227669336425,0.3594176290129292,1,8.404657978802579,1.1095486376294974,-1.2325750310646766,0.402861769596623,2.0077069058746417,1.4614063908945796,0.6533539160857408,-0.8092793597575532,0.4278995279457806,0.4022348284449579,0.9879677935706918,-0.1865280013753461,0.0037327929272134345,1.3399764135345973
-LhFWo4psMxNltfNkt3V.-LhFWuDai6yRoxydHy4g.-LrDYkwtjmbGE0aq1NCe,-0.0031340252849987316,-1.1933153031617212,0.20488183123153614,1,1.5161363226837845,0.17386463171255725,88.94189833614249,-1.124439654532884,0.9989007714490157,1,-0.008873393270991547,1.425674115174509,0.9848862332127072,1,-1.3090930517073265,0.15052255695180555,-0.10881101818415288,-1.4139378976178274,-0.0600795283951721,0.48711013020676663,-0.7321752659417203,-1.009071386776572,-0.015985541254126306,0.19650125833844775,0.2920197222368843,-1.0542051626686868,0.003127923644770915,1.3006840117634375
-LceeaNQDdA2VnD6w5EO.-Lcef20bdbEtbHh4IGqn.-LcefFbhQQQ9Zqu0k5rm,0.026445805590506244,0.5036539758474277,0.7979263404749226,1,-14599.080622512834,0.02671644038458891,433.35780606521917,1.356076762468727,0.9741150278738948,1,-0.009311913100257474,0.9152381273455148,0.9371027193793586,1,0.8204343465310067,0.21567609100885177,-1.2390915112078023,0.37191834383402167,0.8035868538881268,0.21286120641327538,-0.4124759769060727,-0.7345792723399729,-0.13234061209394476,0.2111260741842383,0.32410328559092433,-1.12314954345672,0.0050964072471475245,1.5087382143044115
-LkSxgdWu3mrv0klTuuT.-LkSxq8ao9-5yLS9f5xw.-MSbJyAjZFXrmpbOiDM2,0.038322437928782094,13.284489081254844,0.940420947181625,1,-16.67189357962295,0.07972362403372613,91.45423926861284,17.93066889154336,0.9997838238700854,1,-0.07511085975560938,10.804401299965122,0.9445565282975318,1,14.58737526760429,0.7871178068148356,0.3317399391042587,-1.405874030860751,9.076677145053909,4.045909019828805,0.07195090545442938,-1.3894501370306167,-0.9503215510567058,1.695598332878698,0.6072291452912751,-0.8679401050810864,0.003588164980119999,1.3048288423536505
-M-nSsF_i78yWKTU6Jpi.-M-nT7byCCsOazYBWWQx.-McIU1tK9jmQJmIyFShW,-0.10761240095128363,7.754102732876965,0.9915241454496102,1,-6.180694617044699,0.06559449657625407,41.97697172763598,6.085441785862318,0.9997863494285083,1,-0.0036458761282593295,0.5256458218967747,0.8631978360704309,1,5.494612069590386,1.3424092543858828,-0.2339329499008828,-1.1992227972311191,1.1118554468695754,0.8293708015355555,0.6262097871211354,-0.8607834746133927,0.0495659049638608,0.08751689615669934,-0.4148303080496341,-0.8189239737353922,0.008831791830376428,2.0595818117723304
-MQpp2oa66HBA2r-i-pc.-MQpqBEezefAjCE9rIB_.-MUD5gvtcVts1Fkuzxn3,0.06804404758115432,-6.688985692178608,0.9996944514312859,1,9.100339442768767,0.04874230816109639,43.38328294460246,-7.535176623551695,0.9995847073651944,1,0.015850335782070513,-0.5936912958626372,0.28965923423829465,1,-6.350877721345221,0.21446667313578355,-0.009928633624666533,-1.3080654600150732,-3.757961875734296,1.451207697935068,0.13387259043816332,-1.2675645939116782,0.9669036634989862,0.6481853068698465,-1.338811324933019,1.0463837586011735,0.011206956594490475,1.909519997868628
-Lilua2XE74Z18rgZNVN.-Liluj98v9mvUJFCihVY.-LilvCJYFOxP8Yi0iZkh,0.00966185059822533,1.895731744202609,0.4254660789079189,1,1.049858336700672,-22.65775860626012,129.5162731640657,1.013866288666212,-6.328271240363392e-14,1,-0.04128166551935175,6.7210623611579425,0.9773655493547623,1,2.248197753919682,0.3175038446710156,-1.3253253694863107,0.9632756359373924,2.063532902097198,0.08151101503841122,-0.7333467942973845,0.08388555509037676,0.05412328094427642,0.9163457311047227,0.35056069013595637,-1.2107266237416172,0.0027759734996377666,1.252446140982969
-My6Kgg-RQTqS9QxmxCk.-My6KkmNUo31t9ZKnUG6.-MyvW7wllLM2jY-oeamY,0.09545461184482285,-14.650168362624573,0.9983339147656328,1,11.52962784916955,0.05467750756652918,101.00247761616792,-9.494019557342622,0.9998935597314629,1,0.009632783408139,-0.5601084670054202,0.2908228451525099,1,-11.118304852854846,2.06823008562068,0.10452431016840516,-1.1710173643560495,-3.9347926271234774,2.0859473983781216,0.03099430284794075,-1.3075283638355124,1.005412303820611,0.3921627365305425,-1.8529855902784742,2.810053796214545,0.005207080917103891,1.6405150824020431
-M0WiPDmi5ngdcTCeNMT.-M0Wi_gTryY5ATjuTO6e.-M0WjWLPD5PVSxmBCgm8,-0.07557160804354265,4.9446148047092064,0.9914349015982815,1,0.6289629499052739,0.2721559423739556,112.52789797022244,-1.3194843711284152,0.7145395646599533,1,-0.008359126573454834,1.178945672512302,0.1150526391400889,1,2.148380866854112,1.642790083125614,-0.21118499673460808,-1.2661587222731259,-1.1673624394702875,0.2496723277410008,0.3844265266697805,-1.0678888733679255,-0.17943990811708077,0.5471458554559021,1.255811760425539,0.39246962043293543,0.012903038038611817,2.4321690639924607
-NFx1p1XvkqbHUf9e00-.-NFx1tOYtcuravDf15ie.-NHU-LsPQZRXGXZPd3Ts,-0.0523642513325866,6.329243337845574,0.9906108263059361,1,-36976.33129784833,0.017017181264304918,681.4886666582613,3.433755077101642,0.9905214739772452,1,-0.01504645109007341,2.1550771985813273,0.8222539941857472,1,4.391892319156615,1.1394631391471761,-0.19318189508791572,-1.3198512818432986,1.529297913676622,0.46782636024469343,-0.27460495800403967,-0.8966124459817562,-0.28987419987601143,0.3644914703809565,0.9629232765326897,-0.4274322981578491,0.005767364210638771,1.7669012490689602
-MvTDGRvKsfdLvkUh1-u.-MvTDLdTz5fyzdfcMokj.-MvTDS6jgfgLkNJJuWld,-0.08086141239203926,2.8054625587505155,0.9966197824714981,1,-57.01695266076706,0.05974957028492576,-33.86560538561986,56.11206980508626,0.9978632690770842,1,0.015468845636253503,-1.9278526116732704,0.8670070797316671,1,1.8754453803768343,0.5605712411151659,-0.15216664790749218,-1.2093024338118608,-0.3264653980952702,0.4623862147899591,0.9490010070056446,-0.20938790212957548,-0.2027996461767867,0.36488186401875494,-0.24202319166694441,-1.6764194524029037,0.01747110040410257,2.0583342511102787
-MLCPaVHke5WF47cCC4x.-MLCPgQ3s22FJfFDZztz.-M_PVMYVhAevX8fOki5-,-0.0068356837240428625,1.236060656414433,0.3060406545616414,1,-1.1131623593548234,0.1711846459275077,81.9703839108136,0.3787678433981712,0.944666023940778,1,0.002615633839678,-0.6756741190192606,0.02467226864015737,1,0.9829814877037677,0.26773920000407336,-1.192347228240542,0.6969669321671379,-0.5362619151431333,0.2686160666963663,1.034528939239471,0.009857561184860142,-0.24961300694362998,0.37608415927261796,1.8152670548554735,3.261417780874784,0.012522474607816912,1.9780436136773756
-Lnuvxn94zzlvbR2fXoY.-LnuwT0P82kNj-2lSKoR.-LnvGiaqFwGl5N3TJh0w,-0.016599230297606127,7.442489550371481,0.9878949000693891,1,-6.850024793592602,0.10230777397454796,100.43488444627837,6.806937236079908,0.9984804929078614,1,-0.007975384796299556,0.6592689859344256,0.3598512720680065,1,6.828424929869318,0.36186067607475053,-0.18970954703163456,-1.2177994278500206,3.491498904451191,1.9687343159347643,-0.04290093408715712,-1.461561240796167,-0.6366551061260397,0.291982126004553,1.6146152359010368,1.7260345971158673,0.0038193401951103537,1.3763838838921443
-LjZoU_G2B3YglO2xBaE.-LjZokWzH1DWEXx0L1a-.-LjZwpPzHRLG7e2Q_3rZ,-0.24185781835553682,25.824910529415884,0.9988745366921729,1,-21.45239432485546,0.050582039250965265,65.05212181989656,21.67587876357945,0.9967175314555928,1,-0.03202812074939865,4.715143130527164,0.9469594740551218,1,16.87651730153168,5.23895022514794,-0.017829830449449,-1.2242631925593297,3.9057788631357573,2.0952310859225776,0.551098531367874,-0.936419644391568,-0.4894455493399639,0.7224397222361844,0.6353679545785931,-0.7129963069274599,0.006488804896675458,1.858153495607726
-NKw9Asu7GCLi0GaKhb5.-NKwBAhcudsOZY1xJlvf.-NKwBGTEyuOdUrPSqVpw,0.005001347973547454,-9.787359947824461,0.3553057366053026,1,10.881879892282186,0.1350436768071769,113.66499420858574,-9.864168918719933,0.9996845965491717,1,0.025349840912597676,-2.0015902531343164,0.22701311271492275,1,-9.602514317013087,0.18301525816279224,-1.0453950647819747,0.030707098980362613,-7.179437126425026,2.8022880053494235,0.8326937388435866,-0.7401519564648118,2.1181240760443583,1.1701279023621538,-0.752639296144794,-0.27403418422294434,0.003963088300520462,1.4556520689005725
-M2884NgPeRfqT9yEIhG.-MzxwAMR8gH7K36hYh_U.-MzxwE_4SNzMX--Yd6U_,-0.2054755300377682,7.9101214144625285,0.9982737099208315,1,-5.490197232164231,0.21241497889989913,25.578403910908705,5.040319877492737,0.9834092768424362,1,-0.000589557841233157,0.711375044648263,0.00629235023352237,1,6.471930643156272,0.8892882653663025,-0.10004251732121719,-1.2509867797624337,0.8133404507997455,1.6720692285068859,1.03051680535629,-0.34579255907726436,0.65116791464193,0.16283759534579112,-0.8292863306307707,0.09595171030683547,0.014428238607167394,2.4555115781964147
-LeGC3EwPfb82NnUGMCl.-M9N9tvEz5XJvKf9pBur.-MDJx7Osd4usLbeUzpIu,-0.07803577202067213,8.746608489476477,0.9901534541251911,1,-3.2499768543765963,0.1266723218763231,85.55674737688003,3.131071195969464,0.9983723446635219,1,0.0008781954912059353,0.05973873885795111,0.04386644012947727,1,5.8598001701499065,1.6983020218661375,-0.2622572359374933,-1.1097060658269366,0.7080279737631959,0.8253815415431071,0.7738035257080205,-0.8056180344661525,0.2031460344431669,0.09541915800849105,-0.2137112097882142,-0.9072258583403885,0.005677295796936154,1.7211407897038602
-NFSg7IgTriGuVVXfYjx.-NFSgKAowvGuO-2JiHyP.-NIfwAmDExY8UKL1HJRq,-0.046478433789680196,19.203474339036948,0.6437845098718945,1,-15.279249090751627,0.16634785330775126,86.37785515862882,16.25590381043632,0.996706603781286,1,-0.011502635605705747,1.3371285651925635,0.48074537924450567,1,17.484349910867692,1.2536689049877652,-1.267351573205711,0.21148993143822015,4.840873853063054,4.42343492564464,0.882973154933248,-0.7326079907693104,-0.53204057040335,0.36437020311447754,1.052417456668135,-0.018174262034368116,0.003798888237632213,1.4062224964031913
-Lhi_hQB4d9hP668bC18.-Lhi_pFqfsm7Fzt3bPH5.-MVz0peR7TpWA_mHtoFC,0.09266945534771398,7.3572363263693745,0.9999904736450275,1,-6.2095846474477,0.11793417757078611,33.43222856575083,8.382646487358553,0.9899100393269787,1,-0.04999873933551283,4.791735389222443,0.9919141276857621,1,7.500117942448511,0.09677492889635737,-0.22778052245645394,-1.0079759486215922,5.82644828151224,1.8935779500672412,-0.2451265701079395,-1.4007311382610248,0.2169078116398619,1.1013607594271695,0.22652527564872374,-1.0204812710855553,0.008436865971200523,1.8115346081508976
-MLHXDQ2BX7xY0GEal8T.-MLHXluRZevq2K-wq4OH.-N2uWfxapahbEjjkwaCt,-0.0574989339320158,8.410958235711007,0.9610599031851814,1,-8.845481459874023,0.07280464205803173,69.53494358167669,8.704870076434725,0.9992476433545077,1,0.002669171460465858,-0.5172919197047803,0.4960414205007466,1,6.282889997290152,1.2688633590690033,-0.5387159900540992,-0.7665180647944707,1.0996767487940773,0.9976020432408957,0.8097942480091543,-0.5882132996107043,-0.08372233809343795,0.08424648867175048,-0.13822603531281152,-1.3572605816302485,0.005015534607299645,1.6064708754525088
-Lhi_hQB4d9hP668bC18.-Lhi_pFqfsm7Fzt3bPH5.-Lhia9CuQtfY5ulaEURn,-0.07772199107710653,9.647460348622431,0.9868326987031192,1,-22.231006986475624,0.02418720362800839,26.946756448335332,18.40897373899468,0.9999038412850213,1,-0.0321967764226434,3.3399168505887102,0.8885485697320181,1,8.75353797272653,0.5407747447561538,-0.303025350575904,-1.14572079836367,4.538036057938225,1.7889300250368423,0.10165942649405234,-1.2128546145521004,-0.25009855503817935,0.7494001445550053,0.8967186223567112,-0.39767539130270935,0.008144177045581846,1.8498770597628436
-Nh5b-fGAFcLuoFanTnN.-Nh5b6CH4s2mGtf2n5yx.-NjC20O87-z9x1HPK4Ee,0.036716675396288645,-8.03945598704198,0.9656660283076457,1,5.971036252236006,0.07654549019696702,105.23443484356179,-5.41215021163969,0.9994226309903348,1,-0.0008934187016127105,1.3806237125038514,0.0005142778862129438,1,-6.681095552254393,0.8088063369747255,0.4245789691431274,-0.7562941850341263,-2.9312497925575456,1.3742099429650803,0.19194705253965672,-1.3381507065140414,1.235229520723806,0.8678581191498979,-0.0698319100827772,-1.2578796964838268,0.004650005646072194,1.549112532917268
-LcfARU6yMZ2m2s6CoLf.-LhiLyo332AVoAFcUndg.-LkXxJcfYSmFUTahJ-Of,-0.06469500755703983,9.687028968993651,0.9879323621479861,1,-9.882701574240953,0.05886121906137031,71.63985266469791,9.787448904513852,0.9993757464172585,1,-0.005301105170460026,0.5869579572569474,0.4197257207104297,1,7.293401120738907,1.4095896623417954,-0.2911386528673048,-1.0322615557987105,1.8155459985902735,1.2025818431992445,0.5758895471400893,-0.9272376686612063,-0.27473790254653774,0.17902084630688295,1.4484583464084808,1.0076966005036807,0.005049335389665191,1.620127914400534
-NXip5uLFDiw_U3II61c.-NXipJsSron0avRS_Uiz.-Nq1pRPj0EnRRBI8APqs,-0.06837519574352496,6.79492262398983,0.9883870611537565,1,-3674.852282478976,0.01934622119197281,-315.9063361948643,3674.729953859557,0.9857959048554331,1,-0.022621960749722413,3.165562631529936,0.9404304657402578,1,4.915223982247801,1.112302500068927,-0.25066714043925464,-1.2453009148516196,1.660808528121715,0.4972476634352105,0.36666450988390425,-0.6934178251583014,-0.08070146769907847,0.5119422887550202,0.5422364437178294,-1.0936007098860965,0.00691805895257906,1.8573341030117214
-NOJLSbEUK8-kwpgRLMv.-NOJL_OgEmxUqIM6d_Ow.-NOJMjLPuKRcfnIx0Cey,-0.0865655752771306,11.671076454846508,0.9984136246982352,1,-7.661620415399139,0.0830678917001192,83.7778708771505,7.39285841871669,0.9999663683018458,1,-0.013347514710205566,1.851886934119735,0.932313614033986,1,8.467795793341468,1.8756096968500944,-0.07968689833429277,-1.2249170245440706,1.7931272779426082,1.5319442507479504,0.562328772554165,-1.0251435072830952,-0.3173779108122603,0.30400285925747716,0.08336491391693926,-1.251695645273653,0.0057668379622978355,1.7403280221898527
-MROkmsNd4l5fOTJ9PT-.-MROktPij37cL2mmx0zn.-MROlBaxvwXcXfr0bMY2,0.027004331719759057,13.22668303528529,0.5472438968068807,1,-15.357097594986918,0.1340586758364279,85.7952694722525,16.689869607421244,0.9974085400844116,1,-0.023853516612412307,3.559551437551454,0.8721949247614876,1,14.225969775426632,0.7901395048460169,-0.7624451997310773,-0.7198898227168065,5.244589700583915,4.0202916811734095,0.7967773551377533,-0.8230799370962689,-0.3170902715683537,0.5604375013844233,0.6844619734966808,-0.8587784588565004,0.0031364908674625836,1.278106243212728
-LnH1N3IYRL8jPBtFHFe.-LnH1ShwZauRHPE9Ff0P.-LoyfCj21pB04oiXwOSl,0.020102145928966864,-1.4032306256616627,0.9398706795003345,1,0.5140038409338813,0.18477941559544822,83.78572017893663,0.1822356717798905,0.9582592437228084,1,-0.014443543134501136,2.5217288955459205,0.8741163806556737,1,-0.6595134212189566,0.4486753360532076,0.5837656111445113,-1.023266429683573,0.5918388568744392,0.1392284454001137,-1.022117510478778,-0.1412634228988865,0.17444204222817045,0.34032846061200767,-0.68573728342837,-1.068057052485713,0.006845475126451607,0.6683191960534145
-LoP7_n5ROEawdOTAeDN.-LoP7y1mZ9A1bOMfEnJ1.-MiV56ncYj8WVq_fvE0p,-0.3100280567377385,21.822803274660583,0.9865392993451172,1,-18.086517139311017,0.1209406151452596,36.40242514615956,18.049663097965862,0.9997989968257034,1,-0.008491895885828339,0.8859391203372822,0.8703672357504763,1,16.70611095286596,3.062390401441657,-0.31634996874203153,-1.0686666821462172,2.5970235732174185,3.022497748112707,1.149499873452674,0.045771998449519735,-0.14560784639835656,0.19947113372283043,-0.6259531153658506,-1.0216810629266722,0.010797174336266474,2.2419858127096024
-LiMpCaA24H9MjEXOVk0.-LiMpKyjdotKO7FGl0BA.-LjQN_FeaGRUswE6xy3j,-0.061076197269698485,4.819714508300531,0.9873832003926809,1,0.20527342042222274,0.5687460404509453,83.3012352167135,0.8147696235999328,0.30290907987010773,1,-0.0238512109882707,3.565248883115482,0.9775203335254803,1,2.5599804651204296,1.330955431876912,0.23575526918217207,-1.2470268917714151,0.9839395975178976,0.12417247798945441,-0.4012870589231225,-1.0956117974546344,-0.3103959523069752,0.5290754784437859,0.3416625175745299,-1.242789786894774,0.010875603773396962,2.4260040428517655
-LrIRVq3IK3HG10yEBuK.-LrISdQltvo9B1C3m_ci.-M50uxQGqzfn51-HobD3,-0.02155087956346935,17.67394840156726,0.658314351778931,1,-18.391169269084156,0.07534289828229372,41.39555023727936,18.8816755118081,0.9985020566888685,1,-0.08031481331102053,5.65956507944418,0.6756719677363683,1,17.60273160997661,0.05827351172661548,-0.17610260511928197,-1.1353729969115187,12.05345833300729,4.02925448204411,-0.2878882203819337,-1.2691398461825387,-2.010724494797229,2.143141306834411,1.4577258146421692,0.9194076991514937,0.010463396577764102,1.912889248147112
-LvjZeYpMfJ_VrisSvqG.-LvjZiM5nTzgJAIO9ain.-LvjZpOhQr-t2cM_bqYf,,,,0,9546.919337101925,0.036386047065096336,-203.8971008437251,-9545.664912132228,0.9996841269817336,1,0.00855299283216504,0.0287503056292705,0.4131472560458661,1,-2.0424006753931203,1.1956093922036097,-0.4447081193219532,-0.9316577117998373,0.6490245730539455,0.2915722528359383,-1.8245538105286094,2.351737614816452,0.02880909369843439,2.5340599114021245
-NJj4eDB8VNWex9Rvbz0.-NJj4k1eHyeycR3iiG5W.-NWCBXboFim3tQGD3-Rf,-0.003210509540497064,-3.2959795438686674,0.2348907966048015,1,3.919839833664441,0.1145791742635595,47.797910099561555,-3.6427074335615264,0.9967635809055683,1,-0.007709661357063396,1.3523569312350492,0.4807766443624226,1,-3.3320639569846042,0.04340469670602066,1.0980746492520388,1.1675767582651648,-1.7036784502397209,1.2049971095511154,0.01430057447635026,-1.4963346794728927,0.5004696580736402,0.24806449869698544,0.7933839764868568,0.38750737320524653,0.008048620152488088,1.686685011328301
-N5d_LUdJ-hfOFnKJVBx.-N5d_PTPhQIbpQFLvMEf.-NC-IYWSECC4ygAhSaul,-0.09701295755967587,7.879723855189755,0.9920543621066719,1,-0.70348016868894,0.36483484304459696,75.8657600175507,1.26463317325714,0.6478658694668964,1,-0.009863086162206214,1.4264132010498598,0.877799950630496,1,4.289701185046806,2.108711482040769,0.06026895395339979,-1.385344600091567,0.5989848447290196,0.11344584965721406,0.8386327886100305,2.958481564206104,-0.17620886145675188,0.2308716495022316,0.7472411667587092,-0.7201290449069435,0.008428367529871535,2.1975300738757206
-NeNVoKA47yuigx02deW.-NeNVs3WG1gB0umir5kt.-NeNW8qDVA_ONfq0mM7L,,,,0,1051.6868327483364,0.04614271908083889,207.1669054505187,-0.4221240363783574,0.8904933013416007,1,0.00709549247970549,-0.3168065190641371,0.9161683181783217,1,-0.2654958363586034,0.0661461577221903,0.1511074834106709,-0.7352220235960165,0.16203091858126484,0.16310730821644367,-0.2612529134590919,-1.4252056911637527,0.02360682478445301,2.095394781736375
-Mbeflxb6jaaHQtkASWG.-MbegFpT9gsLcI3vg0fr.-MbeppE3ejK80EY_mz1X,0.053399596422078026,-1.646946809703786,0.931367270641478,1,-1.3988024088690993,0.06311006899472531,94.37901964428853,2.0089181167143852,0.9959400440762418,1,-0.02303191366605617,3.653230134618963,0.9930018277104168,1,0.32864194868281077,1.197889114871596,-0.6248548815731382,-0.9830593492502446,1.2157905969681193,0.2815982115026534,0.1303860036317239,-1.2953652322952378,-0.08928214256491418,0.5072679751335147,0.0871945533240801,-1.2664714567120452,0.0057137874991481504,1.541730406419137
-MJB4GdKwPjYzk2Jc6BO.-MJB4SEPgZJWGvv-xsDg.-MR3yhz2ilr2-ZYeT-FU,-0.0393169817508785,0.30997043083625575,0.9999993713166794,1,1.930141898223731,0.2385192007141673,32.17483039299656,-0.024668609654429848,0.9955082545245794,1,-0.04340642590697552,3.8862722052278253,0.9485759913972553,1,0.2621810690793276,0.04084650651088719,-0.50258068534759,-1.0802874943494036,0.798810825771574,0.7777382568696352,0.2605250144117219,-1.6385135432804043,-0.0853769137435805,0.977836627215433,0.535330751007615,-1.0843250983381305,0.009919861287564726,1.1412196659818514
-Li78_-q6o1fQuak5tjs.-Li792Lr928udbQJoVff.-N0F-p95Pq0gt2zzAESQ,0.05176586567815977,-2.917966265637752,0.9553077215606631,1,3.504550617309187,0.0725641047094842,39.33952786144701,-2.174434490504266,0.9853025325455442,1,-0.008161679810929412,1.723571874302061,0.5805230212723669,1,-2.379938310211541,0.3228041839747437,0.46304597639743234,-0.9598275552766249,-0.06232996668462344,0.7665873995507896,-0.16955724260821428,-1.317600735009004,0.8301886097736835,0.2347326371146112,-1.06539079294323,-0.10858316408457291,0.016065781326974397,1.7517867969175844
-Lht2eTXnmfpJmP58xnY.-MlP5qcZxRrE22TF4Ibj.-MnZjqVS7Zr1qBSx4xBL,-0.03845897409277832,3.5309782507482943,0.9995111577613224,1,-126.88311403496202,0.0012119124297710058,1.38907342204038,66.94808293275679,0.9988431436548928,1,-0.026383382785199805,2.7153327328474184,0.9680605476150289,1,3.2601648822964995,0.16601506188075532,-0.020743126590347282,-1.2427958670609822,2.0422141142417622,0.5547127775431065,0.004237124732902701,-1.1710957085872566,0.01090101436271835,0.5906580981491624,-0.16283507838842018,-1.1811476573239412,0.009914773067488235,1.9758438490487087
-LqAlBMdW0SudzsLML2z.-LqAlFESFzQexx-7wZi5.-MQl-6q3cGoJljggYSi4,-0.044772941457833726,-2.3837148066236296,0.9638590448327655,1,2.9256118245089358,0.5583180911092087,39.53722229835369,-2.546673877452839,0.9597595485362832,1,0.01954041490599223,-1.3828505822180372,0.830110871850873,1,-2.828532859305178,0.27445572045794625,0.5078829937603421,-1.0456906360139184,-0.736064266617537,1.3771184764490854,-0.22246834693168643,-1.035743835702917,0.7369765374230748,0.47201464614757416,1.0197549313286756,-0.340917248246269,0.020808199732408553,2.4963128729061363
-LlBRVz1-5Dt64hgKO-a.-LlBRbU8aU5wql2rEKoU.-LnHaYGYrsSkECV-ocKb,0.058862735348326534,-6.9221981248234625,0.9917498144374677,1,4.495785614568572,0.08305219392309647,83.17758121970029,-3.6926612629077415,0.9997031591710205,1,-0.014145438311576046,2.5677493003099676,0.9666574001989279,1,-4.743882305424606,1.2793752125558981,0.2391720371374078,-1.107624666589877,-0.3719553797237938,0.8831378394122135,-0.5812524349051841,-0.9870423023965706,0.2695549831468035,0.3150594985914549,-0.3930802216884868,-1.1885556778364557,0.005915330457514993,1.732687372899059
-MLCPaVHke5WF47cCC4x.-MLCPgQ3s22FJfFDZztz.-MLCQFZjsOviv_dVBAgD,-0.0023760992457400043,1.89181144213998,0.37711528522771387,1,-590.3952711910334,0.01710271816248872,-249.8865651565344,589.6616578595394,0.9992816919169815,1,0.009310422118917194,-1.2164792675238125,0.4345815574119648,1,1.8039760724337228,0.08392922767708604,-1.621053191778802,1.9631091443708044,0.8078624104805084,0.3774012353094948,0.29203285375182003,-1.1019222440247964,0.29706266369598455,0.3102326078194941,0.8204914410457932,-0.7093181094654883,0.0022564897213597996,0.9242599133056532
-MuAqx45uCQkH_vnztE4.-MuAr52pwpQ2YYaU0Yju.-MwBPGDv2aYbIEeZjZcY,-0.007663032124205049,0.4919474393377242,0.6888334437970445,1,1.0476122639213319,0.15719232578961845,87.90705609625218,0.17123993754869352,0.9643371300978303,1,-0.013281217097897143,3.1199737680515836,0.4278909519579449,1,0.3075641011019959,0.1307341129507989,1.0145663079060587,0.07895137469684821,0.41621034134245216,0.28670441195238927,0.82768471891151,-0.5004598021246038,1.3072573566797983,0.4451430972447557,-1.1054819640970481,0.14010145389806983,0.0015952013703109107,0.8955317710867879
-LimCEPj4cm8u6UaR3tY.-LimCJq_owsUDVdRu8Y8.-NEA1TjoS-5m_ZzUVi3N,-0.08288890593538167,11.756209824520843,0.988257380143772,1,-6983.7820393128195,0.017556147461819195,-314.6436052710339,6981.409030354594,0.9998253485267119,1,-0.01942581377041197,2.7559518126348843,0.9123872329704015,1,8.689396728251111,1.8055626458260692,-0.29033142317035343,-1.0902745950443813,2.6383346019995035,1.2614285675160355,0.30314041843830747,-1.0830656880721394,-0.40071191522991834,0.446665995491082,0.7745559932122744,-0.36636525213909943,0.005318095859862941,1.6678697670469582
-NAi-ThvNzSqqN1KzvCA.-NAi-hXIIrsaDyVp03yw.-NAi-ktVAGB7cl-x_AMr,-0.1703486657742489,18.203677968518324,0.9937674286842263,1,-18.165587395447567,0.09309805178238512,43.655529692115806,17.146783376780547,0.9986461242960111,1,0.033141413963686195,-4.337012948499485,0.8482184739090022,1,15.649310397468518,1.5278111071684375,-0.1976416655726503,-1.2007066546321425,4.641320117819966,4.269600289398216,0.4903194676411434,-1.162676481309635,-0.41007476503589996,0.789262303259134,0.32936668319862145,-1.5151554874040514,0.007902421753865267,1.8468323409651644
-LuX9kwmV6pnBd40J7DJ.-NYXNlbbSmtff07I1-JS.-NazwfulhMu6my15Cp7Z,-0.02956985292995565,4.806525168161435,0.9731703024539581,1,-3.061550946477642,0.08226758143998496,94.59444279926416,2.961490109108743,0.9961960927381072,1,0.0007772841411345377,-0.4525290939648763,0.010028210656642278,1,3.7123387814198123,0.6495219883073186,-0.32144402497917784,-1.2319560833929821,1.1999306759501034,0.7486481609849814,0.1795237717691442,-1.368410751532176,-0.3262921466677846,0.17081386341558066,-0.13460729456206957,-0.8546636746758982,0.004718572185273711,1.5689467635631302
-Lim3WQ1HgxKNt2gv-gq.-Lim4Dw3Qcgfi3SUInGM.-LsWUf9m-4mIEGZjxTU_,-0.00766016128989766,-0.6477608908930312,0.9078409508623365,1,1.336582280080463,0.10578322672473485,87.65397659417185,-1.365721221964209,0.9982491577897598,1,0.003103786527751229,-0.45462897358767096,0.9033127838838704,1,-0.9309750700325964,0.1753556509995673,-0.18021805240354694,-1.5880177080154336,-0.43175326111510876,0.33470190636290437,-0.552836779717573,-1.1096581973581827,0.04949919702936976,0.07202774784882511,-0.39449363832857287,-1.3290399872140262,0.003234263795144629,1.2921530838182471
-Mk6F7_DicTF4xbi_qpF.-N41R1sodFBjiZniLOj6.-NXncxMtwuI5C_S94Xaj,0.01672754319263181,-0.3539371791316499,0.715801337150962,1,0.10135317628638932,-0.7365874883307112,80.70558866903444,0.3531035520450039,0.4050928680106717,1,-0.011493612062233094,1.9086332913367459,0.8763932667361236,1,0.26517019580287343,0.4279303223867351,-1.1813691892608198,0.0010496542539177867,0.3657999937638599,0.04746091221790231,-0.09991322447318902,-0.6711358878393332,0.04069703467522064,0.27015303021233844,-0.5904524766161215,-1.2403929212460767,0.005165745056967535,1.884294595114663
-Lhi_hQB4d9hP668bC18.-Lhi_pFqfsm7Fzt3bPH5.-LsQTdKyg0LUHWTcdHOi,-0.008651666408765852,2.7435188622352933,0.7671307267322837,1,-4.80539371682557,0.044736333524884674,45.0141801244241,3.7883364667265407,0.9990824325520761,1,-0.007633624369041581,0.29776646637604065,0.6530389808357615,1,2.639020082881039,0.07313792698183799,-1.2596160477147136,0.2936764538995753,1.167737278984538,0.7264396304577575,0.06992290389085326,-1.262753711831797,-0.5610777301532565,0.20745392753931424,1.2502157290783782,0.31384990202723495,0.011145283540015328,1.998024280999989
-LnvJOiOC0hyFobuXd5Z.-LnvJXkkLJXEjgCjvJG8.-Lp2-fRkQZLfpERiPP6s,-0.02307041523921849,1.1072753803003084,0.615253814639952,1,-41.87560195459561,2.583736577616188,63.13319268242661,38.13993256269938,1.1313172620930345e-13,1,-0.03652599873476148,7.392073417341036,0.34213918535574306,1,0.25358226894165725,0.6375756490144168,-1.3189826908816737,0.711263881074466,-3.7355497587130184,1.1843407789740463,0.5050648408240358,-1.019764519384756,1.4570122076543697,1.369201330598817,-0.16736956797194644,-1.2500681124889712,0.008366057310834417,1.5888044979454012
-LpgHNP8uWIJuwB74dfp.-LpgHRFa4OU641lreJC1.-LpgHtF0RO2iOwNPT4iz,-0.06287644412642901,5.33599500601731,0.9952652860118546,1,-5.7425977417901635,0.0641036228183745,31.960287352596644,5.77753331573468,0.9997751550112103,1,-0.016415558523740215,1.3176975858098796,0.8084505892638467,1,4.989274448235146,0.2124637949323026,-0.1608857547089765,-1.149078180810335,2.5607509043660297,1.1684989046662106,0.11782834442042123,-1.3236114043657172,-0.3157329502803367,0.4006492961820537,1.0902396835799884,-0.07735292976280528,0.011586023341056722,2.128493333610824
-Leujocx_cjh-Ci6MrBu.-NLUo7sNx6hp4uSLWSwI.-NqWPpeAPKv2Z3m8rhyQ,-0.11224258449715682,11.108230842764133,0.991625459941422,1,-5.681478698934584,0.07406313660529569,70.35907271058086,5.962864222327488,0.9996487715498443,1,-0.0028801468301532253,0.4570479472498819,0.24376418635690178,1,7.4042340160944375,2.1793288509823294,-0.19169855648242817,-1.3002536579809243,1.5299596320351498,0.9134456171367907,0.6284821912665872,-0.9043411994541284,0.012096370375426053,0.1282806699603915,1.3122545813859188,1.03490810526492,0.00608054959115789,1.7906565199834088
-LhKVtvaBGb1puFWOmgR.-LhKW39s7wkxN44JF0MW.-M8FGBGSWmYSMXg0JK_R,-0.3319983745521542,37.419181037771715,0.9734993594430406,1,-33.02795814884171,0.075436562827705,44.219083607102455,36.30609915342035,0.9998392900083212,1,-0.07898838039970513,10.782319499986102,0.9888573668813985,1,31.276754683498314,3.6894117467631897,-0.41532171628215425,-1.0963535892250003,11.516338660082091,5.863509315045976,0.5686489717930883,-0.9927168941047508,0.8695202406306921,1.7424901510671924,0.28659227080935157,-1.0883067948861433,0.006732639555083682,1.7477755453773547
-N2G3mwfk2QeYyG_USF-.-N2G4IwneT7xXQ02H6xr.-N2G4OS5GJjHW7WZ94rJ,-0.07922234512771387,11.398875611177436,0.9966208036340785,1,-4686.467845439608,0.008250018767906674,-630.0292870522707,4677.655259334088,0.999723329303314,1,-0.005414933753714718,0.25764166845505837,0.05908029112116209,1,8.46694109375438,1.7178776474757762,-0.1546440864384271,-1.1503187746640893,2.64248820023562,1.359547366562924,0.1445123014482233,-1.1490035105993244,-0.6222925059038392,0.4888020318366505,0.8100784002324976,-0.6467211486658675,0.004843270754240912,1.622913462901646
-Lsulqs6JeWOd9vlQVWT.-LsumZIoNLI3HOq_QhI2.-LyhlNVbuBGOhAUnev5L,,,,0,-0.18029579785569488,-3.0983734775969123,50.50822769289895,0.7927024808402825,-1.7763568394002505e-15,1,-0.012732684415881337,0.6518058523233223,0.8743210360285205,1,0.6110133381555116,0.08434551555414968,-0.13038767176838104,-0.8182819998366191,-0.3090436642692052,0.2999176066825651,0.7700719091469773,-0.6624716812455325,0.016226119411491133,1.1800653953732754
-NZ_B2J9-orCHk8M2Xa6.-NZ_B8UjIpc975ne1QSj.-NZ_BEpktCqXB81AeAA9,-0.04685295611657714,8.776992653113759,0.9158614905451433,1,-7.848114009346293,0.08766377832259296,62.15739912563059,7.53816774793869,0.9997595865477719,1,-0.0005469864547933412,-0.5011654193261741,0.002823341892900011,1,7.816321534614845,0.5940068485393013,-0.732999375889554,-0.7609110193469029,3.07213562440642,2.006084541222062,0.17112933279083606,-1.3895175218941855,-0.5722528169189655,0.22552290658920207,0.9880933778767014,0.42727983583450335,0.006280161079965325,1.676232710814869
-N2L5E4vNd0BYiMZcEJi.-N8XaZmEkTa64ZLUpWw-.-NFraJBe1h8Xd5Ct2A9q,-0.0382651047803968,0.6662315311073679,0.9516959104987639,1,1.9273213271616665,0.2768836544797398,92.95207862744222,-2.445564573533092,0.9943319145624567,1,0.008765692486624605,-1.4997119990008303,0.5181013401090031,1,-0.7491106420542405,0.849682550739573,-0.5090594056614685,-1.1324137475742468,-1.230674721514594,0.7761353164010756,-0.4962393608623948,-1.475300819275931,-0.07515126393376578,0.2677011726907591,-1.0386967052565899,-0.6719519266251539,0.003306617973414021,1.5342939474389086
-M-t9P87SNSbooS65K3L.-M-t8UvXwo9AoC5O36Pt.-M-t8jyBMV0jpM2vpm4I,0.05435293457104362,-6.815851943411485,0.9841626944429533,1,3.505660698190431,0.11950283000029327,82.56155717768632,-3.2562419435123537,0.999360807606202,1,-0.004356405677745645,0.7789739296831888,0.8160763482120024,1,-4.804873328653895,1.1857419426379232,0.3399710654792508,-1.0249161500307267,-0.5015338988153232,0.7699264928456985,-0.8896574088769815,-0.5624680616574955,0.07095831306437264,0.10756872509255212,-0.8694230410432818,-0.7022158929124234,0.005471672741400031,1.7018973826820214
-LeGC3EwPfb82NnUGMCl.-M9N9tvEz5XJvKf9pBur.-MZHrK05vPmkQh-aGSbY,-0.12782289666844737,18.686301243661106,0.9661640889198854,1,-6.2676284878731545,0.26417544601669235,81.18875584966487,8.065616362933346,0.9941618430558551,1,-0.015277528498246484,3.6097329928262063,0.8038050812030172,1,13.956518785838364,2.8154314241252,-0.5124462864586137,-0.6932347061564808,2.7111707279410924,1.5390834810477068,1.6284730438859214,1.3293997843954726,1.126739781017645,0.37554640597763334,-0.9984301165041299,-0.34795774571236393,0.004417129231137607,1.500128724929265
-LiHdzI8lpqzkkuRhCf4.-LiHeFL-BtOWv8dfGtAP.-N6v_BEhpRFCjA47J4Ka,0.011872541958975136,-1.404639923826572,0.279498907744715,1,1.0718087066924584,0.31351023453779564,84.80503012486338,0.13479106020299064,0.9024303259770436,1,-0.03260645029757406,4.8360285476108,0.9687263192280883,1,-0.9649338686631845,0.48701096070882605,0.5012121750354557,-0.9474019247243839,0.9829405559799496,0.36406078862518604,-1.0059642404674825,-0.16019034014684985,-0.46270633297148595,0.7267617668550185,0.23255010145573127,-1.3328217250066996,0.0051011723692611,1.1452211672460604
-LsVlMLffp0SgAp0tEX8.-LsVpvvNc5iRCKfLMuPm.-LuBk1PEjNv4q-uM1ek9,,,,0,-4.711596672786975,0.023855370307977648,5.913354872750757,3.639518682843632,0.9995733112806782,1,0.0005837868379069411,0.1398346004299631,0.002042566818338032,1,1.0046883308061045,0.2622919553850348,0.022010786529592728,-1.2037271055416923,0.18160546819652545,0.29251282108890464,1.353581135080415,1.6332902454972826,0.01240612903224909,1.7660527258320182
-LimCEPj4cm8u6UaR3tY.-LimCJq_owsUDVdRu8Y8.-NopxLCsv4o6cl-jEspJ,-0.02883536851516144,3.064822596483739,0.9926744614475578,1,-1.2409386182539457,0.0625859130088302,103.9373737355402,1.0623718505491038,0.9917799467092354,1,-0.0038606859590929184,0.5252050343133723,0.632428060571532,1,1.9979139788173408,0.6267617420296712,-0.1565352083785239,-1.2405172701797713,0.5134498573162787,0.25013607750136674,-0.11723159161005374,-1.3190364454003476,-0.10206152818964491,0.10794334199007563,0.015427336780413962,-1.1612251237838747,0.006149126744827,1.8480226206611206
-MrvB23uSUAm-tDe6PEt.-MrvBXzYZhAbG36OawCY.-MrvBd4VK403Y1i_KOFE,0.012813560836343774,0.8774396285050906,0.652087606300242,1,1.6359175659231628,2.584454855748846,37.867719631497756,0.616628630629168,-1.4432899320127035e-14,1,-0.03711228700346725,5.498177198522908,0.9804109805812478,1,1.2658831024504642,0.2892173910500296,-1.0067041810812176,0.03551000673395954,2.2530177077719458,0.36308115509441247,-0.418290912493664,-1.1468876265984156,-0.05002030263509043,0.8222074844906127,0.36616311002472635,-1.0878903312847688,0.004117503804395249,1.390840127629227
-LsLbFK721gf1RBem3pf.-LsLcp93s-jEo_8rd5CK.-LsLcwNrCq6J6CO-p7KJ,0.03862508992905425,-3.984641850891311,0.9970801079241303,1,1.3534538653382162,0.16391179407685486,87.80368962116702,-1.1753171943765557,0.998527226622581,1,-0.0004678396765367678,0.12306099400870783,0.05525256935271061,1,-2.5553447682306523,0.8370540061353278,-0.09428397490682361,-1.1015717142051205,-0.19909665581333158,0.41036494819918035,-0.7807630389115046,-0.9021435327853751,0.04695657156459456,0.04396314652160018,0.8823731882276146,-0.32762191550857755,0.007168925404497793,1.9404609242199153
-MROkmsNd4l5fOTJ9PT-.-MROktPij37cL2mmx0zn.-McNzayspokGdxjYOBJx,-0.018090681144378173,-1.7292211352040918,0.9340052640493324,1,3.843659419458233,0.0814669428262223,100.69833212923912,-3.2008577023286042,0.9999300231944288,1,-0.004337885959400323,1.0732370974465992,0.3669977891437506,1,-2.3987366590116563,0.4055626823889319,0.5778633393642575,-0.7969609463787855,-1.3493553504665632,0.9494537485302017,0.04575298573268552,-1.3988269418674504,0.36805670627255044,0.15776291998616884,-0.2245883467404752,-1.316086945675812,0.00275467339421935,1.1434637558437049
-M35rpcnqO-CvrquEW4i.-M35s6FyCzBr7tqbBZ2X.-M4OLCf-cH5S2B90FwVr,-0.0073144473017796585,3.549669397696882,0.8383891874770977,1,-4.4831266066032835,0.056076049808431984,113.58571533019831,3.2199057410029406,0.9996577747837158,1,-0.012381248253035422,1.4958917557084799,0.6618136828073646,1,3.278890458658345,0.17295643595851362,-0.7905458697125245,-0.029864136421079657,1.7177700295442875,0.7419392456609168,-0.2939987397697138,-1.2097759231397267,-0.5159909113858604,0.3342029138642771,1.001580006829186,-0.1969205100409006,0.0042263888439895815,1.496555087013474
-NPWUIACdTwIvrDgwDhk.-NPWUTvWfyoQtbaQftYL.-NPWUlBxfdQRSmjhlrhP,-0.07994116480130642,9.781012004700981,0.9917635639321086,1,-69.15832525950381,0.04000284277521329,0.18803319529597176,69.46197209045589,0.9979455782368246,1,-0.01683016774097005,2.5763014139419598,0.9194240110584011,1,6.823328071261469,1.737752238360905,-0.21658019270133105,-1.2411700159918089,1.7902706112481506,0.8130840987975573,0.6383339277860128,-0.7837600370202353,-0.15868756079573398,0.3850271816666545,0.6673688823975019,-0.8621575441164886,0.005587830154821123,1.7276007835677827
-Ll0PgwJ482RpHKPZiP3.-MUrcCjUEtwQ-lVQPcJs.-N8XM7qqTuuobiCEAj-n,-0.016693730823280656,-0.49450277778064033,0.8054819637000666,1,2.3686681572595973,0.18205288292646976,114.74843898831226,-2.2868123187092504,0.9789035821586648,1,-0.0011989139662222498,1.2299978579151052,0.002475538146153977,1,-1.112151298917257,0.40277151500788283,-0.8111092532416873,-0.7832816630098467,-1.7841207135177881,0.6484869951538544,1.0332627594176953,-0.23587046495511244,1.0355251557765552,0.528274093542081,-0.5175557469824442,-0.9109475179366737,0.005034383824797708,1.3073369303146423
-MVLAZZVGNazSaUvY6qv.-MeUIed6c2tC0rdWtf6j.-MeUIw9rRxt0MuiZOC9X,-0.0015578855328974434,1.4201406271281904,0.17197570927647798,1,0.21561939721747422,0.47305639079776923,106.49309503099546,0.9987096877628809,0.7800157398025898,1,-0.01267661203446157,2.5111962573718474,0.6967109512687215,1,1.362657689647735,0.08128536425952483,-0.6926416861157365,-0.445740455995721,1.0762821746150057,0.1066480159624196,-0.012518391056367888,-1.430321592205951,0.4522944640598152,0.33253423158609136,1.0212173674247866,-0.3580550490443293,0.001484385639896909,0.6772996238479769
-M2gsMSjgBDeZhPiRGCs.-M2gvlsMeunFdl3nlgzR.-M699-VuZbBLfHZjvr4g,-0.022434914836883202,-8.099438361215007,0.9901290582071367,1,175.89014482695333,0.0553199641205046,172.86149108037733,-10.54053048678282,0.9980394136993517,1,0.007848085129343096,-1.033933868057272,0.3098067527973474,1,-8.929314216074413,0.48856058088431237,0.06017949023144166,-1.3491128118052167,-6.58328747228901,2.9085526447705607,0.8699328329248627,-0.3244877513465414,0.24428930588877798,0.38604964147294984,0.3421206250622462,-0.5843561634060572,0.0028046441421162934,1.1523620700047812
-N4WKhmuFN9tajuSVtPb.-N4WKml4LUIM37_Fc7vg.-N6C52W3Olf67V3GpaHI,-0.20336173029299082,17.425707181927443,0.9954819144221949,1,-12.382128463487295,0.21178923781258308,38.6958580704145,12.186036942113605,0.9990835104335255,1,-0.004669321724727953,0.6316937161908021,0.4040182453824023,1,14.68278951998441,1.6528941179569192,-0.14147616242112215,-1.029109432608162,2.6806612708298303,3.7578745306951467,1.0677453488963007,-0.38697836466113955,0.09244937508753036,0.16137574992263312,-0.9789577253858912,-0.017355563379228833,0.010821252529838286,2.2078233408837007
-NHTSIH6WGEuYYUbVYA2.-NHTSNphytM8wq_yQ1lp.-N_h9tEgZxrpWIygVIv4,-0.04952500265312791,13.802128247165644,0.9772550592074949,1,-9.683349323569168,0.08758444399332797,56.87599215393467,13.496509481021926,0.9970536864917955,1,-0.08518490593667843,11.124033497984566,0.9933784159075725,1,12.860396506025134,0.564170860273043,-0.39840445063031515,-1.0678921077067771,7.641034139160089,2.4188914752575705,0.2565676236861788,-1.3446350125824946,0.34871544159927176,1.874130816141028,0.2090038986266015,-1.1073021852253457,0.005457927957997946,1.5323728973444437
-Ll6O1Drda67zTGbu6UM.-Ll6OKVLeAg2rdgD6T96.-LnRFwV-Xu0bWynzYHNc,,,,0,0.9462897080852004,0.32575629020420654,14.39787377260631,-0.47867005669679835,0.999216720174384,1,-0.0048797091684870345,0.6365017503944788,0.8407005691654292,1,0.08588875419872666,0.3768245025998498,-0.36429834327852634,-1.5965380147495625,0.27289323553830797,0.11962555583136816,-0.4198696088184671,-0.9731168277817499,0.008884771068511387,1.8390389094631192
-M77E9GmMP_x69tZBC53.-M77FOIJh4okcvlA-yMP.-M77Fjnr7-lwI8uZ-MGJ,-0.019840587835556756,2.200144951541115,0.9619784798744755,1,-137.60970428451995,0.07225601638396498,0.3026129014845714,137.64400528896562,0.9894635884009713,1,-0.0030270180966058824,0.38258536275127064,0.8913717177204616,1,1.4658718148982366,0.43790653077678987,-0.3129700632827488,-1.3543109662394068,0.20747216383429357,0.16670823394725748,1.1243413492059875,0.2474451851741586,-0.10919172507652719,0.07172925360822276,0.7176724322817994,-0.0026382125087649477,0.006643206189937833,1.9244807092860174
-LjFjYM0cNHLWyTLdPiL.-LjFk5YStuJwLI4Bz11C.-LvtbHWn5KDuLl6Fp-Xc,0.0010450418929957017,0.8925458519024262,0.0375657470147186,1,-2.831133591706797,0.06884629780255067,52.02708984289301,1.8491235363541063,0.9947775432776809,1,0.030363820210339565,-3.9803470789892756,0.9772570587294569,1,0.9138349924231581,0.06713539873969757,-0.031271051630273425,-1.2837681630219073,-0.11367102313202199,0.5296897899376506,0.39188222591774874,-1.167699323094745,-0.04841188363064297,0.6742423488976463,0.21753255584173226,-1.4461602337134989,0.005695834859109536,0.767600758412881
-MnyeTyNHSzHjQzXaV-S.-MnyecqEVayWLBiTCwY2.-N-S6Cs4Z9Kag0vM4vhU,-0.12987246119898266,16.08798515426841,0.9948691414883244,1,-42.812951220546736,0.023578633733468246,1.401559836179698,40.90850638297489,0.9997106978486525,1,-0.07042353369500076,8.98783474734143,0.9906969234656625,1,13.815478494186568,1.3527840874028474,-0.18830122927246085,-1.1307183170829767,6.843139529346016,2.3332708652153396,0.2373881631382011,-1.1574222145620745,0.290544290669624,1.5524143648030897,0.24885111799630757,-1.085621574365219,0.006733392662122807,1.702751670437296
-Lc_d-g4yyU44NLZYjLv.-Lc_dR6iUjsYfyL3NJc5.-MrQp4RRJqAKXuBBzdcb,-0.03473835601589488,-8.860970357650062,0.943464151832568,1,16.867437605325264,0.06306055646586071,97.15787758613973,-15.151615419044036,0.995701713389238,1,0.009403674460816358,-0.05069034439043785,0.11790850817861187,1,-10.14630158410565,0.7750448544771329,-0.22151130066568972,-1.6149571314366225,-6.1989386275230025,3.430004900766889,-0.06550718146186361,-1.3189854699419337,1.477336558577967,0.6011065586743145,-1.231292958286699,1.3013010224300485,0.0033709205166773597,1.2663625260375702
-LrrNay2wBPa2vx0qmAa.-LrrOY_sRzPUPkCxTVuZ.-LrrOfp9LyGaCWnGpN4m,,,,0,-1049.2285210743482,0.011938137592797535,-419.6158760875149,1045.1997888427998,0.9927652829314267,1,-0.007916100030509465,0.24252646534123967,0.5355990941465248,1,1.5694948948247263,0.7472911852208105,0.15513681673230317,-1.1380286662276389,-0.36287088459659533,0.23851048556552593,1.2937788996553545,0.8359079121848914,0.02116274856024031,2.361354214531622
-M-nSsF_i78yWKTU6Jpi.-M-nT7byCCsOazYBWWQx.-N0oZIgkzvSj2payxraQ,-0.0794198117357825,9.154796742770555,0.9550124820886137,1,-8.312921926061755,0.06410659099544562,56.34383110686678,7.8172081878931285,0.9998712736230279,1,-0.008480827173146688,0.7396766347757475,0.4762576035949505,1,7.407989160761482,1.0543262158377495,-0.49702617299922724,-1.0936967601906722,2.253244285890684,1.5248127761102575,0.3339366176968087,-1.2041999222756925,-0.3840717010923244,0.26989321582628445,0.5219960427013157,-0.9430975866285283,0.006835809160117208,1.8237961986868088
-LrJ0yu2MQVIC9mmVQU5.-LrJ1-9N8CU-8pcr3S2o.-NFCxH6urwkcGzv1dnFl,0.013983738379797042,1.1411262158073268,0.9330312125900742,1,0.5640715990993022,0.6058518599122126,29.714864340827926,1.3012099866586972,0.4490490921410223,1,-0.02084732566433773,2.2769062670705797,0.9756664994421399,1,1.210377635287437,0.04804860589439331,0.37354675621839756,-1.3618773590994013,1.6486268469546812,0.3873587604465772,1.0848296961503117,0.20078491157815392,0.22341255848713906,0.463927811559455,-0.18777780657144577,-0.7528904131716754,0.005064401770502296,1.368049808897335
-M0Rnlcdzp95eg3gQByU.-M0RnrPFPTR5VYErRZcd.-M3Q1n_gXRBJ_AH73Akh,-0.10347444221555224,-24.272182375090868,0.9958646780898345,1,36.234185504425675,0.21104278881657784,104.61436298949806,-33.1639912046877,0.9974602294602007,1,-0.023032397123867804,8.619013954698724,0.4873291695051649,1,-28.100656981212182,2.2444624727325366,-0.14262356040040958,-1.2693026965610215,-18.708122355732648,13.891022014552584,0.368118692373023,-1.5427312410996703,4.876489676546458,0.7242080149056209,-0.7588524796317222,-0.6117062611226833,0.0035460303105827352,1.3375571353544726
-MVLBpOft-7dIzSb0eE6.-MVL9sG3L9Tl0zezSfHG.-MXk8ZcbPmOKsMxaklzb,0.09278430370603208,-12.984876095637096,0.9989292045455279,1,6.422598913745713,0.18572680994237944,96.34467442139537,-6.06390480144314,0.9957014805964242,1,-0.004905632297797251,0.8417164765822237,0.5604200894191105,1,-9.551558224471428,2.009715745020981,-0.021018284636094835,-1.291581901483454,-2.4571561963324045,2.4175354156751196,-0.20760201320914803,-1.5880251845424882,0.045531367811226436,0.14839897392185716,-0.3791919849109965,-0.880297435419183,0.004869070245577062,1.563873970226522
-M-nSsF_i78yWKTU6Jpi.-M-nT7byCCsOazYBWWQx.-MII_uWBSSTkZ76syn60,-0.08679786159922287,5.416324961520437,0.9970234566539459,1,1.9139213937836839,0.2700852916234327,111.96950517109175,-1.8347925532001899,0.8930606521866162,1,-0.013198795070372915,2.3133834245068563,0.7748349162257361,1,2.2042044720973606,1.8819108014251162,-0.1265215687415207,-1.1756939962872246,-1.3494806259698982,0.6955475000879028,0.7073921594998024,-0.7328466301903305,0.1682269623460859,0.33050993056957606,-0.6452519415846661,-0.9260544757428351,0.013808069054892517,2.524810160329561
-NZj_UI5xOnM9HlJwmRM.-NZjeMcTKhz6ooZtZBvi.-NZjefVj56Bxe65Wrtam,0.13946861202443495,-3.7413642511234038,0.9989669972342906,1,-1.8333362543678058,0.4557922642642633,40.538353096155284,-0.6127035095029288,0.34797357885305635,1,0.02779691134216522,-3.3507818944771497,0.9345095080118747,1,-3.396394319722512,0.23383420797954468,0.08027782580286275,-1.2408502009546405,-1.1604474940214589,1.2935718304276023,0.7496441847466228,-0.46600946835453794,-0.7522302885433719,0.6329152576514095,-0.6914084756220754,-0.6211210486332783,0.013638000943182084,2.034463665190268
-LjGBIYnULLBckx6_33e.-LjGBSWiBH-PwIJV_e8T.-M4T93qRpN47wOWWIlaw,-0.07193701438713651,15.221291109309586,0.9222672545840456,1,-16.374315025031287,0.07685755369207424,77.3964087131288,16.162143147713618,0.9994272949801937,1,-0.006965418239220922,0.6201033994666765,0.6474995624908578,1,12.559858815513612,1.6218285425450543,-0.7200352564262437,-0.7069107671870247,3.1291662453842353,2.5720939491974226,0.686999222119877,-0.8234853102928734,-0.5116296502714242,0.18978313570951386,1.277598728546227,0.9813862289486188,0.004420951265006748,1.51492400847605
-Lhi_hQB4d9hP668bC18.-NJnbybnfglLVaLUOmiV.-NZyov6iVWZ4_bljHPWJ,-0.10351485326399734,2.2431069243163737,1.0,1,-2.6565554773989364,0.1242751694932706,11.37220457504183,2.5958606397926607,0.9936226453445323,1,0.0011337993730207163,0.15650422080558102,0.09957026703492133,1,2.190919866888179,0.05141567079921927,0.0,-2.0,0.5707234744974441,0.6408987454906996,0.8130085034121145,-0.6725434989999259,0.2581178292171071,0.08128853395809967,0.21287042322117433,-0.26764936304462683,0.013561608420926581,2.1861835777322156
-NeMreqmG_AJT3wdYmIR.-NeMrl1wnG9vXRJZgzVd.-NjgMMRqCacxfSU3R6eG,-0.08205790578363015,11.384258330440163,0.9835649280404344,1,-13.240666835274926,0.041113122743023485,67.3351552842088,12.436099185384284,0.9995915969895649,1,0.005836782143259889,-1.0121191629277733,0.15625871773756828,1,8.389296008364424,1.7665766676194044,-0.29677808415251594,-1.1989108771217418,2.28482956956233,1.3424757543803938,0.36096057514295327,-1.114791452477394,-0.0720354613287624,0.327443236283198,0.8309371605915216,-0.2908986314674791,0.0046817924681776405,1.53577428030611
-LigeHFphMxRCPevAukf.-Ligf0HImi6CvlwArKg2.-LigfSBQU0ghT24KWPin,-0.013784035714104144,0.7229368231561111,0.9926897575077845,1,-0.6585410076401078,0.11300377046378941,32.901372412111506,0.6386834628541381,0.9940746127914453,1,0.0014945917310326129,-0.048029100295507776,0.7874008589788001,1,0.6667715970230617,0.03509527596276241,0.12938044878756408,-0.8922189609631279,0.3026796458760487,0.2011177489803324,0.028046761600519624,-1.4675571566720869,0.09602889894500706,0.0378985357887642,-0.14855456778139034,-1.3940480720860984,0.006307481444896822,1.5048761384123062
-MpQSxKS0VTehIXcKnMy.-MpQT3DV_sUGd7S2EYT0.-MpQTFZK_NTbcau4h8px,-0.05522435385810613,6.906194494498709,0.9990984805869564,1,-5.910190634153667,0.05428437869519865,73.02696377133879,5.4842036246717045,0.9999261696253324,1,-0.02116516445892407,2.532916875390606,0.8771083071890523,1,5.636669219530614,0.7514526644814893,0.017492155783402442,-1.2337645556805998,2.6356470067524707,1.0632315326230661,-0.03100152824021752,-1.3048397654429922,-0.3139098939642227,0.49637504106431835,0.8427437507075384,-0.583426342364457,0.006659672846442066,1.7527657113674295
-Leujocx_cjh-Ci6MrBu.-NLUo7sNx6hp4uSLWSwI.-NlS1PnlhW7fPPbRNnCP,-0.03875602266487532,0.5983555723292496,0.9338166441979017,1,1.926838601245829,0.32141434188515433,84.28186497122213,-1.3212839240406715,0.9069813334693425,1,0.012712189274893742,-2.2623862697927586,0.38921675854529747,1,-0.8358590202797943,0.8683918868262749,0.3522713820811468,-1.1618792154768374,0.22387047083697642,0.6368532357928519,-1.0634024891759768,-0.03516597534230392,-0.1968132472880165,0.4465665071467234,1.5205744997947246,1.7522210570479153,0.00738814387725113,1.719804883831349
-MX16CYVJ5SEcN5zNQeZ.-MX149NnhWGWgTr53fHG.-MY4Kh0-N9-VO2Eb5wau,0.015487710173126917,-5.469383276465447,0.9675047218411459,1,7.091979319072318,0.060253063611259754,122.67079415327956,-4.649552320376331,0.9992892878397266,1,0.02656941077733394,-3.0322709307302453,0.3136369738290149,1,-4.896200628314707,0.34042804875463,-0.0421681104893363,-0.6225336063546654,-3.0098942195501155,1.0010098528242635,0.5162064036462223,-0.9790783567731252,1.2864630286726983,1.0466274616894318,-0.39329765284582,-0.907134734024126,0.004911670092998588,1.6361656154424167
-N3T3J22UG6-6qz3L24S.-NUuANyHS-9tjfaemSP2.-NUuAUiw-f_UbQFln_FW,-0.16576265825282133,22.368323027814043,0.9666161030316349,1,-19.541718380669725,0.07752398733042386,63.44966136181288,19.593351908536516,0.9993699868758587,1,-0.012470868203658947,1.3664317509524189,0.7852114407204063,1,17.561269031590754,2.870873758275334,-0.48394349042435403,-0.9929925346365995,4.45395264814944,3.3119588880383897,0.6381167773327457,-0.904040000900094,-0.4602343653045745,0.309035227817505,1.3122131548775269,0.7839712845224356,0.005800506461056545,1.70235792344072
-LivscGJhM_bffA-hYoF.-Livsj1eSIV9BzurR4DV.-Livsvp5ay5-6vjH9qw-,0.11814774488823732,1.7609034239332297,0.9995616407757284,1,1.0700013374572708,0.42717795384943835,10.688620040949884,2.3750115239548224,0.4934840649475526,1,-0.06491251497743988,5.963636847785952,0.9696052878085036,1,2.0589516192758315,0.198107898203094,-0.11710792219522288,-1.2201171715500674,3.328735229241252,0.357382732185622,-0.9775139518733242,-0.4602355046474771,-0.1056127016230116,1.4462389125561854,0.3818373671685796,-1.2675940372399186,0.006863865417555143,1.5381018708537288
-MB36N6_Jo_H_Xp9V7-e.-MB37JPcRvm_osel5rIj.-MWx53KR9ABzVXp9Ojmc,-0.06184857609431904,14.151705863028733,0.9100173921985887,1,-24.78091920152978,0.04203266092111109,54.80858204903926,25.72794847312516,0.9996404077123332,1,-0.04525393478140072,7.766618505195344,0.9989675324446228,1,11.863341912777567,1.4034938701337527,-0.8256619720720022,-0.4677226498379401,4.608324482343329,1.8128027669298852,0.49042930483999575,-0.9805457762606467,0.4131344511014476,0.9933064880623425,0.0646844250231538,-1.2449497575889916,0.0038306437737388745,1.3719620035451774
-MLCPaVHke5WF47cCC4x.-MLCPgQ3s22FJfFDZztz.-MzZFTh5Y-wFRPLRndS7,-0.010448516178488632,5.141530029055855,0.8252167837211948,1,-1.376433293614431,0.5576643897622823,116.16571992051432,4.339196200122717,0.907574500838101,1,-0.04177304236487456,7.39731825159992,0.8312792402529601,1,4.754935497806908,0.24914728522093185,-0.6225335713841562,-1.1036749148982417,4.109424010277824,0.4652922032021149,-1.3554552476501296,0.7515863594116166,0.6085370426041006,1.0067237089151804,0.6798402949695789,-0.5227525388249044,0.0026092009180541456,1.0220816758582552
-LimCEPj4cm8u6UaR3tY.-LimCJq_owsUDVdRu8Y8.-LimDSST7uwka8FslnEG,0.021769004482236953,3.0690791593807956,0.9941863015669423,1,-1.708965819984292,0.14148678485659166,65.00672375673678,3.825144744858574,0.9861045740214724,1,-0.039457444289718646,5.129300202030968,0.9853484809907876,1,3.3728831182756864,0.18520268398118495,-0.21423537809729543,-1.1457434661040182,3.3321606425767016,0.4953880518232833,-0.6629536298321351,-0.9457706859979029,0.5322961106946652,0.8718490020775167,0.32154075152367895,-1.0934217779357722,0.0033081377895866552,1.1149834574635105
-NeMreqmG_AJT3wdYmIR.-NeMrl1wnG9vXRJZgzVd.-Nfz6fE1fcz3EtY5MWbE,-0.1002569964337634,13.778648863076763,0.9889831000384983,1,-8.964771884982671,0.10277552765089139,78.59386757610828,8.730339477575896,0.9992810961183191,1,-0.00838728905403996,1.3973905605815742,0.07727807553954069,1,10.320003092210525,2.037178057772709,-0.23343860037566544,-1.0477162819322197,1.9477416600468425,1.9505381913581303,0.7222835894539937,-0.8570533440114247,0.07620899582839416,0.6742233904995156,0.6123821505767324,0.9836049231202981,0.0058702921606369534,1.7188941091834926
-MzJP6qhOf8I5r38QOGy.-MzJPFkskaLDk03IbXto.-N2FneNOS6XF24mtuEkT,-0.09996002535451387,11.545553039584716,0.9850025015148299,1,-8955.562980939692,0.04084501090619004,-115.82470738254851,8955.239506901937,0.9955395626128043,1,0.00213321528442012,-0.48375759122214945,0.09548174942809673,1,7.846989498767915,2.179621495268572,-0.3030930651953636,-1.1736413496107516,1.2808732738625341,0.9161683279526216,0.7036076728500398,-0.4820903190328867,-0.13716707643052573,0.15169925902876538,0.4568779071364268,-1.137505328842585,0.005496800548733927,1.722099608849846
-MUDIcWtRJGFt3XdDORq.-N9pNgEs2W2VTgnPNFUV.-N9pNnFR9B1WHi-z1ys0,-0.040068990843463936,4.024073938882577,0.9868281728810765,1,-5.706021264694197,0.04563030970605677,28.435647149358257,5.661330678604887,0.9992475489645537,1,-0.013696391540022779,1.5091854795065864,0.9711240404187925,1,3.483398959269949,0.32652171031184796,-0.28465493732323577,-1.1624757055329986,1.4895018188793847,0.6982676149319251,0.343604522313823,-1.1339788804661206,-0.07284529822637657,0.30533835070544174,0.36215880290740426,-1.2212759194248208,0.008838359026422472,1.9706544441501468
-N54AzlS6z-DZQk1eMev.-N54BByvmb7JrmRAsIAb.-N54BVmfZLaJ3KVLpXXe,-0.07376866777789992,5.542813269700669,0.987246447451645,1,1.0575699054840384,-0.571799351618695,78.89165640169855,-1.5229297095707308,0.6205777527277898,1,0.026280943379134447,-3.499029185587725,0.8486208965708338,1,2.8132219706778536,1.6073659896193826,-0.3049713966446316,-1.0813545079167382,-1.4268160331901654,0.30113431490845444,1.2201798378459985,0.6785313377649538,0.771054075116995,0.6286811887201734,-1.0315844423336558,0.670780570739431,0.005741294996336728,1.6478142979130306
-NeMreqmG_AJT3wdYmIR.-NeMrl1wnG9vXRJZgzVd.-NjMqkbKVQ2J5yCsLJwi,-0.06167234237500997,3.355406195506813,0.9965676209113097,1,0.6987583402573019,0.2263719922623474,123.10582973227895,-1.3671718922425142,0.5641356277055112,1,0.03765734089240802,-4.88505312969343,0.39764818535698176,1,1.0733578541152857,1.3367879754621506,0.031117706987442675,-1.350980460029192,-1.314163377569177,0.1290983487363574,0.7835066293220001,-0.17535829229224564,1.2334366580336007,1.3113191685534364,-0.08291985952444689,-1.304394181483302,0.00728381238871357,1.4847218122408068
-MnjJ9ac7flEVJpQToLb.-MnjJIF1eFqszyYWauCG.-MnjJc0Q7-P1sD3LlvVy,-0.001300705430638649,0.9937985646279883,0.03407346864295069,1,-1.0681630276676077,0.15659316747533933,53.543468932063234,1.003123885814307,0.9984843115161268,1,0.0001969493093858521,-0.08150242354744597,0.04920323646719249,1,0.9695380941063966,0.07922862107931561,-0.3526322944502584,-0.8155679952751322,0.2879701918691024,0.3448197221552478,0.5799925784926578,-1.2070791558539404,-0.05674499517197584,0.021688928333169162,-0.3554525715112784,0.2354364562957958,0.006425272408548216,1.7623259167008227
-LnlKFv4p1g71rkiw4cz.-NnwvosRhAPWEKAteAfO.-NnwvsxNgFFKs7TAExwJ,,,,0,-20.75704825564839,0.04098495745544733,-30.732432605390205,20.49391263755829,0.9987118204412337,1,-0.014326122617605463,1.2780645468133618,0.9811537957330374,1,2.031579968100146,1.0950530609017477,0.4996868534330528,-0.967482477818896,0.06738375126331535,0.3176553342503264,-0.24243073332780427,-1.2376473200141835,0.016576287781966723,2.4550809468326076
-Lx_vSVn_jxtDoYmGJBA.-Lx_wAbvBPy-k3crgLyU.-Lx_wUhozkCXKBG1RCSN,0.02147673148325613,-3.5801603760613148,0.8794937013358589,1,2.8159244402791175,0.0648073060033938,86.91640312651272,-2.463741089572293,0.9997579044721139,1,0.0010456855006357735,0.3169146155609345,0.03269416262314617,1,-2.7855165574750256,0.49586479666379124,0.907981445514712,-0.43123342975976886,-0.5953116725917065,0.5260041929264806,-0.32506926822429044,-1.2142640372052715,0.4867444007112691,0.1272281596945615,-0.7014617601448013,-0.5280543928523151,0.00577827563917795,1.7203656499604347
-Moh5mqOGpsYy_5lzQFG.-Mpur5cab91I7PCUGxts.-MraY5rslVH_NKhAyDOu,0.05394642247475101,27.276287416824594,0.9368054738012572,1,-27.68425851142614,0.1739586796464002,28.326704093868145,31.623007379877485,0.9941527768564705,1,-0.04530779696542098,3.7322168475482376,0.6387890936078685,1,27.662550489076803,0.24629746265644337,0.6093503442487713,-1.266308321702322,11.861985406953806,8.73655994142247,0.7610039279686639,-0.9740897986974568,-0.9118224909649956,1.243612489863787,1.2033332709027533,0.20747858870895763,0.010020246148598278,2.079706457280438
-Lj_M3HTF61jKiWsSATd.-Lj_MSsOf9W73peIWAw8.-LwMsHu8RGeGhAXY4Ga6,-0.0674926090383674,4.8842178382374355,0.9997438699966106,1,-5.7518578678214025,0.061689233313557426,27.152248312817225,5.676238640914845,0.9997584420290354,1,-0.011925332750674533,1.0382926986665764,0.9338157960373747,1,4.513881831184659,0.2337947222627393,-0.02333190926691431,-1.2288152590736472,2.114775344970542,1.0882417210992603,0.22680928940473263,-1.268725923868052,-0.14807038111867266,0.27138636099046165,0.4354620769683607,-0.32143532080451775,0.01228735971522975,2.2123891993312714
-LilnSmSyM-6usWD64ZZ.-LilnfIIotZ2luAuWpsh.-Mw_iRQetBeAsLDAWzyH,-0.03595267543233582,3.800573206151638,0.9713299185844589,1,-2.1541529791687606,0.10527772028920289,83.89407629542312,1.3890692347630649,0.9730782893916341,1,0.053425811244667505,-7.728471745141925,0.8078215862962093,1,2.470255220687388,0.7898727706827969,-0.42574830118046025,-1.059242356445653,-0.23682698072425257,0.48579681490557497,0.6429385438328479,-0.8316052762634119,0.9506588076814667,1.3095520195482369,0.5738930705701525,-1.2423554275269972,0.002967407552125864,1.2077103199036916
-LnHernN_fpHMmekEDg6.-LnHf-cbftVM4CTskSYH.-NPRI47BdePS3ZiKGDOb,-0.08017589474393683,-5.6990782053413,0.9390995515558958,1,19.436048726567506,0.053777187217816845,99.36307536515004,-14.532919748445039,0.9983191519900724,1,0.017940380298502756,-1.767582569003968,0.7952024320246154,1,-8.665721815734758,1.7912374761740686,0.48347761374632076,-1.1859195484166067,-4.7805079907550105,3.479612268616364,0.003826077763672117,-1.2983796095705786,1.1442524092100814,0.45284002224845826,-0.5587590083833336,-0.9375831400749108,0.0028974238918271895,1.203058747767764
-N3T3J22UG6-6qz3L24S.-N3T3NLTn40qRkBpVZJk.-NUuAG43NKBbThgnuG8h,-0.13425722547789895,6.978233637857991,0.9485823459350581,1,-6.974543961948915,0.22461644928780797,40.804806899863976,2.770556469459009,0.9908478795134569,1,0.08722602990436147,-8.538904346692643,0.7719744472434036,1,5.031992733610092,1.19387634090333,-0.4955890620432343,-1.1433991156735712,-2.580209605532943,2.1721281393445517,1.0563186116886445,-0.3718307408179129,1.710300702952738,2.177838639458308,-0.996878338586918,-0.41985096623415785,0.007245788932915697,1.213557058858526
-LhFWo4psMxNltfNkt3V.-LhFWuDai6yRoxydHy4g.-LhFXY7GZvQjCRZCD3c1,,,,0,2.5128779104359737,0.07387198039319927,-2.7244933809552867,-2.5442257305179625,0.9982085194242004,1,-0.0003254805225172408,0.037049409352851614,0.04130026708558443,1,-0.5076762608951326,0.3094993880011159,-0.5921218983308202,-0.9049800951543658,0.011364611853143762,0.03588740525256086,-0.6219438419827554,0.01464905348599288,0.017944143934425852,2.4864996711246206
-MLCRBZ56PvUBTIn5zTy.-MLCRMWSwQ6ad_QlEnox.-MLCRcEU_Tl-kqRMfDCJ,-0.010556950590292713,-3.4252121088810723,0.887697464269289,1,3.946892210056519,0.093153431764433,82.68120120931758,-3.8569479348778506,0.9983906518394028,1,0.011745280403914315,-1.3925649997284597,0.9372067449577126,1,-3.689079532555131,0.1654515356213081,0.4347267679786869,-1.212536846590348,-2.3450283795991136,1.0150389128847834,0.3032561904300964,-1.3378961282171202,0.2347490956609065,0.26539984893532886,-0.6128856952611277,-0.7443186141794014,0.004170280257676934,1.3635759669829983
-MpLAIls3c9Zt-aRzUug.-MpLAPDSOhSb9nepHRRt.-MpLAVko-7kbN8FxdITI,-0.18968637214114392,3.9722144507179786,0.9999556838864272,1,-6.424990464980159,0.2111557279323492,17.276100840887562,3.1558717937612206,0.9719767885714083,1,0.04221805885159673,-2.66022366041126,0.4777455928403279,1,3.58788063350568,0.268887473795998,-0.09507248889891232,-1.1022892277635625,-1.5881649042532486,2.1071327505186734,0.8458317593980251,-0.6944039761537049,1.2450866616679432,1.33939302818536,-1.107021120413077,0.025236908962712246,0.010726347437678772,1.1044161521500655
-MIOBNUgcr0MTphTegMf.-MIOBfYk4EK4lJBip2hf.-NLLNja75s-DyzqYmzul,-0.0004370626317691251,-22.950957719527228,0.0016043541889649848,1,23.190542905507233,0.1603607926774949,103.77833584854952,-22.92111539784963,0.9978672955379366,1,0.0009961424200745383,2.1133466538093484,0.00579481940951776,1,-22.96698668119857,0.2369781653495342,0.3895386374963957,-1.3466643519498656,-13.233122116820496,8.176125815910831,0.2813471236115453,-1.521488941680545,2.277089968782676,0.34004508371722275,-0.1422074512784214,4.195205319332648,0.003490226822760587,1.3031993498984575
-LhoU4seL8pPSnfenVfr.-LhoUMF2TE4yFPPoyNA8.-LjVXFXUbN0BZBu_BBUi,0.07891300777303611,-12.79954129212563,0.9981589484368686,1,9.395926005526034,0.05950531255094899,95.49678825923156,-8.761101819457748,0.9999514206424924,1,0.003172804884030711,-0.18082572302509137,0.030580904088424843,1,-9.879721546471464,1.710149623506611,0.0452977223522774,-1.0791037216296195,-3.5894438513459113,1.8082131994805537,-0.09367036829846313,-1.3134589289742267,0.33476417910406164,0.3981793534680405,-0.8297771951819256,-0.2525086299572741,0.004386725089621529,1.4959995107192432
-MdWWP1s7V6rMA2nYCSS.-MdWYCwwuRdo4YAQYTUH.-MdWZ1kXtnenjA2pWi6c,0.01772513606086454,-11.539786140826646,0.9107450596015303,1,9.483115249178173,0.11000053139795174,99.31499059250882,-10.412276567059793,0.9999127862536522,1,0.048852402092119274,-6.633262845953067,0.6528046355388548,1,-10.893177703994636,0.397323530585002,0.669611773028505,-0.11748593669965057,-5.806962353434724,2.8428538009953304,0.04039966800040941,-1.4959267002066328,1.2565445176279053,1.327369525910844,-0.4373816546836535,-0.8296702930184527,0.004113220042800925,1.4465717857992435
-LtTczccIARlFKnjmwwO.-LtTd54D8w10BNGTAMpI.-LuBpSoUiRA-pMkNfyEc,0.018347880113444903,0.6252788444106151,0.3158448980695132,1,-0.34397084038676434,0.28308310425390437,49.50657516380086,0.8722028968554415,0.7688917461552498,1,-0.01062883067163023,0.9469963548261291,0.8292373210558907,1,0.7365940982335203,0.09563879187870013,-2.2827564792299606,4.334026131536838,0.7958494535632795,0.12790263026231483,-0.4898544697296212,-0.325414127587373,-0.0998725735338247,0.2563693826204345,0.8334606823051087,-0.7433514411243101,0.006915563583182735,1.540208323730621
-Lhi_hQB4d9hP668bC18.-Lhi_pFqfsm7Fzt3bPH5.-N2AZyY_Uq_WN8UwXx_6,-0.019953039622152495,6.314346017594734,0.9764807074122003,1,-8.750020913802127,0.04517420257125124,40.35488054622727,7.929687451573569,0.9997053287734239,1,-0.03417219752506728,3.3103933134557435,0.9557625198224828,1,6.204799609855555,0.07069172994312994,-0.24094214869604993,-1.3864810365435756,3.899409422418176,1.334811118848212,-0.055772970427796505,-1.275516243608071,-0.08975226581391235,0.766105362957945,0.5584173930354477,-0.902023181661451,0.008978782386055258,1.8867977660950892
-LilnSmSyM-6usWD64ZZ.-LilnfIIotZ2luAuWpsh.-M7HT70b0akjV2ehPBtf,-0.06533783828053386,-5.779991892753049,0.9863473290639198,1,12.232656859910925,0.1337727205591806,106.51959428476448,-10.422686747766601,0.9989638762756338,1,-0.008322598444971518,3.039324660938325,0.10263930826033518,1,-8.197224054698356,1.424472219038199,-0.08263412110156257,-1.464133482270631,-5.8826417028387,3.8512930154860086,0.41765827316661785,-1.331870361833582,1.681552004143932,0.5827610119741948,-0.3260107012812374,-0.7721433313242101,0.003094200118283964,1.2302423103105158
-MxnBemt8NLQn2z_pmjG.-MxnEn8p7WXa3DhHv3rZ.-MxnEuM_KoS8gLVnI8AS,-0.056854882078879065,7.5099334928827775,0.9832691354377497,1,-4547.43995839444,0.006805173808959512,-795.8398691757712,4536.6658230840785,0.9994335426377624,1,-0.02846504031558017,2.7510435594956775,0.8955596577311987,1,6.687220021501621,0.49392005626693464,-0.3020639012746038,-1.182398874658946,3.2006917092478857,1.3657688527912124,0.11334295786356209,-1.1461208902003786,-0.5933812294640713,0.659712836026391,0.7531819961930667,-0.7581339433368743,0.008834665289008255,1.9606330976349806
-NZj_UI5xOnM9HlJwmRM.-NZjeBsChpT_wcafOujX.-NZjeUA4tLbkILFajsmO,-0.013684609132867754,-1.0174779638619076,0.9518447797804779,1,0.9126944098939456,0.7057111045483603,44.05036228387971,-1.1618172739833963,0.6467042965793852,1,-0.001232461728745582,1.1203038631081916,0.03651351268803027,1,-1.1744658577658034,0.09780973496419254,0.35357648211509674,-1.276561740252181,-0.6286615892475766,0.5373829905809446,0.7631804123705052,-0.5508496989299063,0.9856689687598461,0.15609156559821438,0.12228989459726966,0.1930861754009081,0.014200675337460757,1.381447848454489
-NG_v-quK1IzNNsiAGZP.-NG_v93QEWhwTan--6yi.-NM36PiR8uFrCElEMibn,-0.0408183604700715,2.9395861045219713,0.98047479170359,1,-2.2077761223894545,0.10477345750713561,28.06311183962051,2.7635759360110104,0.9956796714209993,1,-0.0076827601437226,0.7087907063230924,0.4215558931182244,1,2.448307570844743,0.297488815156089,-0.35742411808162167,-1.0543109380255655,0.931013320255815,0.3793918247630659,0.9553695479667005,-0.38364849524248834,-0.1561804646304207,0.26049295752941715,0.7226044086855342,-0.44852957652939196,0.010284478854294619,2.1319452196085384
-Lhi_hQB4d9hP668bC18.-Lhi_pFqfsm7Fzt3bPH5.-LrDGZMFzArqWQn6oytS,-0.06524867687476602,7.817098623657458,0.9984892613105342,1,-8.155701685798414,0.05091743432396389,44.39929276118362,8.562762006190045,0.9999537760463106,1,-0.028530688418759942,3.613870493969103,0.9930724936653899,1,6.739854002887269,0.6410979547117008,-0.05583194223047924,-1.0906524171955845,3.228302707090305,1.261809638932541,0.2529563039388425,-1.2162387901697542,0.14736800698512248,0.6283564672574197,0.21671660771867077,-1.0781640920623254,0.0069752704954695235,1.7215147854418602
-McTE93UrKnjhI90CwZI.-McTEE2gtxh1sY_mXoBC.-N2pZnl9i42cJchJBABT,-0.0751576631347457,-1.5978956143553784,0.972097058144854,1,6.791498028129885,0.2510855376812023,76.03422515599733,-6.4091724779991495,0.9978440327087461,1,-0.014914105311607528,2.1838127596642556,0.9776593647840881,1,-3.4764071724064323,1.1230674972131085,-0.45366713819252785,-0.9009706511329632,-3.0853057066865404,2.808205078762885,0.035592278055927094,-1.7463438622049883,0.11790145520054914,0.3309253282316973,0.12887225897093005,-1.4450178305134205,0.003455748129182206,1.4488863634846079
-LjVNF11pOp5nOvINxrS.-LpbmfsYtj0mePcJtWdo.-Lpbmr2Msf6JtUVDfDxI,-0.06062260624886286,8.893203654233297,0.9766937937004483,1,-4.882152106482248,0.07302665579520659,87.73471052620506,5.858327239425132,0.999711030572701,1,-0.048918259800480084,6.570352359959565,0.945344924422339,1,7.256654108122461,0.9745193320890329,-0.33100838830802387,-1.242934174712371,3.989946483340808,1.05636571530853,-0.2559782838928555,-1.2902607825724686,-0.4005066837722614,1.1037292388892477,0.6076164765989903,-0.8879984900765012,0.0058205025129324526,1.6794777500563796
-Ll0PgwJ482RpHKPZiP3.-MUrcCjUEtwQ-lVQPcJs.-MXBj5f_5rudE6UPk_Nr,,,,0,-1.3282555289748157,0.23902763993784815,18.18475119868569,-1.1238615979376163,0.9694181472560338,1,0.0059225426860815,-3.437086344277258,0.030790881080314914,1,-1.7645350896928376,0.5022995971864542,0.06976843293296676,-1.4475855900918735,-3.0003963947890235,0.749188039405247,0.8883123543377721,-0.22096548364347957,0.0007275538472914402,0.36871491086597336
-Lc_d-g4yyU44NLZYjLv.-MJWHNNHax2kwaFP9i63.-NE-yXpGc3dEA1jBwprD,-0.07636025562487236,-3.9328686505992234,0.9796041071891423,1,11.327160856042607,0.11938646637022804,108.61030440321674,-10.328169400983649,0.995847176603771,1,0.011820145149896044,-0.6025091421189663,0.41141738852974563,1,-6.759124306970046,1.6686074662372061,0.2654874580134574,-0.727839812467074,-6.495471652302642,3.2309600604441986,0.4782035503400226,-1.2129286911880743,1.319540470776169,0.4049796561680297,-1.6022806995093484,2.7667854899753923,0.002598293383721547,1.1799546858081025
-N3TKnmASS39_DJZaHma.-N3TNrRY-7i9dZsKTiNn.-N6qyCoTbyEPdJI7dpqk,-0.028940372334646275,10.1747913172489,0.6375494228963378,1,-11.760465457687518,1.064815525076437,102.73741584967215,11.910697537499187,0.863562931575072,1,-0.011437242729315896,0.6356909647743092,0.9452730063835459,1,9.103483340486417,0.7838612695822675,1.0241015156878492,-0.16620747224649524,6.792235801951011,6.072578348688564,0.2244124972794287,-1.220005759136612,-1.2233276469385508,0.2624585190326227,0.19875627751352193,-1.0318688636011057,0.006246048379883073,1.8046354530690751
-Mxn0bJrVlvmgIvfLv1k.-Mxn0gZOkuUx2oW1V_Ql.-Mxn0vvR7mPxtPBVyYcM,0.0015520166852073247,3.4439011361903593,0.055597078513309306,1,-5.201993971367223,0.08957423508135162,81.38469190856567,4.978058615196493,0.9986920199529289,1,-0.01100519037457115,0.9565989602114633,0.8935274588025608,1,3.5011144659338105,0.1433228843695714,-0.6597346546107816,-0.460950550909061,0.9695613146647272,0.9931251040386322,0.6988977772079314,-0.8493547533873262,-0.8318793338338862,0.25579663427293997,0.7337386555528562,-0.6953468503908726,0.0055095783046919585,1.6288489072673882
-LlBEMo2wsK41U_i4Ff-.-LlBEbuAIaFAvd6Tsudd.-LsR1rMRJElSxo6tmolW,-0.04407167742559337,9.193098766768397,0.7093280080487041,1,-6063.481885525966,0.02360293734139301,-218.63995756405643,6062.366672955102,0.9987793068172443,1,-0.015418036017027566,2.2433781139251776,0.8759718558216318,1,7.5624770039097635,1.1332079501062329,-1.0724064006032357,-0.36000792695004735,2.402212162902677,1.1848958402508623,0.4095229325238819,-0.9633867485181766,-0.26227131528583153,0.3618129868440455,0.9886536295299172,-0.1309522259437541,0.004204868494267017,1.4808604792325668
-LsVlMLffp0SgAp0tEX8.-LsVpvvNc5iRCKfLMuPm.-McIvaTe5P6xhKkLBp5n,-0.13455627120969949,24.274906171806855,0.876388782200737,1,-18.02638847713315,0.12348334155856243,67.21691630435987,18.570415416370533,0.9998397994255206,1,-0.014393408597079795,1.8714035286962625,0.9357335225024078,1,20.372746738807674,2.4481047056306853,-0.9776695734500982,-0.18391959841427585,4.524961188648091,4.120982461400982,0.8861302484304813,-0.6050245894758319,-0.2370885736473534,0.3264187911066249,0.6545857130897478,-0.7444832791183287,0.005358999379463295,1.6412985999418956
-MYEQzR3ToSh4GRLSIMW.-MYER3l2D2gbCmUtaz6K.-N-Wf18ic39XzSDcYWgq,-0.09174453553587014,32.04735385674173,0.8637294370015518,1,-53.567916558961315,0.06464702492459973,68.53749616591737,55.97555909571678,0.993937825819028,1,-0.07868398382188957,10.806218362747504,0.7439718436546028,1,28.65237275379739,2.1398049262720047,-0.9753679771878512,-0.22491435161737883,10.568380818628249,5.880499120990316,0.7070632686587093,-0.7632369642444403,-1.980071798983795,2.000984831013182,0.9882391095561421,-0.40686475239000863,0.004151527197677838,1.4677561472496914
-M7fmmpmUnyNn5ky864w.-M7fn-FYsIUM8jgytLVC.-M7fnIVyt08_JDZRahp4,-0.08475480115960687,20.714734655884758,0.97505764241554,1,-39.46522363958317,0.03288192975456683,59.131721395840714,38.472760236994965,0.999491753275202,1,-0.08312932091161995,12.965646571328339,0.993020506043615,1,17.5789417032564,1.8586863077410898,-0.35561667259029245,-1.1337527658890736,7.692833445564159,3.122717971168504,0.310476208026582,-1.1301753810949429,-0.5428869834183574,1.8299039315821461,0.22445255092104988,-1.1168307425209236,0.004373293938780848,1.4830465940288666
-MLHXDQ2BX7xY0GEal8T.-MLHXluRZevq2K-wq4OH.-Myg2dKoYHt5vNG7GGIK,-0.0865699325009528,10.67636070236147,0.9971025694153256,1,,,,,,0,-0.023842704115781637,3.963918963729102,0.9380285551915205,1,7.473402723169597,1.877453798979933,0.08912201730651162,-1.3057307038718107,2.9344116926589066,0.8909288091288704,-0.07168981168009675,-1.1617694157527283,0.08922642024262284,0.5397701189545814,0.6664215572217708,-0.7643163209141468,0.005100264827701308,1.601790428578812
-MlnOd-lphkp0pE2p2E-.-MlnOlJjVQn78cD91CPM.-MlnQmfInk-VyTfta3v3,-0.32237587588771377,18.638957149437523,0.9951235184288412,1,-4.410678661194469,0.18437049600695538,53.4245516282733,4.783652429201844,0.999360551673364,1,-0.010723669992166895,1.4485570426909844,0.9603465848981625,1,10.901868730024095,4.571278211271613,-0.02478635450666526,-1.39087111936594,0.9696837909691848,0.8795881083080828,1.499972521852823,0.9975330964441991,-0.015261351773149138,0.2401134023018193,0.3119320716090498,-1.4125128611655517,0.011153394841223413,2.3869586372231963
-LwSkFLpVhoo06-eXQDi.-LwSkL_RSsEd90yQouee.-Lzf3RzITHD67AQhl-Vk,0.029908818138614315,-7.66477389845566,0.9240900283627278,1,6.649460072645465,0.05769430248614793,102.17025853431494,-6.0468151441874305,0.9998191822008418,1,0.0246058835694124,-3.2784537242381493,0.8013808416435284,1,-6.5580171766140465,0.6735254192650342,0.7538506327464211,-0.5326524313564902,-2.941320311428484,1.2542724881063192,0.058644396686506624,-1.3153485888977459,0.7201015381522988,0.6028249111543814,-1.0661263617905246,-0.1901835638030427,0.004655810633562231,1.549992524100363
-NOJLSbEUK8-kwpgRLMv.-NOJL_OgEmxUqIM6d_Ow.-NaAftjkyA1jlATyCy2j,-0.05701151007275773,13.34701307852948,0.9664000605096748,1,-26.119852400335905,0.024743823707145347,77.13906033151089,21.041750720973646,0.9999771407141649,1,-0.011127617507270982,1.0950558458184998,0.11267327541801708,1,11.237285679781248,1.2550741038270548,-0.5079281386187663,-0.7640024746517633,4.558935334950443,2.1322287071729087,0.11008601869044313,-1.2104953827601146,-0.7131629341331852,0.7317305628410005,0.4806261126396412,-0.6745080418435001,0.00392290299284326,1.4257010309488067
-LhtgDx5KeVU6cU3K9Dh.-LzfdBx2b-FaN5Ij9lGf.-M4SiWiIYkeaDfVcGbiK,0.05830179454014484,-2.330196403364137,0.9752450719827183,1,-2.0351492795381394,0.08560385619560838,90.07464979265215,1.7638513191915621,0.9989838523640153,1,-0.0039591637840981075,0.4418056400005359,0.21489584120879524,1,-0.173136162270172,1.2783969388156537,-0.2883846638757594,-1.2971097588297267,0.4495212060233,0.47971645358650006,0.35827373508068266,-1.2658209504728326,-0.20213789244173677,0.19026223001933423,-1.0216006134213316,0.26100388181859024,0.01160077951610872,1.7737929187551174
-Lilua2XE74Z18rgZNVN.-Liluj98v9mvUJFCihVY.-LlfRQY8Hcm8hHiAcAHy,-0.044859286266323295,1.2139868592072343,0.9972164579258905,1,0.016950380438661136,-2.504772243010942,60.40995565985456,-2.2147458559818864,0.0,1,0.03683432497093586,-6.274240964764761,0.9852337308532667,1,-0.44604328547189437,0.9725479887819077,0.11987441475496523,-1.2189254780402266,-2.214660673820173,0.16772712300446607,0.12227657638858852,-0.8953684021131054,-0.28866260245437625,0.8139231400881065,-0.29194497696280514,-1.211812752644099,0.0025150027851912654,1.0560883470185773
-LeQII_TgkYXZO_B5B2m.-LeQIUstV1Mx_ALxWXxC.-LeQIjx6EfNtXeMWMgxt,0.031317641699840415,10.32773041349101,0.8420784381896848,1,-72.99038153465881,0.02821101865647889,19.06663970237978,70.54243210023769,0.999059967913924,1,-0.03203997392868141,4.372173139309012,0.7335998601226696,1,11.408400897372484,0.6894345788176333,-0.5625877681348668,-1.0935787140273763,5.7690699509630035,2.912934786069085,0.37260297011161175,-1.0702114173858068,-0.6741743146226941,0.8208356754760889,1.2449075765560589,0.25038748480384143,0.003281103081574834,1.266834351099017
-MnyeTyNHSzHjQzXaV-S.-MnyecqEVayWLBiTCwY2.-N1m3uyHKnceGC90BdgX,-0.11685690163587151,15.209706538425378,0.9366273739553956,1,-15.183363124768773,0.08187195495952503,55.024747861754676,15.346284977842288,0.9997008732091796,1,-0.002766879914755105,0.19050205085455518,0.2077697698451899,1,11.938539457522705,1.9873754721472174,-0.6936837716166436,-0.6331717272368746,2.461788703182984,1.9956562366909538,0.8573940079491763,-0.5180747879725538,-0.20932728230071138,0.13336680223269595,1.9843541294027511,3.323276323863319,0.006074282118412528,1.7374908626934156
-MYEQzR3ToSh4GRLSIMW.-MYER3l2D2gbCmUtaz6K.-Mbk1PJuf045PahOCnNN,0.027656248688679774,8.004080027810344,0.8588051767372922,1,-11.785055213734383,0.12523616004045357,86.09710308812771,13.023282988305208,0.9963005973794851,1,-0.019513428004841918,3.007063476528844,0.890376360644799,1,9.027432474465291,0.6461625657560673,0.8476516136453953,-0.7433357254049122,4.352143254363522,3.0391637663482762,0.7388414908991732,-0.9036243567955333,-0.16399654362972868,0.4534300099697373,0.8876583240249045,-0.4213343884926064,0.0031591107626726595,1.2465254645558956
-MB8yGXih5puJ_4PF_7d.-MB8zZ8aYX4Yf9ZylK1F.-MBJ61IIeqV7S_T66Gql,-0.03920845214740054,4.318472526579056,0.9430493372261283,1,-1.7687733993966162,0.17608488310679826,84.63198553683452,1.1803812575638817,0.9671679007041996,1,0.0009955728373507444,-0.014197205166442295,0.024275211886727766,1,2.8674745277141196,0.8738238747975364,-0.5982536487603684,-0.9544894175859264,-0.19893444531413515,0.4912556118302146,0.9366905027609228,-0.3808602795097449,0.1474974228860458,0.14048777029300905,-0.7454798651677402,0.08166117440704257,0.006053778129197949,1.8188998362475637
-N5nbmou7u5pPNrApAzI.-N5nc0aUgz0o3QvtZuFx.-N5nc9jVaO3MtJTPmMDM,-0.08581318194431331,8.966919841694011,0.9625161986541367,1,-2.7627629156722016,0.244626364226369,83.38329746710475,1.921609845700175,0.9366432501528204,1,0.00023198512734101673,0.08094505956819509,0.0017581848415153534,1,5.792031497758328,1.8937707178962697,-0.486011743651434,-1.0444053132647264,-0.3262243122251672,0.7988433428149042,1.1442773918124864,0.1878790317864132,0.11890156554780733,0.12097101032563806,-1.0430390750690641,0.7134754232500904,0.006381361639601176,1.881462335675562
-LeFwjQg8H2YmqKWub7l.-LeFwyQRrBy5fhb9uzcX.-LeFxXTQfPwJgT_daO8A,0.014323134365329523,-3.6486981197003217,0.9564718676483449,1,4.966190771165808,0.14787411072901066,89.29582412488982,-2.672608843303102,0.9980251120195665,1,-0.06457919359994069,10.036487993794697,0.9586151303769584,1,-3.1186364348474727,0.31694505637976256,0.44903931529447344,-0.23668797591139734,0.7563208053596421,1.5147457931709551,-0.6344341189447152,-1.0994393604252826,-0.45603557858320976,1.44614210967174,0.30661668021816585,-1.441261244172638,0.003612325366597658,1.3004527867803866
-MLHXDQ2BX7xY0GEal8T.-MLHXluRZevq2K-wq4OH.-NI71uq94-wybsaXk-T_,-0.07331293187225363,11.478069603762064,0.933510675245069,1,-8.357823789809594,0.08576917517333132,77.98017556851536,8.670550107675682,0.9989361040273992,1,-7.306024692321778e-05,0.3814730124151826,0.0024240278127780623,1,8.765833757148354,1.6427527071280308,-0.6526744265548026,-0.7872474673385441,1.9399187961312987,1.37795663741009,0.7678227250614983,-0.7215980807569986,0.36965888163732435,0.0334192028194136,-0.3762505951021867,-0.6892377197267798,0.004178582907557817,1.459497644729924
-NU6Ucl7T5pvRq7p_yHN.-NU6Uh9BMYOrcb4IRLkb.-NU6UpbvoZPrMZm5GQi9,-0.1331233110581449,8.17885312469791,0.9867395607375944,1,0.7464725861680798,0.37957193052458044,92.09543356626683,-0.8268356087390266,0.9662469375261287,1,0.022716167367599127,-3.4050536790653108,0.7170225607086931,1,3.2531460238765892,2.9008568754738935,0.26645802244980143,-1.246263194567563,-0.34313981867459864,0.318671199948089,-0.5132781624513628,-1.4111584743754575,0.28356855673269976,0.6232816229799891,0.3832609806487449,-0.9433124815579528,0.012098844169974336,2.4964386329105617
-MykvNlqq4cJWVdU4utc.-MykvR1JNoLE5HdVp_XN.-N1h9GlW-lVL9KWCOoPD,-0.1207039736291513,24.28275932584945,0.996283286571726,1,-35.55299055201214,0.019820917142261554,108.70506070649695,26.893301430411782,0.9999624067456598,1,-0.1833546400751005,29.122780056679538,0.9995695709146823,1,19.816159467342096,2.6181051629117857,-0.1585094924627277,-1.1764956854358841,10.702395347597024,2.492706683944226,-0.029406264102652905,-1.2146615438064667,-0.6723027217639069,4.0231450657244165,0.03965110742700985,-1.2408505099879188,0.005168941677526217,1.5992511653578287
-McE1oz7o-gH5vQsbCKZ.-McE1qL5j6GA_l7lyo4G.-McE22BC0-MHhtjQL7Ek,-0.4460338747379541,38.26417211465475,0.9937917409987864,1,-7.585739608770088,0.14662955192924743,81.67569405100195,8.938656423151178,0.9994430842468244,1,-0.015284754329080386,3.3657112107568294,0.9977046247514261,1,21.761011930858466,9.686639998864173,0.19381348533104797,-1.1958914263101503,2.7492723186094694,1.6862717253253308,1.1183211029374895,-0.09707652885462448,0.8819897063095997,0.3362416455192334,-0.056013659288196335,-1.2431203941473516,0.0075372795590327646,2.0182386237989514
-LilnSmSyM-6usWD64ZZ.-LilnfIIotZ2luAuWpsh.-Lymzeqy7QLAfTSdJ7re,-0.019024539971633336,-12.224140011018221,0.9534904770340267,1,16.293653994523233,0.1560497538124451,100.46217460168687,-13.786515419244314,0.998233914656934,1,-0.027267216950440876,6.695076278757345,0.6110039941214792,1,-12.92804722935303,0.4216478414772589,-0.06058887819269278,-1.5942531951635728,-5.941957425812387,5.80273502029545,0.05905290911901291,-1.6093636004255099,2.2650186063197335,0.7688664196952455,-1.434436744901275,1.4115546665610674,0.0038387763421183596,1.3416831485668743
-Lulbc87BHgXQt7DhxtO.-LulcCd8pZWeViElszOm.-MSCVPoBc4ATanqE5B9r,-0.003418334527900857,0.6895254943517034,0.05981453838007078,1,-0.5547240346842276,0.33600180783223516,75.84430472082917,-0.03104351825873318,0.8283563416544244,1,0.006697032349798571,-0.9765602019320321,0.9492632176439955,1,0.5876908605275618,0.24586899498875328,-0.31181977117858534,-1.105638950338804,-0.4155649152038918,0.23856727652975873,0.3191268916546881,-1.2430473084899394,0.01789014354628283,0.15150208279810512,-0.4806659360172238,-1.0666077164713228,0.006610864496650993,1.2344075635290022
-LoZKUh5fEvfBJrtGexE.-LoZKjZZ9ddHMvb8AOvK.-LoZPiDd4M7Pz8AOq8rs,-0.04186655765596381,-0.7882631296440272,0.8251740657725859,1,0.5980657989795151,0.20143652090635417,39.22254882901426,-1.498808744634985,0.8664372885630602,1,-0.0030885324105522916,0.27402191461750003,0.016701934870740898,1,-0.8513219621342039,0.026316051922220585,-0.7870196470182387,-0.896120430209566,-1.3061411939725982,0.22623068938164853,0.4176099145440846,-1.0755373269342654,-0.013845219270092716,0.5431357209120365,1.5281496308228475,2.55966890296661,0.007498770237015259,1.5838228565718366
-MiQATlU0-A80Emx-TjR.-MiQF7v7zHuhhcGoL13D.-MkfMy-Sic92EkNPT-YK,0.14025893431837722,-10.600001218651323,0.9990168270349118,1,12.208034370185466,0.08820655381384841,19.27562552543381,-12.77605901444738,0.9995605770250334,1,0.01968336163513542,-1.4962160884129245,0.7811976831095373,1,-10.180267075792083,0.2763366309060207,0.08618086526770156,-1.209069169783745,-4.362285985948352,2.7605702364072595,-0.47577009492209893,-1.1588928307945787,0.36404697813397763,0.4882972325973311,-1.1494338755412996,-0.10119203240664998,0.01417987210575683,2.372314254159787
-LhKVtvaBGb1puFWOmgR.-LhKW39s7wkxN44JF0MW.-MQq3VpejSwKGicEkZQH,-0.15055369652300643,9.951053370775739,0.9978940941412638,1,-14.47431761018351,0.06795503895888975,12.441192623410727,14.741850363669652,0.9996533025688005,1,-0.005332366092356544,0.6856186673918971,0.16344470136651168,1,9.5785148258866,0.25564435086125453,-0.11661820798996221,-1.3107958355206273,4.119682392464726,2.466876300235442,0.48774367609423425,-1.0663036687150644,0.19183190547103632,0.2963808433385651,0.9600327097664559,-0.20448436989477736,0.01150411919076602,2.108780504717026
-Leujocx_cjh-Ci6MrBu.-MHVHmFIrmK1XR8TJab3.-MHVI18c2GxeFg5za4Xo,0.004008897312971382,1.5418999883594415,0.12178774497472489,1,-166.5488098713287,0.0016333659283242607,1162.339795005199,24.59313599380089,0.992140441675558,1,0.013892367884659751,-1.875418414552942,0.4511341812314903,1,1.6332814894230123,0.15799558659031943,-0.7936908198413981,-0.4748844603671203,0.5918616833741852,0.4870345592749777,-0.01889554426558027,-1.1814944123662663,-0.0038564554125526266,0.5003943312542378,0.37825250965809604,-0.587135467328098,0.006191965309034624,1.5025992058455777
-NW78PWy6TSgtImlF19K.-NW78V76ftDp3uzB-n4_.-NW78bDFawU1K9YlCt1V,0.06344240961213299,-8.33358818871185,0.9981172511844405,1,4.07810950054465,0.10421023912890917,86.48512558761263,-4.428434762317895,0.9996637987810687,1,0.012411170780647351,-2.0784286479261413,0.9323444174253327,1,-5.986076833584683,1.375085543667644,-0.0822008308545103,-1.1276138171375933,-1.5107182107982513,0.9825431497239799,-0.6083207561613887,-1.0237081760725486,-0.06160584699762958,0.2818683189946035,0.7350765331848761,-0.41930734819861737,0.005653120284546806,1.6822441323151054
-LiS7bcrCbhs1p6ubfxy.-LiS7plP6PDZI7PWq5oC.-LiSCPXqGYnuACd_hWwf,0.02332146093747256,-0.5557064110545424,0.6631605951881856,1,0.4624783961684241,0.3415958007410579,107.39908062024092,0.2754118309054636,0.8725456069426928,1,-0.01883002040036089,3.296065947445501,0.9811141503270713,1,0.307160616932241,0.6207542309002162,-1.2232430563484924,0.05621308831286642,0.4335636592293624,0.2030763363436637,0.29797997014726096,-1.3839529002615105,0.2361666825475406,0.4171032921621481,-0.10544062354172187,-1.4988916855979857,0.006129425706401558,1.980078131588912
-LiIGVqcFTTU_qRCRe_m.-LiIH4-Hc5J700NPybJ8.-LlfIWDjPVZV1A5frza4,-0.017837832431087053,1.1511503247527706,0.9959289954792782,1,-0.2968686699282219,0.17252538750957735,14.485629906196579,1.120382463877456,0.9890411877345541,1,-0.01991394226840204,2.0874574838517854,0.9720186267052539,1,1.1168572918514794,0.02523826106532459,0.15341726705472108,-1.4817398215617508,0.8881929486177274,0.08064697668622256,0.9856066346852462,-0.40863494353959595,0.2454529508534967,0.44336019193158593,-0.2960650476201351,-1.3684480414082973,0.0076398053616340824,1.5856540091056552
-MYcxMB6ca1sHkZqT4kc.-MYcy1GzA6D13QDSmcBc.-MdGOwtGZ62G9MOtKRpx,-0.015994411117753682,-5.672277219594334,0.6551260497802347,1,11.42152321165197,0.08044472512440493,104.18716141942639,-7.3197593754467185,0.9990756219287955,1,-0.029710309026287594,5.606311707256208,0.8018478252511938,1,-6.264647085487782,0.4278058448180119,0.7182156527263355,-0.7689297392764494,-2.4201262934298198,2.7504841491525625,0.17122466498988592,-1.3467937503178848,0.7767950975128081,0.7302187062836478,0.8957046661016621,-0.24083807467739504,0.0036000322010752957,1.3118559063811253
-LkxK1hw4N6XYpid0sKT.-LkxLZAUPGqJfS7DG1od.-MvcRtHtlObG-JkuSEOQ,-0.030946258484820563,1.6831160542267993,0.9942949501698424,1,-42232.37980564645,0.06438605517095736,224.53133183479574,1.2115967275253752,0.9573346362466707,1,-0.0017687845764817745,-0.3140794326613259,0.12941182715808974,1,1.4961395360468548,0.11674560741461287,0.07421524830865547,-1.3897564015157475,0.8406428761565014,0.3303699144126054,-1.009745030151545,0.5352432019402573,-0.4917707209800561,0.10846092980644724,0.9342595066586384,0.4579435403716374,0.01522900352025427,1.7621843640066928
-Lhi_hQB4d9hP668bC18.-Lhi_pFqfsm7Fzt3bPH5.-MAA9Ex8pTsJFB1Ahbhs,,,,0,-41.45154527848589,0.02220077634914598,-19.56183948120495,33.05897865766323,0.9993765803287745,1,-0.029655746249570125,1.4643388693696802,0.8461679308539986,1,4.438775656409066,1.9714328617158006,0.09913318021780894,-1.2016753502023956,-0.686086178053268,0.7073569573926151,1.1027740122538539,0.10605300534463291,0.022980918945516883,2.6031200515472923
-Lp2Zitht1JMuO9k0Xp_.-Lp2ZsWy0LCBfO3z3lw0.-Lp2c7VFr1sz2DjGAzy7,0.028004491050685486,1.181785439959874,0.6062522305764366,1,-1044.7663332831644,0.043429254132061654,-79.31819967435895,1045.7436583621602,0.9958528010671459,1,-0.01728857405542028,3.1807902048382446,0.9070453478125869,1,2.2181793103632015,0.7782703122594082,-1.0244601981008303,-0.22517618864636635,1.5124609710504262,0.32312705644985956,0.7273354628012917,-0.6449868294576548,0.3709904009413728,0.39799627870069987,0.39722849574342545,-1.3603309087668218,0.0012256389810477789,0.8810034805271664
-MeTtUwTir2J1Q5ghDTp.-MeTtkwjscAeshF3gWfR.-MeU28-XI2-6g6P1OCJs,0.024611007075853657,-5.619000629673478,0.9971683648580598,1,1646.980488377634,0.04075652518164961,-96.25016730995009,-1649.2440322928012,0.9771421674428971,1,0.004858948093553028,-2.7976692682729496,0.4618124634379088,1,-4.708346353039657,0.5335875625326247,-0.07547067277695975,-1.0480620121908113,-2.9307067515207144,0.3848868106406651,-0.6334647844206253,-0.7192862100237956,-2.0080650817407473,0.15821680978951994,0.04898680932709675,-0.558177262119218,0.0010774205863688581,0.49653471278225414
-MVQXCBj_iIZqx9OEnWa.-MVQVAL1hY388kxns4lT.-MVQVXMSGGpxlSvl6F1B,0.17701556109280858,-0.8496704110015396,0.914442150794403,1,-9.94761113626704,0.10398388244645423,91.83703329707649,11.63849469269069,0.9983727070790911,1,-0.04758263772103177,6.812772138928439,0.9038527128476924,1,5.700023035894521,4.0070886273164525,-0.7855590042656989,-0.5164614316130076,5.368702670960061,2.7112866159266926,0.35813814880252165,-1.3251456076489065,-0.9193724392739819,1.0986062165458708,0.7784664026032331,-0.6412375389184142,0.0027480089909050253,1.212228397755024
-LsVlMLffp0SgAp0tEX8.-LsVpvvNc5iRCKfLMuPm.-LuXHPL9ZZhCsB589l0u,-0.048729516537273865,1.463967265939074,0.9993936636652383,1,-1.7268170979910729,0.10205071202364822,8.021432349636722,1.9547110422361078,0.9992239434811626,1,-0.010528485011139566,1.3721393825045947,0.18525859258662625,1,1.3406958856640383,0.08141842956322927,0.0817707068325566,-1.1687514483530508,0.5061526871348954,0.2795969086061799,0.9726288407278603,-0.3331425947780273,0.38765284610936424,0.5433113854565759,0.35075269541059395,-0.9633568768819725,0.01406634263080358,1.8650737346715496
-NLPunN6FL-EDR1_Lusm.-NLPvIv_E3Bd14f0VfB0.-NLPvQ3g-qqLOadF6wv1,0.04272804254520593,-9.678492560404072,0.8938812939133008,1,10.540843553661642,0.08089618033926,59.90984340089448,-8.850435760504856,0.9995165437684654,1,-0.021973739978876194,2.631623810861454,0.5351737340543934,1,-9.03734472685835,0.40559893680929165,0.820262809908401,-0.6437085177262478,-4.289069533666629,2.551538594378139,0.15887661698016287,-1.365739224955858,0.027282264821878035,0.6685827942990854,0.922063412324786,-0.639799872821146,0.005674057975096366,1.542581355687629
-N9patflU5EfSysAO-5l.-N9pb2_hh-nxoclV5IaT.-N9pbEhc5mGviSxiR3Pz,-0.05976521219491904,1.653480774187928,0.9640329874975492,1,2.442370278423241,0.19488938838328437,111.20788476087827,-1.943966851970427,0.9837064799871188,1,-0.02403013333762849,3.2484571910185718,0.4084231830712661,1,-0.5577633134835008,1.3184174482976991,0.41216573142287877,-1.2401851675729745,-1.2749311446529608,0.7990172797491626,0.8541289546628181,-0.7509080195271212,-0.6592943767250957,0.8418987855955721,0.7751561915289604,-0.6309504989656309,0.007387365804368417,1.9947799868200782
-LkStkgOz4aCQplRjDVI.-LkSu-v9GyFDvJPWbbAu.-LrNPpu7IF0ZXlkv9Equ,0.002294094210037456,-3.8834955115459566,0.04155420338497273,1,3.126159285521783,0.17105984513652092,91.14936390572305,-3.1983510954715864,0.9921512377266486,1,0.002326994306139807,0.08390081603463895,0.19307344454993736,1,-3.798418480125822,0.24420319463163795,1.2448537061720968,1.436714368077972,-1.1321549650784604,1.062413119267278,-0.556293336612303,-1.298359438671725,0.46203607805997926,0.11788324129847194,-0.785471321690333,0.33908499282606597,0.004203657421212716,1.4465078811491565
-NOJLSbEUK8-kwpgRLMv.-NOJL_OgEmxUqIM6d_Ow.-N_3KLih65VXJ6oDwL10,-0.009210021475619667,-5.605581911634531,0.2406770591966575,1,7.080477421970968,0.08579101024379578,101.8205529483427,-5.950490282971948,0.9998805266826997,1,-0.021366620425078035,3.2281414061066216,0.9401460549975396,1,-5.94631971492231,0.4066136378498271,0.7642966297051987,-0.3203736412526874,-2.669534798507942,1.806638968378328,0.08970306142900702,-1.4065286629346057,-0.24436622700390775,0.4837282715017008,-0.030723373128051953,-1.549063403233158,0.0021262857988575776,1.0162208467424165
-NHTSIH6WGEuYYUbVYA2.-NHTSNphytM8wq_yQ1lp.-NOOFZyNxYjyp5bN_Rjn,0.023779938904212372,0.5242688373572908,0.91291330159413,1,0.15640334922962404,-0.7280314896318667,62.16940655715054,1.4365918165591443,0.1232674618840961,1,-0.034747294888556754,5.052589721553112,0.9682165221295149,1,1.2018434514679037,0.41693047451758897,-0.7651916715871071,-0.6236702058755066,1.4515664373413713,0.10856387069411225,-0.7467387239458246,0.05285762017462625,-0.003263465460019932,0.7752376527847239,0.029133053490139914,-1.5500543359696148,0.0035254798325025124,1.4069888717210803
-MbuPuAA88LtcDAuPoiZ.-MbuQ1CymRsvvqpp-z8D.-MbuQ6SNnGyJTCvALutW,0.06308141928481215,-6.07149178256821,0.9571282996208804,1,2.342770373450116,0.16212849850522953,94.7872149961925,-2.073179750125882,0.9989259353080918,1,0.016925397674737552,-1.7736634362972237,0.8987466928961678,1,-3.7367526300039042,1.394768424198505,-0.5057786233236498,-1.0826522718711487,-0.6891621503348795,0.8253607119761304,-0.30617466838268725,-1.522121662870892,0.9768932869182596,0.3945281792173265,0.4977011733661243,-0.3342773252254658,0.011834927666944679,2.509796276716998
-LnvJOiOC0hyFobuXd5Z.-LnvJTU9-J1J_3OpDavY.-Lp2-XgsaZXsOGoCPX0C,0.036750610465691565,-6.538302322330031,0.9897010376476183,1,4.242781960080003,0.13701369434048144,87.97212793475431,-3.979984315755935,0.9994621494306415,1,-0.0011085272912993566,0.33428933258146876,0.2360867119893817,1,-5.1787000934553165,0.7999826576025063,0.2150190452165576,-0.9029292294181741,-0.967287952436924,1.2055490202763597,-0.6869698000325858,-1.0033766336082834,0.1543369982317446,0.05138263000822291,-0.7852965587239485,-0.21203397310743943,0.004911486327169526,1.5849783573984095
-LcZnAvU6dq4vFlRJeeM.-LcZnL-Cg1Ay0W4f28er.-LcZnffGPvt57qSIqqbj,0.03682871582268821,-2.472788337521962,0.9956045536949478,1,3.3023702021104238,0.10142251214902241,32.979564056507954,-2.362829586946268,0.9997851680444345,1,-0.018393279951294028,2.337821705019931,0.8767645236468558,1,-2.178242378998385,0.18226316467762174,0.1474604011091698,-1.0346896529406142,-0.23965649022929789,0.8737815636896878,-0.39055568029864873,-1.2876527133509816,0.41561455421128174,0.43102334078833476,-0.9119049048497198,-0.38114885932372733,0.011666718481337615,1.3021190007214039
-Lh9l-HS63RSczRmusZU.-Lh9lCKMmqCKNurs_pUR.-Ll6DLC3soxKgdV_Fbj0,0.06692182711850604,-1.8819637178444122,0.9751469369757472,1,1.1885764112220552,0.45024236035245524,41.754272110075526,0.8087058728425174,0.5872526659174266,1,-0.03204914433086259,3.5999009684312395,0.92213030778293,1,-0.7122612535216241,0.7051634295360151,0.40366365871566084,-1.033334264693654,1.8461380540149401,0.407822320276423,-0.7377737680266824,-0.4870311853500464,-0.35809761439627413,0.7314801648404056,0.6910829735919319,-0.8484304147569826,0.006340540528470116,0.7395953923624327
-LjGBIYnULLBckx6_33e.-LjGBSWiBH-PwIJV_e8T.-NWfalHMZ5m6cTWSQ8lT,-0.011513353792840908,-0.1693223202987999,0.22875090117768815,1,0.5847415326544626,0.3076287545787886,78.53540943621141,0.14643526291917944,0.6976221201454342,1,-0.01897835108549173,2.887909376384189,0.9207216380626057,1,-0.5952802404523561,0.5215594129937928,-0.026070101658519192,-1.3015363486181546,0.6740307282839292,0.13864752486110976,-0.6313590436475962,0.9307704459202739,-0.19601141124729873,0.43470556319057135,0.18597003142994092,-1.3633334607496392,0.008322617571512137,1.8853371756783721
-LnHernN_fpHMmekEDg6.-LrsEMc0TBu1X-ESuAtq.-MRyIvVGZsPx5YLYJd0l,0.06963976346311518,-6.855042966415775,0.9932908758564643,1,2.4882188146219018,0.3156006853181331,85.76000433891019,-1.4600094612750303,0.8544486048385063,1,-0.00925476123526292,1.3703334050543803,0.46713995712611245,1,-4.278851093937864,1.5138274800867095,0.06546395880740091,-0.9786764214523367,0.46159558758179076,0.9112395942995037,-0.6552627211761858,-0.4801194416649892,-0.13250985892455744,0.30210624715882783,-0.31155953318013085,-0.938959634176971,0.007046165861962879,1.9127819014315557
-LhKVtvaBGb1puFWOmgR.-LhKW39s7wkxN44JF0MW.-MNNJQH_WJyLfp79KFCE,-0.24658232660434687,17.53748917120016,0.9981657760141879,1,-23.040084885571982,0.056550090286272184,24.490955940429693,23.19912256634155,0.9996543915896091,1,-0.034776035907901015,3.2574356634094532,0.9058586967805871,1,14.208343090267272,1.9938918472101375,-0.1126457024641091,-1.211975891133333,4.746500026477885,2.769553465892915,0.5442521352507117,-0.960620971813321,-0.7591345146793532,0.8013383864501422,0.7880831747969724,-0.6392681749878757,0.011051133924270566,2.2080739078261438
-MMyrtJE700qqHnVZ6Zf.-MMys1oalPcMI5_UxuNA.-MMysL5ywejg1dL6c-NN,0.046491947968429925,22.51045031420519,0.29469913451522756,1,-24639.994460062593,0.009247234125664503,-609.9171593246375,24616.71920566026,0.9990474255318221,1,-0.13392642318767742,18.862128750327965,0.8969691489211029,1,24.160263191812348,1.781456545944095,-0.744202745752236,-0.6768431963342674,12.854707596880496,4.80746736976297,0.1605797500843983,-1.0968056105692738,-2.4993414271428445,3.101761650739908,0.7548615485252766,-0.747234039038831,0.0035945716855144525,1.3658813217828993
-NZ_B2J9-orCHk8M2Xa6.-NZ_B8UjIpc975ne1QSj.-Ni-8_V_o1jknA6HzWFb,-0.019742893652060063,9.067710258949868,0.4392766230497218,1,-10.779191774611432,0.08462083287528248,41.0095062542426,11.229868170850906,0.9972878613998043,1,-0.014439666549026167,0.9332522433608124,0.2779536941150389,1,8.776882893209732,0.26764377921120813,-0.9531774927278545,-0.06598880311946331,3.6518965032844606,2.31475768874089,0.4950760286268601,-1.1274490626706073,-0.7646208853063201,0.6126700743444957,0.6325341016548353,-0.8205111164481371,0.008100428001975427,1.8620285209120093
-Ll6O1Drda67zTGbu6UM.-Ll6OKVLeAg2rdgD6T96.-MCGJwdvOGGYhoMI3U-a,0.0689533156802219,-9.001338729136233,0.9985713457745986,1,9.44340861109908,0.03490738020767216,92.78516709897204,-6.762637386919556,0.9972640050149222,1,0.007859521099063405,-0.22994223156801463,0.4587752644130748,1,-6.450667619494695,1.4927768324090491,0.06891524218595359,-1.2617959962250749,-1.521127675831207,1.134040763317028,-0.06790393224372493,-1.2154390376497908,1.0472923641616707,0.2547825060062449,-1.2134117277055358,0.7600793496624245,0.006697498086509848,1.8913752429135386
-LoyElDz7n6jv9EmAMw8.-LoyEzohKY7MdkaYfB0S.-LwIEhDOYMZPzB3uAFwT,0.0914553434125508,-15.312137324282048,0.9937129049795471,1,9.830390579257108,0.09154193707227978,96.6845174771738,-9.21365448564892,0.9998557214349062,1,0.003574012281653743,0.29718025383615726,0.08277607191433567,1,-11.928535641874557,1.986356738626192,0.21171039175624398,-1.109465953607172,-3.8478347101199093,2.6122891608457808,-0.11673068168235005,-1.4217483604966072,0.8781804383599481,0.27199694934352997,-1.2755564527986765,1.111586393634349,0.004895471771021008,1.5785735499703792
-Mi_UgYjBGSVkOKeZ-Qu.-Mi_UvwRn8hIK1dPF11n.-Mn06EAAQrXkuWwY5tFI,0.06461285209856593,-8.73110220030552,0.9964325965803288,1,6.505745692157693,0.0620933717533614,86.93743911365496,-5.745813500724411,0.999070683992888,1,3.8786341148955294e-05,0.7320845595639645,1.4394665546979546e-05,1,-6.341178928596414,1.4009701932779535,0.15096980632593646,-1.1139852220255355,-1.459143357383548,1.1809062960468864,-0.3013204770116579,-1.232315819883329,0.7383558430990002,0.22455035675609042,-0.546209299061305,-0.9658884379794004,0.005957943836393068,1.7638727631003102
-M-OnrHA0wmu3ymvKWA8.-M-Oo9RqHfWyjRggeAS9.-M1PE1OCYPJDSPQDJAR3,-0.03854355556260583,4.9504069225184635,0.9918166909710746,1,-8.471946166241663,0.04029187687955745,30.602453196444255,8.226590352295315,0.9975763396000857,1,-0.016991183091749074,1.8671752920627638,0.9462191849429934,1,4.352450472121792,0.3580083286662814,0.2231435476251562,-1.0638661112567454,2.085655119973655,0.9406186416679363,0.30391114115337475,-1.1545288557488618,-0.16347608960463528,0.3832669833357189,0.5145191407433939,-0.9086476327937407,0.007901605196084273,1.850952635889902
-MIwlrO2-BhSr0Y8Q6OT.-MIwm0nfiMmo8ZcZp3VZ.-MWhhNrZQMqIS5Ok4Up2,-0.058459942220169925,4.558211084023594,0.9939984417663345,1,-15079.440115481768,0.01882572486793795,572.8723458822881,2.4560481515501977,0.9948934456458585,1,-0.0062309351322523765,0.7575615324937215,0.8070337592075386,1,3.0388812298309547,0.8985341053931067,0.1929751594396966,-1.2264965214866457,1.0624223929921908,0.377428592221797,-0.3154528591679544,-1.037775999085125,-0.11785386341345223,0.1525434776622624,1.2437308423623,0.5091858561833682,0.008326315261834985,2.007134973283547
-M8K00vs5X5z4KE3QEXK.-M8K0Fez22SqfGEBZKa_.-M8K0tumAp2nRAFHiovA,,,,0,1.5254619152335192,0.31813880850624554,5.887414446717175,-1.4129249727223172,0.9758433329317827,1,-0.0025754420277857015,-0.06503544891929147,0.5029844790383406,1,-0.1070606223121205,0.39169769114144465,-1.5960017774108883,1.4151144595005452,-0.2826516407553378,0.07991871532820007,1.3276088682449556,1.5276438133737864,0.014069139441866186,2.2422241311938618
-NgIeMFBrq13mUfQG-Sn.-NgIgPT2ztyNyoni6moM.-NgIgil9yLJimZfPpA0w,-0.197581285092489,23.542886199230004,0.9753899140719843,1,-28.164633310714837,0.04356458970698216,70.76335223370077,22.919413649316212,0.9998629525610345,1,0.12910182768482603,-20.36296987220673,0.8294251445675593,1,16.23191997640866,4.332142605564593,-0.4005068714711511,-1.1204331357100556,1.520130866474767,3.073086445674194,0.37374579794298124,-1.1027229212510237,0.6295629664949489,3.1374309631083563,-0.04119463484407263,-1.635852615480742,0.004405133779283205,1.4586612247720223
-Leujocx_cjh-Ci6MrBu.-MHVHmFIrmK1XR8TJab3.-MU8ACNRKg7mUdUwxXxk,-0.09034569655119107,7.3599393329619085,0.9851836748532284,1,-8590.65829550456,0.01606987817699569,-414.76318452072337,8588.003939918173,0.9992165107789753,1,-0.022733518370379402,1.8981755025154814,0.6888803626341822,1,6.68394439060802,0.42265981350277815,-0.24807395623583023,-1.235439617536594,3.2074108169942686,1.3517437020314362,0.279488484335807,-1.0527635491268352,-0.45559371264802695,0.6007860552654402,1.0013073906151335,-0.1748593037860191,0.010531407900712098,2.0965539941249296
-LzGwU_eVLmlKeseHuqY.-LzGwlc5PM0Da8ccP8Hx.-LzGx1N27gdEc3stHD4e,-0.02564441114439453,1.6178699676304797,0.9153003981348122,1,0.2355559167632463,0.3120540053051009,88.52563614785839,0.14328846845911716,0.7722503027615663,1,-0.005474032370742288,0.8327009871762994,0.8544218350729393,1,0.6689851839159565,0.5804357422818667,0.43471058530194706,-1.3452975996641483,0.312720302412005,0.09997066545803095,-0.23737921425178676,-1.0531824346549477,-0.056927118649823784,0.12995002835267075,0.8517008661169472,-0.6563554474992443,0.013974656685159677,2.6119023317564163
-LpbEwSGv0-3NvLvZYNG.-LpbFBnTf2RC65JpoeRo.-M15A1Pa1ka8CKnzbemf,-0.3134045304515416,111.05728706744864,0.9574214569825108,1,-111.54011034973286,0.1555491576635509,79.55481775192658,113.82532673940342,0.9993646365578001,1,-0.034932920220701824,5.100242373762114,0.9520489805207697,1,99.46042273050753,6.9370070486569375,-0.5074346807084203,-0.452582321879754,18.930532224941206,21.964492126228944,1.3103226821758296,0.4185204634632531,-0.5762384930959384,0.7853212215384722,0.6061089687899897,-0.7164632730292824,0.004228670331671798,1.487957821839109
-LcfARU6yMZ2m2s6CoLf.-LcfAbCowbrOLyP30POn.-LhiLCypsgfD9a7aTRFS,-0.2498590451561944,35.50911491382803,0.9458248437865667,1,-23487.854751651277,0.04903180765306467,-75.44740446333074,23486.57789866157,0.9995459638932049,1,-0.008422167494446464,0.3736834235440081,0.4837779882732167,1,26.264416671852796,5.561826914531629,-0.6240435421464741,-0.8109724985518194,4.334214059659499,3.791504468330277,0.8180007254946627,-0.46986173325990466,-0.9949342356118924,0.26598324790917816,1.7540069023152338,2.3563487941032193,0.0052514601317662545,1.6712922221944355
-LkSxgdWu3mrv0klTuuT.-LkSxq8ao9-5yLS9f5xw.-MwVgfdDNDJoOcDsRLHx,-0.02652817426691469,2.704140938309382,0.9827963600418675,1,-2079.289641270205,0.006456117853241097,-859.9951713117365,2074.209888609934,0.9993513122006646,1,-0.0031368846120831684,-0.021869911582760526,0.09303176067505525,1,2.5462053419084025,0.10351064391055231,-0.3007169305641518,-1.0421684677821104,1.2594806649576906,0.5882665659784828,0.11504775737504765,-1.127751681211403,-0.3373463033147457,0.2253176863455303,0.7250742387771885,-0.42010569114406726,0.011546944741648368,1.9902970770596367
-MzEGIBJLhT6OZUVQr1j.-MzEGLTYlrYzhRUL-vCm.-N17b7Ts_bYre-KjMbfX,-0.05466679342135694,11.055016559057593,0.7955519161893386,1,-8013.32736552088,0.017607491468652526,-315.56725057377747,8010.680759310752,0.9999214167668135,1,-0.017180075545430558,2.3679138740908834,0.7438979586604263,1,9.0320706321608,1.3269151581808734,-1.011499648493848,-0.24653253287608967,2.892861794218725,1.3978792030092164,0.3039589927756456,-1.080467421983243,-0.42379199358391,0.43715512672551593,1.2105865900751553,0.22352993690117584,0.004133685629819796,1.4911014771775297
-MvrNkubcd0s4PMRZU6L.-Mx3lTGBalMdb5zHET1V.-Mx3lZJmr1jsDwjMXo-Z,-0.06673127307898165,0.20190158534623298,0.9944375424879931,1,4.549623159565799,0.1378296277174801,105.24809142849757,-5.152186512277912,0.9867151589887646,1,0.02180769716998121,-3.004823272267851,0.7518731353805791,1,-2.2673016007723756,1.4486760953057947,-0.12926886774565166,-1.3324414395921758,-3.365961756740023,1.4823721772230434,0.3380721287414794,-1.3877593358653215,0.5396848865460928,0.5556363457061786,0.035871331135188124,-1.0845598534545378,0.0027342198007073615,1.1894533547418755
-LilnSmSyM-6usWD64ZZ.-LilnfIIotZ2luAuWpsh.-N595ydWwvr4pP-0FYgX,-0.02053600318633264,1.7820895215526105,0.9778772571434846,1,1.4567805538710716,0.37563699010088264,122.42511649087157,-0.10822960578027234,0.7764412139987353,1,0.0200614187706151,-3.063691472620633,0.5035970139307748,1,1.0219200137777067,0.4498278273452199,-0.23911065025467987,-1.2791203546614762,-0.020724432458830436,0.23477341851392922,1.6183654892660972,3.0064084487328744,0.1933515792115667,0.625106309114912,0.785662336084529,-0.5233420795111612,0.00536408685449807,1.7848517199523566
-LilnSmSyM-6usWD64ZZ.-LilnfIIotZ2luAuWpsh.-LilpwgEJYdPJ7c2zL04,0.04308874447510325,-26.88969037310912,0.8861771567541632,1,20.279198183028637,0.2592490387146275,93.48614783426757,-21.644673159860755,0.9952637158801926,1,0.017589734034243576,-2.8314846529349076,0.7778364890669884,1,-25.294926823747137,0.9912607844614622,1.0149319647448336,0.3270629283201507,-9.07944935114489,8.116295781795293,-0.44202896906201655,-1.5068406620311987,0.02743492270502659,0.43465795010908387,-1.188223172396466,0.28117729309981865,0.003570493146649999,1.3251904560675842
-LkStkgOz4aCQplRjDVI.-LkSu-v9GyFDvJPWbbAu.-Lt4MIpe9xvAJcdahXZM,0.002892874182895966,-1.1208468181690092,0.5401201156435634,1,-0.2768207386770699,0.5646758683136974,83.90172866513264,-1.0582912964085223,0.3980220773723131,1,0.019866299900477946,-3.1947475516076125,0.9282245256128001,1,-1.013915413038137,0.08581053947497602,-0.49315016643109394,-1.182428384585455,-1.2829500667312386,0.15094362968446698,0.30826299470359614,-1.3669385748755183,0.033621755106020175,0.4528579364465882,-0.6511982402603789,-0.8690307186590038,0.0038371525370974485,1.454192234062206
-MRUA729OiKXXyHBgHAJ.-MRU8BEsz4ELk9LiGR2N.-MaXy3R1WuarAO2cvc08,-0.03280656735831311,7.1568041437481495,0.957734584677911,1,-6.550920125552332,0.0683133966231808,43.09640661677193,7.874225647381589,0.9988270237693904,1,-0.02409639322651446,3.301829601040535,0.9491851547573383,1,6.71308068135586,0.2717090222228725,-0.5748127830601552,-0.8158024464057139,3.7599719099617674,1.3334333591263383,0.2648155751925644,-1.2727502745889148,0.5175715428962844,0.5454891882065132,0.5469059899817832,-0.6222852103194758,0.005355518137140129,1.4573109891118532
-ND7BsUwXoyq3Y50pjun.-NHOa-SrZOG9PynQGF77.-NHhp-ncWt2KaR4WgiUr,0.04553066950778644,-10.366655696747769,0.9650517862283652,1,74484.84922589641,0.01193546619039574,835.4362710939051,-14.811283252382264,0.944147809818949,1,-0.05792561700351273,10.198070702170254,0.7417445367555962,1,-8.682031915707125,1.0036031042617166,0.4278938823452329,-1.1715056248900166,-3.2389453845924057,2.021353117689563,0.3416966566870753,-0.16748280316282038,0.7898066382892118,1.5844545799035645,1.5543928873758577,2.5306209973763467,0.004700350421034759,1.4514928044932798
-NJErXKLwkd1nbg1WAvd.-NJErcSu-bZzgcub_6av.-NJErw70zRfPrP5kijzN,-0.034602994769544315,3.3967764497621644,0.9481830589198649,1,-0.15173856512859027,0.33157695181760133,80.45854295407325,0.5853794782952338,0.5507431894041137,1,-0.023703515290304678,3.793028907098585,0.9782259931312915,1,2.1167639753536935,0.7690654402165554,-0.5855482788452531,-0.9457748838878652,0.45267271547707877,0.04973929335019248,0.6942777837887306,-0.7907922605928941,-0.0589445617493453,0.5258493908030263,-0.18458532115904044,-1.4599746221507106,0.00840815576684915,2.153276640957186
-MuohO_gtqg0k2r683cO.-MuohTxXe5Rvw6M6hPGu.-N-2A8kYeDeYCT24tqgC,0.003116618546323613,-2.729766864406825,0.03625856792892479,1,4.179196486703601,0.12883500774392753,97.07648492092409,-3.302981955651684,0.9995739710121504,1,-0.019818520616695645,3.50493810012681,0.9265398323986432,1,-2.614252380949098,0.3541687640184749,-0.13857361381861993,-1.2500394763874956,-1.0267136028204762,1.3562104778722701,-0.13723597878478846,-1.5261393924885613,0.28458445562634144,0.4514846873856908,0.08250103318565524,-1.6257938884700494,0.004684338088839696,1.5525890947811567
-NHTSIH6WGEuYYUbVYA2.-NHTSNphytM8wq_yQ1lp.-NHTSWe0ZIgeZs6RMmFs,-0.059925820809386944,9.471672179045337,0.9817982225205466,1,-12.385864741000054,0.04445408495204326,60.24756189027583,10.882088683602651,0.9999035898834833,1,-0.009298824867526864,0.45586675628346657,0.25337575513916366,1,8.033631761060605,0.855213231163163,-0.3663900900254734,-0.9838288435306577,3.0668825620073386,1.7479662193412437,0.18952198428348002,-1.2337817930369144,-0.813747666837488,0.4054228460196536,0.9894439902856612,0.26759511249572876,0.006478322898502453,1.727817203048942
-MpAnRz-p_1u1zHKeCf9.-MpAng5mLDd6JPQVWhCU.-MpAnz8FxHr0AX9Yzs4s,0.06443102349598939,-12.998159125319312,0.9622686679897448,1,9.175298057326115,0.09148738532523099,100.96369116305411,-7.956760217258788,0.998814771652296,1,-0.0016020665762619402,0.7972235266964309,0.053012469166906495,1,-10.613697383962258,1.4225209568946144,0.5330807215988974,-0.7705480110175462,-3.5888077796328504,2.4533126736720914,0.057263383568977866,-1.4316165101473846,0.5367597235828196,0.1543876511712528,-0.7751846634058209,0.13700209171209998,0.004236488877759933,1.4633020647126138
-LilnSmSyM-6usWD64ZZ.-LilnfIIotZ2luAuWpsh.-MVzmE4EwxL4OYS5uWcA,-0.004596808622104209,-22.356147180658837,0.04061677980855294,1,22.120703028708093,0.14727856786330057,97.78640254151804,-21.555778926448323,0.9936568187285904,1,-0.014264469389132143,3.8323712530204563,0.6934978763551387,1,-22.52614161599893,0.493877512120469,0.6063557422706422,-0.7422990161337002,-9.77467903706256,7.688244787738658,-0.09749202387929937,-1.5884572837109476,1.5144487323480782,0.3792781900078537,-0.5136356768686553,-0.8395417682688415,0.0033709892317185424,1.2744924669375555
-LhA7iwTeQapDTyS-SYT.-LhA7u7fdAzf-Ce6-nAO.-M-OjpWRIvjqvpGeURC_,-0.03561570348973642,5.728465673419054,0.9189311380303505,1,-1.66991469976153,0.15209105637536507,114.38103580170291,2.4594814172876482,0.9863921952225505,1,-0.026505718392955124,3.8680123542717335,0.8633430708989279,1,4.410957400678385,0.8039113707582565,-0.6865105873599373,-0.9013930015846223,2.078930720345953,0.43779959816654973,-0.909597084581207,-0.5531379635328717,-0.4391227660974798,0.6259982558100232,0.8390890785282124,-0.6097472761962481,0.00507342986125957,1.6655514276172885
-Li7Gw53VbA92RZ3ABZB.-M-nnzs_CQxmNYcgiTb-.-N-1uuI8QZdNJCz8xmSX,0.20509775402927555,-0.9325836728009851,0.9216882615134327,1,0.14218133356123885,1.6629273865617893,44.0790788655256,1.3111374517629484,0.21537863279941416,1,-0.026703431093512902,2.8478849295774933,0.976465779430857,1,0.5946575699739745,1.0046690455949638,-0.6448476592738672,-1.087064999489322,1.3729117728435591,0.1506221788938795,-0.06471229864902796,-1.110069224092952,0.0839822523410971,0.5931010036695311,0.3938222061398693,-1.0748290664575866,0.005864701877224863,1.6502783236878567
-M2gsMSjgBDeZhPiRGCs.-M2gsd9LQMlBwPrVPX3L.-M5W0C-FR5veHAKRYBKf,-0.031295912438404856,-1.3669264320391208,0.928384191480314,1,139821.14878529697,0.031354690536176885,459.15243019017504,-4.093059120147586,0.9695484758213653,1,0.0057453344069570145,0.07585285904612626,0.12305382243316754,1,-2.5247886631129064,0.7029706690407367,-0.3639199034679006,-1.5054281866750878,-2.1359734869304123,0.8854105524545829,0.5237245209202203,-0.5809041518857461,1.0092545153174677,0.35977795594683326,-1.381535892490926,1.3993975772063871,0.004066718685385828,1.2821000210978182
-LiMfnjpZAneTtCKR2v-.-LiMfwM019--cSZgDp7c.-LiMgeSfLPh9V6J5E2ZR,0.004792932774789649,0.5315423163968069,0.7790103933789534,1,-0.7615287273638697,0.050695422756765536,101.1701894945023,0.9014308511357222,0.9961744013871039,1,-0.010134771550097454,1.4411656382320346,0.8223809107760803,1,0.708895636064797,0.11784610106151418,-1.2278687309847762,0.29128421022742135,0.5348948883476051,0.12921641789911784,-0.03476013333551531,-1.2952190625952398,-0.20584760439156394,0.24514792080666462,0.7065712800430709,-0.9703444366573719,0.0040433404653029345,1.501627459757189
-LhJlMvLYJXSPII_fdHZ.-LhJm-m-AXRUxBNRp17k.-Li8CQyLSKx_foS9saP7,-0.007812897307851507,1.3852597547102792,0.8893361756514809,1,-1231.8625083170803,0.0175980165344866,-341.73623466258067,1231.1092348050893,0.9956817741257017,1,-0.007153498008555692,0.5098814546135557,0.8949029749718292,1,1.2878252666204093,0.06363563525047534,-0.13326511868148608,-0.4294850123570595,0.5240247784810685,0.32283386582930873,0.31138533513409633,-1.0218139300708093,-0.30210397948310624,0.16588423068752003,0.7315115430779101,-0.7449888799457782,0.013691054477839129,2.229515602809225
-LiMpCaA24H9MjEXOVk0.-LiMpKyjdotKO7FGl0BA.-LkYVYx3DpMTbcy-D5im,-0.05409448684648907,6.273138465074292,0.9920721437572124,1,-2220.8952257856886,0.01437339750955373,-374.15747571106925,2219.605108928672,0.999545769243786,1,-0.01648010946894036,2.309030801488656,0.9714392763654428,1,4.271715319280501,1.1757587810697492,-0.1691157591830417,-1.3268779863697375,1.2138141587097744,0.5164833211402953,0.2485506539225655,-1.0945387088375065,-0.36917435454912434,0.36690075724870647,0.41574867394125953,-1.0829180486526664,0.006658420274226425,1.9048942428375866
-MznQ6oXrVJaJ4U_hajR.-MznQD7LO_Vb3gUHNJwr.-MznQIwJiKLCh0qXIQQD,0.031167381022080054,-2.248783436969581,0.7934485770511517,1,1.0361735985152964,-0.40895567539800465,115.10000883995201,1.0940755641876037,0.4152872532185252,1,-0.02703279768242656,3.939128907358265,0.9143308900535881,1,-1.0966379696029633,0.75855426657128,0.956213646844772,-0.30142443089924464,1.9338714987482108,0.5233065945130054,-0.34432042371715166,-1.2281690056811632,-0.453411681308051,0.6205471471464025,0.7743288774842617,-0.6005833906373881,0.005692444503198848,0.7040095202789126
-Leujocx_cjh-Ci6MrBu.-MHVHmFIrmK1XR8TJab3.-Mn5K2_wy_WRKT6DUK34,-0.08279553602190681,11.269894689138653,0.8758269447188931,1,-7.7860002199696785,0.0959600418179964,75.75010905826134,7.084380986970611,0.999863505452469,1,0.013069387355180902,-1.979625325143913,0.8794487333003436,1,8.495802705806335,1.735555253668778,-0.7569353199043305,-0.8822629628151586,1.1596498589305169,1.5995405302294206,0.7029195415250133,-0.8563198442028375,0.05271514369553089,0.30576922277352747,-0.608038041165944,-1.1916317255829245,0.004873455044877299,1.593484896489153
-LnHernN_fpHMmekEDg6.-LrsEMc0TBu1X-ESuAtq.-MBnCNYk4afvlsPVPi0b,0.0838065112007168,-16.445529613762613,0.9876231071003735,1,8.960184619400415,0.6261188746248346,96.63710009089559,-8.018962872724153,0.7737089224976575,1,0.04979088538728693,-9.347322483002008,0.22481933678559607,1,-13.344663811142949,1.8255995571689372,0.28872782417712056,-1.0693623746062917,-3.0254145943820197,4.868654556321409,0.5050945879627731,-0.7642226152897438,-1.2565310677017976,2.363913964532208,0.5578134201114603,-0.3380128681739367,0.005119127670309798,1.5991094527992549
-N54AzlS6z-DZQk1eMev.-N54BKqvY1QfjuiNH0ab.-N54BiJK7Pc4geuh9lKD,-0.028143847685101253,0.8846158770037735,0.9426776930432599,1,1.3325411686461477,0.17611215510821385,100.8391270266002,-0.8980495627288773,0.9992964835868402,1,-0.0018189497758029903,0.5620029678232891,0.34189077306376936,1,-0.15683291052083007,0.6280003137431329,0.5800143233343477,-0.9180236197723768,-0.2663202991752786,0.4960847834762674,0.09094528425719882,-1.642874915655731,0.26690370507866,0.07590680546709587,0.8046577338346157,0.025936044961155424,0.010657132768649567,1.5761553796938903
-LrIRVq3IK3HG10yEBuK.-LrISdQltvo9B1C3m_ci.-MGwDaYPOG2Mh-5raELO,-0.07302654410478349,21.16420709905702,0.9430781207214297,1,-16.232627872999178,0.08989595221097182,95.21337762502313,16.944278615258966,0.9990711529949866,1,-0.02598852703090457,2.952131362529068,0.3259665051477747,1,18.461815721515215,1.6286305651102253,-0.6669465394012635,-0.6207213568865226,7.707954917507875,4.2216973095415335,0.17328942152147106,-1.3966481221361788,-1.277898003389559,1.0051926092181154,1.0235703695415368,0.04930039122360652,0.003959007610775323,1.4164446010226086
-LilnSmSyM-6usWD64ZZ.-LilnfIIotZ2luAuWpsh.-M9IOISQ3ACnCcJ7to4e,0.10130855312832113,-12.754478307527421,0.9836962875070638,1,23115.841335196557,0.025504701003171475,433.08945321971737,-8.268882267499775,0.992339939542284,1,-0.009704045082307822,2.452939739092426,0.5215644494710532,1,-9.006068550767742,2.211115192146186,-0.32862656365738946,-1.1555468600227587,-3.2802105011636145,1.8236824865573156,0.4341505338466509,-0.9488063273352214,0.8747888424994513,0.29869519460370164,-0.6886070515792152,-0.190358984576124,0.005722035421165753,1.7282229232542374
-Mm2CziuznOBE9LfxL0J.-Mm2D3KjPiosJMr03kbQ.-Mm2D8L5i7tyzFc4Rv0d,-0.19075719161178578,20.53870224963118,0.9935881210217996,1,-6.797083960643327,0.21709038228324798,80.52121958943185,6.417381614926916,0.9960828719774188,1,-0.0013237845358077414,0.4448434713372619,0.04098460163993445,1,13.480447022198693,4.142666409331039,-0.20572143130813225,-1.0935744063706985,0.5880445987787847,1.5177567775471517,1.5492949086362844,1.1219048496656807,0.2302250523101602,0.14335347673541965,-0.15052134181400406,-1.1305905902193838,0.0063045215918655015,1.850288157195099
-Lnuvxn94zzlvbR2fXoY.-LnuwT0P82kNj-2lSKoR.-LpXQuV9CAvphsv2BVDq,-0.0046132741887618955,4.840889460459581,0.8167195341387984,1,-3.9964570611846266,0.08023483457560837,104.02535678887173,4.732871435242999,0.9995942590906562,1,-0.03610016406729488,5.228871621571396,0.871631633873745,1,4.670347068450984,0.11074958280551282,-0.9527031353681945,-0.3277377699931656,3.0091288768202045,0.9607478796900546,-0.16197480836593062,-1.3628704962355005,-0.6373876136431674,0.8485885695605336,0.7243027707540823,-0.8609775113704696,0.004177656414925328,1.4865481977666415
-MqJ8RHnrbz8Xti1wHHb.-MqJ8bJaFrchCnNhkMlW.-MtlLUEfftziCGx7pkwK,0.02370714737999635,-0.36060794309002064,0.803620610461198,1,-4.076530537506733,0.060550571493223064,79.52676873928696,2.578159029465437,0.9982939057655835,1,0.06893854109572335,-10.845048309367087,0.872510272510683,1,0.516864565469711,0.5722472325910494,-0.9673919975754341,-0.39186159163699896,-0.43039504368464665,0.6267674112601583,0.45133831234813665,-1.0817481242220395,0.35270208557864213,1.62237468767343,0.34255139860386613,-1.4493513540452607,0.013264173563384328,2.530370602160802
-MJf9PRZCQ09Pmf_ADGD.-MJf9sH9L5blbbGPx43Y.-MJfA5gzzutiJOWjTDKU,-0.11121963588271688,14.208938734912511,0.99901348124396,1,-6.695232302332749,0.13031974349940387,78.70999210891094,8.158834632565986,0.9960568873245154,1,-0.02918192472610226,3.7146304708467714,0.6194160070080506,1,10.093802882399673,2.409661858967678,-0.06004509908160266,-1.1785877763039667,2.4934528696353158,1.2236751432268373,1.1571199139348916,0.03042310621457789,-1.0274410924456245,0.8138506070413996,1.5163282273135439,1.1699397493103953,0.006447304730739605,1.8711684197809315
-LhFWo4psMxNltfNkt3V.-LhFWuDai6yRoxydHy4g.-LsLS8yHDiwChhgyFJ4b,-0.02237037032740319,0.2171513398060031,0.9831043043383029,1,1.3366575064831026,0.11289807473299977,103.2301909703598,-1.3157477212340598,0.999578675978113,1,0.0022042178724123174,-0.21175580344014167,0.48029443963771423,1,-0.6106597688493245,0.4882460436769003,0.023219208046606817,-1.4938986623011652,-0.7358429552525565,0.4008781932652581,0.18863652126248343,-1.4658702444403804,0.14638748868308724,0.07030843646066494,-1.0041828445561787,-0.005785743408312616,0.0028701809043207367,1.196959700368651
-LsVlMLffp0SgAp0tEX8.-LsVpvvNc5iRCKfLMuPm.-MB7zmgnfypx44VHkyRg,-0.1249726211607147,17.038391047252063,0.9833062669158205,1,-13.781817979552804,0.10247429696226436,34.083861700528196,16.833118394704954,0.9951218915072061,1,-0.05708645197992501,6.452838245223526,0.9613842988163963,1,15.910539673122422,0.700968998269898,-0.3677833518331022,-1.0510223732775272,7.766436215702016,3.6159887473813392,0.4410564359725256,-1.246525421271116,0.3734257673087619,1.276932332861108,0.5062587364850168,-1.015403760921694,0.008209803816879196,1.8510373104023068
-Mj8A5WiZkzJQPQZHUxX.-Mj8AAzjkbkV0ltCdFRr.-N46iaHU2u3ANa9zzqrc,0.04700435424386262,0.43960048679997943,0.9083524421225798,1,-4.548287024492991,0.08382511235800692,85.07583967284364,4.410687735977039,0.9995099841723541,1,0.004430678135125654,-0.700640255128895,0.770681578692674,1,2.1784642169440502,1.068044676515292,-0.09685369032607816,-1.650413845766121,1.1598252690295519,0.947541291508413,0.5233910674590317,-1.0731446062518137,0.01947107524386775,0.11110921360229023,0.27624564027536835,-1.4664813743188883,0.002280367065126873,1.2136926819449863
-LnvJOiOC0hyFobuXd5Z.-LnvJXkkLJXEjgCjvJG8.-LqeUIcTEeUJg3AUi6nF,0.02163333444326898,-8.3111630278578,0.9473462895252539,1,10.30839100007612,0.0598298411189035,116.82388590866466,-7.045066636302828,0.9998047168244845,1,-0.0178687431957685,3.5450498783729163,0.2282810069075738,1,-7.510012986091956,0.48211600947698535,0.034765489585585355,-0.6901635250620588,-4.038990017545657,1.6749607963672213,0.39159714512190946,-1.133945732554989,0.641859029772291,0.8261572490162488,0.04190451901256067,-1.3503703616135165,0.003304428072635417,1.2926068442111063
-Lj_M3HTF61jKiWsSATd.-LrDDIqn_SvKUqnELg1z.-LrDDXhx9KZ_ph_-Gljw,-0.04912843612442264,7.053711840329136,0.9765350527688021,1,-5.088804025092014,0.06594714895712385,99.7390139690313,4.066350983839061,0.99956848609113,1,0.007828016815891625,-1.6983998486765697,0.29508848586144976,1,5.235985846972323,1.0763492064768212,-0.33943098830920526,-1.2546293789904033,1.538385801418215,1.074390703022347,-0.0066772128008239715,-1.3466426205362987,-0.42617616670235275,0.31941667189206435,1.0650954764956335,0.2861497272421043,0.004617639521075527,1.5654251840599342
-M2bvo-7AnonkE8qaqvj.-M2bz8ZiOLFfos1iTm0D.-M7COoeGwu0PL598AgJl,-0.13956844836688348,26.626960654563906,0.9851379890976439,1,-16.91937835371051,0.11102357233943962,92.04257635221892,18.12625579126826,0.9994430387825067,1,-0.04256841721443993,6.049913339355093,0.9198806432142955,1,21.461919999981106,3.0440432041746335,-0.20583006108064447,-1.3248538942939614,7.467526355057872,4.794595586662718,0.37252919792606415,-1.336625446381956,-0.8672543902895586,0.9742199157647926,0.6578146503268519,-0.8760358825921193,0.004491349911239602,1.52063892249381
-MIYBHMBqsEYgBIhlxql.-MIYBgqZv5NiAXt2Whi2.-MIYBsEypSgq-zjuB_LI,0.04434277807561193,-5.162488046600254,0.9938335038561781,1,2.9589124188586844,0.09636296764007572,86.2616761494964,-2.3990093458802053,0.9992982309830832,1,-0.011332043751038778,2.2151442087733115,0.8963975659670415,1,-3.5220086277442224,0.9635861272734128,0.1435624689955868,-1.2474394335729813,-0.2927254209793925,0.6821296709581667,-0.5686995123941869,-1.0680884062478602,0.3739868599829865,0.2627993129593473,-0.5625380551753258,-1.207477209700948,0.0063246244610809035,1.7815040272109173
-NWl0jWJFTZ10mK2RPVt.-NWl0qiTmLgUOAwJbfny.-NYRtXUuRFdStawiClli,-0.023021137137965764,1.3527361029616145,0.852668485059659,1,-1439.044029899874,0.005925212639871234,1189.7779858022436,2.2287656207917896,0.9655622227789599,1,-0.008546085220322741,0.7938374140261043,0.8803175386213906,1,1.1959150856558483,0.1135189918414112,-0.40835910038630874,-0.8962342037951818,0.6465231455957556,0.13776614774597618,-0.019894644144428666,-0.7346584472386009,-0.08211337539733903,0.20025293246089562,0.7851562568119387,-0.7826571455499365,0.011888855783586567,2.198959449922002
-ND7BsUwXoyq3Y50pjun.-ND7Bwwtaf0GHaZzEl_w.-NE-pIxmxgvfTtCFEneP,0.04395170186370534,-16.50408009319118,0.8915099929218276,1,13.895275442321038,0.11522178863305012,94.59218894705653,-13.686435072964777,0.9910483411527057,1,0.029202482892848637,-5.452873809240508,0.7263567301250686,1,-14.877712224661193,1.008029355657487,0.8421761651192868,-0.4948394700822827,-5.533431458893119,4.182559497902232,-0.25474329753303754,-1.4501170843748536,-0.7028423555333786,0.7692553573871899,0.12098992077510223,-0.895480946878811,0.003470074139418728,1.289327837346433
-Lc_d-g4yyU44NLZYjLv.-Lc_dR6iUjsYfyL3NJc5.-Lp7idJ-vgUNTu4_RD7H,,,,0,,,,,,0,-0.019839952739823863,-1.192469577987747,0.3992957207828849,1,6.330125218756875,4.082911849750133,-0.1252269299693677,-1.1248570677267478,-2.710418862181363,0.6887498215179433,1.4105758563536235,1.097215271173945,0.024644720705257202,2.1909684205689435
-NHTSIH6WGEuYYUbVYA2.-Nii-y9uEKqSyKPb4WtH.-Nii012CWkl7E4d2pkQb,0.01790629758928075,-2.902876617018205,0.4228722213680719,1,3.433882286420982,0.17486882841634446,57.39477269686928,-1.6762779374114563,0.9918513056309645,1,-0.03188107677947638,4.139051812101625,0.9288435856025685,1,-2.500324047598089,0.36616720188565116,1.3844044614648785,0.8760736562919158,0.8947686900795283,1.0151476003645297,-0.8944758470465832,-0.6372512994784345,-0.11696112763060275,0.7256770427267495,0.6113020851809762,-1.018994621785285,0.00645795378275595,1.2538436050249613
-LeM1xnb640SvXq7BVR_.-LeM2F0Hn1FtEuwySLEM.-LeM2V3Vm7G2foaCcOv0,0.08510092978694754,-3.516668118414012,0.9946520517934885,1,4.099409155067674,0.09282317256691984,19.643760818864124,-3.7747553617912555,0.9989662433541621,1,-0.010856729204920867,1.0104512787620052,0.9571499962421003,1,-3.1362830174353773,0.23801402435511,-0.2983784262025885,-1.036345790854483,-0.7753926284269697,0.8845354616918326,-0.6042111005396513,-0.9930330610515421,-0.048256880059376804,0.24351108269570484,-0.37438176526873496,-1.2487277290265935,0.013255004449575919,2.2806257606592713
-LiHdzI8lpqzkkuRhCf4.-LiHeFL-BtOWv8dfGtAP.-LiHeLGKwASuhczBwVFY,0.020529362065405232,-4.329911347480617,0.9569709795670376,1,3.7250942725732803,0.21612097880772857,112.85150541101027,-3.5173448091076898,0.9888429205026604,1,-0.0012464139229815263,1.4650515297448827,0.006897851011371081,1,-3.570241684683969,0.454579565387122,-0.3494716495958101,-1.0200297567633965,-2.622637682662967,1.1668296486501657,1.003382678746099,-0.46510892766185696,1.262701519299943,0.3346999343745579,-1.1801654642731438,1.802770957892056,0.005905766870462506,1.792002629941587
-LnHernN_fpHMmekEDg6.-LnHf-cbftVM4CTskSYH.-LnHfLgDuevqEQJ6lFJG,0.19596795387776667,-6.090791926121526,0.9947021782143414,1,3.4852094493738606,0.2616464826781601,19.572135826100684,-4.743109333782715,0.9826619259784668,1,-0.015326589963722936,-1.0333083615158936,0.8691789648368333,1,-5.513627532321073,0.4348298841266064,-0.20388832006589203,-1.6734903383409603,-2.1790467820562616,1.230674424166401,-0.8635786196291472,-0.670019731132312,-2.481175021089907,0.36264306777154326,1.1442554847449626,0.6823585320029806,0.0020286594899789974,0.6135566783360248
-N1HyPmDE0QTEp92yfCF.-N1Hy_lxGTSOVSsrMUdr.-N3xRgANr67m70xnastb,0.021745146432462392,-3.833498096071243,0.9507305504293504,1,2.6140945118525125,0.09865031675956795,103.6835268993594,-2.4210067433889977,0.9996266974887968,1,0.00781578753644387,-0.753378928213168,0.47498370933322587,1,-3.0291543064286386,0.4833863065483742,-0.5518668047355769,-0.9123973922935842,-1.2979910011807758,0.721068940204869,0.18597155250049463,-1.417576937013618,0.5170040034347273,0.24831870060173275,-0.8290556937504417,-0.48425076230066333,0.005848227125509883,1.7439454756826882
-M-nSsF_i78yWKTU6Jpi.-M-nT7byCCsOazYBWWQx.-MQuunwmFSmZTR8jdyV8,-0.1396568956224562,16.17060097641191,0.9541031419549099,1,-4.467498438277876,0.20596548486687227,81.38423871946628,5.220644512676946,0.9988774722690107,1,-0.019610827931352725,3.0352156393264558,0.86470024631055,1,11.002900133852652,3.094917188152292,-0.5411980346257487,-0.9958245055960031,1.462508760799372,1.0516221944799775,1.43634603817181,0.7148542085217371,-0.15174807173801372,0.4623772714271101,0.6112418915149566,-1.1603812519836496,0.005700190715772116,1.7844039038872166
-LpbEwSGv0-3NvLvZYNG.-LpbFBnTf2RC65JpoeRo.-LpbH6Bc8WwkDpyMjTW9,0.19385675784073475,12.459978441413032,0.9046689910499525,1,-52.67921266275506,0.054557180946674305,68.46891581470267,53.55682342170783,0.9921643991817368,1,-0.06489454040155884,9.41318602657401,0.9081285726443422,1,19.632804857675083,4.413286195082308,-0.41327388222577993,-1.2784162735683602,10.45895586269576,5.763443231665012,0.5524612954929327,-0.9447398419043607,-1.1326204391802481,1.4938906304447535,0.7961656815281609,-0.6037786648747896,0.0025218982313549155,1.155033049980143
-NU6Ucl7T5pvRq7p_yHN.-NU6Uh9BMYOrcb4IRLkb.-NhVlKtqPcmJN1rqnLk0,-0.0033645418653265313,0.9753277683665716,0.20837889909954987,1,0.695219361474609,0.366964568684619,47.598162398496605,1.0743893087030845,0.6400276462074083,1,-0.036942379884127075,4.474970463099893,0.9574702045735217,1,0.9107752500944049,0.08245361744157831,0.7164939607938342,-0.3550347088234451,1.6416269966356856,0.2717158615080664,-0.49347740818518515,-0.9092375936882036,-0.19790723767799137,0.8282690523523505,0.31912088467620664,-1.4169136164923153,0.006921279741576749,1.6797320902395032
-LsVlMLffp0SgAp0tEX8.-LsVpvvNc5iRCKfLMuPm.-LyDLzYgEt7877heUlG0,0.006619104397657378,5.690712610708218,0.22092621837645765,1,-7.697969407871894,0.03280906954331793,112.37723724305773,7.259175086489471,0.9997109611373974,1,-0.060504570896934506,9.910570757673506,0.9918431722611321,1,5.935850739888798,0.30476027190009036,-0.8218540124044823,-0.1725696943002495,4.170646659947797,0.8478045043261394,-0.11062635828368904,-1.2302452513741602,0.07889792824725289,1.3324805731698595,0.23931794834534179,-1.1667966862847057,0.003078193596240838,1.2322871513989113
-MrvB23uSUAm-tDe6PEt.-MrvBDF89zPFyAZDt2_G.-MrvCuXmzseB3S73Oe2a,0.26677393822484613,-19.874879012056805,0.9722707291855828,1,-5.24981306010108,0.17081734829378953,98.21485199871867,3.8831616977132692,0.9786493192412448,1,0.04594380553921762,-8.028224401369238,0.7273611713840265,1,-10.002874342487504,5.854143282808904,0.43876702110701626,-0.8604740751592481,1.1275091690964352,1.954675152772173,0.14195682640136745,-1.5151363654619583,-0.5617431101123207,1.1836305609425863,1.3805539866525267,0.4449550268356277,0.010080642680678379,2.3730052480279333
-LhASzQAqo2sGG-sBOiL.-LhASnaWOec6VOjFXF1i.-LkO9c2LnxlOH7tmSS76,-0.05198804728773582,10.343326359307513,0.9714402469262307,1,-7.619514207966627,0.04835152571363421,88.0132920200431,8.655962048466954,0.9998575004063965,1,-0.05616286522024356,9.117509889106062,0.9891726937912171,1,8.419794691453918,1.1420855735286386,-0.43079407754887117,-1.0719522433015682,3.917478701049331,1.1699473505010547,0.18987837915706424,-1.24363841114367,-0.008722785158481686,1.2387158915159187,0.1753573835048402,-1.3682314900236434,0.004417404284512081,1.4883572274728953
-LilnSmSyM-6usWD64ZZ.-LilnfIIotZ2luAuWpsh.-LnRNdvsYoa9nkddJrFK,0.0580148895569405,-3.068205366744619,0.9921907550311528,1,0.15892173325862832,-0.3905280340900264,83.10063164875098,0.7068943094655311,0.679764602279711,1,-0.04848801424958399,7.325837753742383,0.9709098350409587,1,-0.9218624618403211,1.2614289283044136,-0.14082188015468702,-1.349929331940031,0.7342699467260593,0.05993734576901323,0.4560273122926145,-0.5371744239999185,-0.553289415226439,1.0795820551204718,-0.22773405399266353,-1.4568369603306344,0.004932784528050533,1.1177760550971332
-LhKVtvaBGb1puFWOmgR.-LhKW39s7wkxN44JF0MW.-MK8rVN4DAsP4V4gIUBS,-0.03949448193384142,1.8050091020916894,0.9820603365527077,1,-1594.4655187118851,0.028384617334906964,-205.68097922148377,1593.2412233087512,0.9935346665738912,1,0.039137778067691205,-4.75021797803737,0.5485461339816994,1,0.9565895259196115,0.5072159703711013,-0.07805108834006139,-1.5001004631985473,-0.5027511437996793,0.2917273813650279,0.4856314074541642,-0.8518767850428488,0.3955924307938295,1.1718766892947108,0.6812026101399896,-0.12685823643806993,0.01185058391344652,2.042962007471514
-MxYN_-GGjd3aJ0ZnbsD.-MxYNezJNmGM8aq9Abvk.-MxYNpfX3ELR3f6wpoXD,-0.07173001404277816,6.163683566057474,0.9956348657702289,1,-2266.4271641146374,0.0760985042506145,-32.82764185797308,2266.764386064944,0.9691430079553952,1,-0.00401866956392527,0.7546826451552542,0.7522993976608353,1,3.509708075919779,1.5565445019983224,0.01741343951538095,-1.3729667161595558,0.5027007907799523,0.16721651923691067,1.2437716347759713,1.0689088053762434,0.1014088884505419,0.10213317789678561,-1.1031022124606849,0.6645061270370576,0.007368318849047703,2.0060412314712877
-N2L5E4vNd0BYiMZcEJi.-N8XaZmEkTa64ZLUpWw-.-NM2x5rkTfFCMDPeSg6z,-0.20415361510047791,10.793416822145954,0.9991001098150146,1,-8516.769405865183,0.03150940327275618,-202.48650088289187,8515.84079149118,0.9996204774852269,1,-0.007539426684847249,0.6069241493586185,0.5749022122930652,1,8.341167267370315,1.4657415368602538,-0.08188179489805855,-1.237616819348692,2.4265650363097517,1.4943521099996377,0.5336162454901624,-0.8741795256985734,-0.2414976745585118,0.21863820046007865,1.3677662667752397,1.059418499445112,0.011915904281792617,2.284598454764987
-MRZK2UNStbRoD7x2G9y.-MRZKApvLZAUmdWH6Wef.-MRZKNWdulBMx3Gj6cWE,-0.1523898029078089,17.58433607522641,0.9757673555254975,1,-13.539623008940866,0.07655040874923738,61.94268590793682,13.746871756639846,0.9999820865482256,1,-0.015293136326876167,2.0506287337807123,0.9808713099346286,1,13.012483059290096,2.715765875092141,-0.41970380466606516,-1.014985609548868,2.774663217252325,2.009459047679288,0.7194994889350854,-0.7558827861422825,-0.2202619306952933,0.338762495389956,0.33567931709923554,-1.111280134601672,0.006285029071487546,1.7882669276598304
-LeLiaV_6NrLdFlMbLi_.-LiCBvXce-5OzfiYh1Tu.-LnHVFB9hd0TUDwvHWa-,0.07034286317926103,-9.588611323221704,0.9918313247011445,1,5.596348665806898,0.0831130514363111,95.53304886346166,-4.980694582686666,0.9995082058211555,1,-0.0035827168690609756,1.046972827340512,0.15083180589646494,1,-6.9857350851761675,1.5285715485103615,0.1878187663396635,-1.1429469938637455,-1.8381542970449933,1.3843627346800427,-0.14612360154591827,-1.3820418785050956,0.4646022266834176,0.2028889937807543,-0.6848040351381299,-0.6068386014761433,0.005313276203078207,1.6524027296841863
-LlBEMo2wsK41U_i4Ff-.-LlBEbuAIaFAvd6Tsudd.-M4ODK2qd6jbL7fG_aSm,-0.14102930478908118,44.75349026589949,0.9654798420233703,1,-35.358797425186935,0.22262172472814673,85.02604595252012,36.69226101600163,0.9957435606248987,1,-0.0009741266416110061,-0.6417359944236298,0.00914445241149986,1,39.53568913519677,3.106604994271813,-0.4652859864565966,-1.0930009700494039,9.067106496301772,10.56525439959786,1.137962025749604,-0.24232776074813955,-0.8002456250320675,0.22328824791140364,1.0090276583426474,0.7320185164358701,0.004200890678578476,1.471297526074742
-MlnOd-lphkp0pE2p2E-.-MlnOlJjVQn78cD91CPM.-MlnP30qlcGlEvQOBlgH,-0.08371381002158662,10.819669800278653,0.9802576553558306,1,-6.719071584590217,0.13456583239854358,69.76248073351637,6.161202738127104,0.9975326359580952,1,0.0007292192346769477,0.22519767175491467,0.003456998182769788,1,8.474636389292623,1.3921137651319417,-0.37570525238731356,-0.8299052789834933,1.3723185539285891,1.887244087195531,0.6869866113273776,-0.968149050508083,0.331218734231507,0.27107523644155757,-0.36914531705517345,-1.1998815306094925,0.0060491312096444694,1.7278355301700374
-NHOoZ70QpQM7um_M3XF.-NHOojxAH2u4qid1oHyr.-NJA2VUGGeLRAQcgtuvq,-0.011902041213536038,2.6386063349650306,0.7001769465215989,1,-2.3358739327065083,0.0987453278269349,21.97750726253146,3.0867361725402884,0.9990046571501121,1,-0.016971018180910402,1.9788664978296489,0.9681283849740943,1,2.572407107810331,0.053651200668538984,-1.1316761446791124,-0.18763761076913799,1.3751064773804627,0.5248497961741356,0.6399461622987908,-0.9758766272804955,0.2900553547052577,0.3787216255139854,-0.44418946918392055,-1.0931495079908076,0.00830077469624615,1.7365029550815279
-LiHdzI8lpqzkkuRhCf4.-LiHeFL-BtOWv8dfGtAP.-LiqyNlRJdUazm7-ksoE,-0.0693509567561347,0.8531703477617925,0.9891531180872268,1,5.072672826297479,0.17779001715759055,96.53602815292354,-4.765386148281818,0.9892701550680977,1,0.03208858392452196,-4.325449477794112,0.7381103031481888,1,-1.712995745091608,1.5094284952093608,-0.22662694411643736,-1.2949845049860262,-1.933778808747462,1.8918638359489621,-0.19358888334959665,-1.60545777206213,0.8868906812163926,0.8185042218885537,0.7676726212895081,-0.9287623728243428,0.005697084149221748,1.6168116129886296
-NKw9Asu7GCLi0GaKhb5.-NKwBAhcudsOZY1xJlvf.-NUee0DEaflarZV5y9Q0,-0.10802641283387047,12.328147471077266,0.9927251400612681,1,-10.312939256579849,0.1172036285957581,66.93114953340232,8.379180407288512,0.9990700874457402,1,0.054603603924945676,-8.416108091537572,0.8866257783801358,1,9.411613369043149,1.7230163581407112,-0.07874698230221612,-1.3164520315226143,0.9775488907939213,2.6563867447965293,0.6566801212300799,-1.012873806011147,-0.6356652090847996,1.2706459820373923,0.9358535550239658,-0.17110966933324612,0.005799295684331423,1.6149309701971717
-LfT9PcuzeyBN4p2B5D_.-LfT9ZUhyem8y37kNU5a.-LrJBuMqRml2enNOZvI9,0.24841938111103956,-20.09332412244034,0.9991756770592559,1,2.915916141912248,0.1390675133691483,80.65250391427772,-2.4079119881635496,0.9853322559426796,1,-0.008717106163794952,1.5404491168224281,0.9089273172846882,1,-10.901843737580725,5.380037937848944,0.06151101147532363,-1.2416320439915796,0.0018765122082980768,0.6083845596687009,-1.1009361563412314,0.022003733665225234,0.12390249358269759,0.20058836981054767,-0.8160119351740114,-0.4436788501558815,0.008308724597704705,2.140945948890088
-NJErXKLwkd1nbg1WAvd.-NJErcSu-bZzgcub_6av.-NYWpefHtThQy8kx-kYW,-0.0661233192826074,6.204514573945989,0.9919722638171438,1,1.488404088485812,0.4629110904089434,103.94301741320922,0.359429371726348,0.9159224511879588,1,0.04007591528395081,-6.773757130267174,0.0865600540247472,1,3.7581385010449995,1.4376809183513122,-0.22783850713348636,-1.1957301946954353,0.9716050834141683,0.6939305961530453,0.16326607080965097,-1.5835479010706286,-0.2606813491316405,2.990460158246848,1.0640583253662503,0.26555611944906543,0.005836810401614672,2.093545308910315
-MUDIcWtRJGFt3XdDORq.-NE5IIwezb_CBOsJceZz.-NGzw3HkoYEp7s5k4e_0,-0.038708919828309235,6.7493084298862485,0.8981914221038224,1,-2.0411138458839537,0.2556353143297365,84.29764444955863,3.2444837312219437,0.9640914504720055,1,-0.019710857947155214,3.002497503670381,0.48175085886695146,1,5.317301124320876,0.8839259009865171,-0.8359678612197472,-0.5819614245431954,1.6148493191957434,0.6194666339238329,1.168473811174083,0.053378308033074084,-0.20010973337788873,0.6254860480368699,1.866532406364726,2.1500225688361327,0.004695185201486747,1.5900222329262215
-LjGBIYnULLBckx6_33e.-LjGBSWiBH-PwIJV_e8T.-LpgqMtq_gWINIt3nY5W,0.08664501614995784,-12.57852388259038,0.9799101495888082,1,10.568727772422557,0.05022022632359021,83.21229579590953,-9.543897146781541,0.9999200253443751,1,0.004085163411602921,-0.19267155192029461,0.1743414689057996,1,-9.37278086345189,1.8950179033797063,0.378387163397098,-0.942083854972537,-2.414767284682524,1.567736265555826,-0.28237373488018025,-1.1943287912825344,0.4710742809312335,0.21479433174435458,-1.1022643474104183,0.47604143523249,0.00506470951750233,1.6282790062107015
-MPhRsGVojHtbiqpeiLv.-MPhWFlWUmw-HhvktXUu.-MPhWQUCEJFN__hPLyPn,0.005544321721789745,7.1916172496664075,0.22264152587881747,1,-12.352456478501187,0.04899570054421863,88.64329783548243,10.537474589059496,0.9991529060862943,1,0.0025238086880803997,-0.8815126647123834,0.029323379809236716,1,7.378041761395206,0.23217448038168098,-0.05577852958927779,-1.252354865627076,3.842231902408189,2.024168293231801,0.06621828252397836,-1.2835517635132718,-0.487762059976074,0.3259452194429209,0.32595682755984257,0.3830704594105061,0.0035136097615442803,1.2712287457208211
-MKdXEPrluDVglfv7qN_.-MKdXTMUywVX796sVYZ9.-MKdXkHwgrCnnjKtUP42,-0.09425272656270667,37.607906062401405,0.784607122363377,1,-31.709988230845607,0.24789413861931045,79.95404941888378,32.24248817601004,0.9965193049010075,1,0.001518542202537554,-0.29427730029383015,0.6167860289968636,1,34.12052934965432,2.3051730144132314,-1.418920665430396,1.5386531641866794,4.579243910057914,6.9041248722621145,1.7283611767333722,1.6846565583443214,-0.04741392157455859,0.04316359064619866,-0.31857391578598127,-1.3006309219981163,0.004210057186673235,1.5069953001255652
-N6MOZM8pLdlWxhRGNVn.-N6MOh31Gs4Y0OMQ_Dch.-N83QaSyYGHglzvbBWX_,-0.053345356490728024,1.7383967311979907,0.9967570755268224,1,-2.596897366380529,0.061075501590737526,39.30576293722925,1.0842282508629468,0.9995547050356676,1,0.04021813751110548,-5.308735063052917,0.8311390425551299,1,0.9651319662721662,0.46291044646961504,-0.10713672485860855,-1.256071361365587,-0.7007790177611055,0.4449743972812941,0.3597790656375945,-1.175992302709697,-0.5836104820900196,0.9679582029348933,0.9944687116255508,-0.3094173086181242,0.0060892944007625545,1.132536492322574
-Lp2EM8aD1XS0GOg_xzE.-Lp2EQVr5UMuhg1iJDm7.-Lp2EyQqjzKMpsF_CHV5,-0.11588921970917077,4.695001091518506,0.8879151750235528,1,2.9079598529501136,0.24448674697653086,87.35253892331481,-2.1620490587069177,0.9788202489403354,1,0.022735565662118762,-3.590474579627509,0.6682183703002658,1,0.4070854381251488,2.6629337025654967,0.8276252733616186,-0.670974080771392,-0.012702056166901699,0.9926473993184698,-0.8967536028716484,-0.6949811221939548,0.10490712585054222,0.6114505707335978,-0.42022309224659615,-1.3557538972326861,0.018609797274691718,2.563389392870141
-NSKslxUDNg6LvV42P35.-NSKsqamIIfZf2kmq-VQ.-NSKv9CLAX_38IZDlNY9,-0.01437192686242783,-0.934570834242147,0.8198567891242863,1,1.0390795548551546,0.14926162386019828,30.067247015732423,-1.011650167407518,0.9981356715316173,1,0.004495986365011806,-0.026385650882117417,0.4826743630258544,1,-0.9811326504653751,0.03488106778678475,0.48439778239589876,-0.9486642453460519,-0.4830010024185966,0.36362994393346115,-0.018495699512727424,-1.5930090662099683,0.393722719135493,0.14259280556570775,-0.849212599756254,-0.4015202190909717,0.017057010055193424,1.6645135926214703
-LhZBIzaYFG60s-JvvfX.-LhZBsU5j78ednY_5V2q.-LpCby2TSSaJnezIX9kC,-0.06089264597652844,12.946400447371666,0.9840882129064163,1,-7.267264824017748,0.11405807093396401,85.06703796988704,9.640153492840208,0.9994214976299626,1,-0.03472919235697103,6.725723512359442,0.987502168173163,1,10.693461649723888,1.3291687968582855,-0.34047927947803536,-0.959528670877555,4.228434452977801,1.7378641336127711,0.732478926622637,-0.876136153532904,1.08242605927028,0.7669737429641369,-0.14812280011019993,-1.025399912667328,0.0034407420404659133,1.2539064784765677
-LiMfnjpZAneTtCKR2v-.-LiMfwM019--cSZgDp7c.-LiMl8Ywhc7o7nxKqfhE,0.018390111952964916,-2.16238294699989,0.9511577534164074,1,1.192913865074172,0.09887275626930409,93.97089240300987,-0.9968950065394954,0.9979397705842721,1,-0.0018560147676489613,0.5323504956166201,0.20855748116661965,1,-1.4819802033935416,0.4081277013593207,-0.5905183326187867,-0.6449837133957605,-0.2897272941344377,0.3255871919897889,-0.24489504542133272,-1.3969263429427672,0.2306221487077419,0.08950748498163824,-0.8477864360097239,-0.5697725034088532,0.007506123965292049,1.9436577436956322
-Mxn0bJrVlvmgIvfLv1k.-NJsoWvsNHrJAsX_J_ZZ.-NWGk6BCOVwvM9VuTBp4,-0.035903254861494885,1.205147332023364,0.9995286151980967,1,-2.2495359052723907,0.1073982152319747,41.495636478452624,0.7155794282013029,0.9991297990553497,1,0.030914525306804053,-2.635248860203923,0.36731389370184264,1,0.5416621969537088,0.39373777711032115,-0.03737772469392233,-1.1983696033118532,-1.1474843795165695,0.3951433635796347,0.9654658411375405,-0.3601762586941284,1.2443717076235454,1.1190190492528216,-1.1128355735869204,0.0742358701553476,0.0061897123562610085,1.1270768855690179
-LrJ0yu2MQVIC9mmVQU5.-NZjmUv_cMIv5q37qzKZ.-NZjmkxBSccEbpIZcfUs,0.020813587460738026,-6.0041642170139955,0.977239129314476,1,4.473956888686906,0.08898820434374334,98.10933736774919,-4.766869424209441,0.9998207338816357,1,0.018147944361167057,-2.7836105888285423,0.9608219411644175,1,-5.234154528429302,0.4560218537895151,-0.04966075515132554,-0.6630010228252257,-2.4296224281974883,1.174184775502961,-0.05533405568824969,-1.4243507209144468,0.16519704603637747,0.4063420197360132,-0.16965167034231887,-1.339505261175997,0.004145043825526105,1.421345051945251
-MB36N6_Jo_H_Xp9V7-e.-MB37JPcRvm_osel5rIj.-MmHbjo50LFUqzyA1Idp,0.0106682725778664,-0.025545645435431252,0.9575745907263393,1,-0.6614988102626356,0.14725775148110176,89.37833185871708,0.7572579869964322,0.9987541376528958,1,-0.0026045473712870137,0.379963293961846,0.6871706949708161,1,0.3691970994265274,0.23643422612840614,-0.07366854596602823,-1.6314028098289657,0.30127080743863355,0.20168258034658876,0.6274421113216648,-1.136255151749214,-0.04338451905984244,0.06960783047565022,1.0350802497777194,-0.21648163040718682,0.0028150975246017214,1.2954454377895253
-MuoqFvf90LffwLIvucy.-MuoqLQ4vwpV37d3zkZ7.-MyqK6DJXy__kvUJpuIq,-0.02675080842005802,2.0242593369420367,0.9974366795410219,1,-2968.5862950875994,0.04460294710969645,-152.03969273768058,2968.9277893057824,0.9932469755442864,1,-0.00955202711231142,1.1955930603175966,0.9813442120421327,1,1.6232552922618944,0.23924986423834138,0.12108989052159999,-1.1761354813752642,0.6869622761384617,0.2146860888961709,0.7609540496534295,-0.34882732042578946,0.06380443008641294,0.21177326302502866,0.2672990867583428,-1.2809453862350773,0.008625451208729299,1.909961059736241
-Lj_M3HTF61jKiWsSATd.-LrDDIqn_SvKUqnELg1z.-Lyc5gX9WsJdMN0nYxlZ,-0.17887194824051522,8.906303978192915,0.9916259558155792,1,4.143907232930576,0.15346645057231034,100.33326764461182,-3.4879955822272333,0.999192593169764,1,-0.010661948640017845,1.8320354186843273,0.9728002974965936,1,2.288123637045677,3.8885068986007387,-0.032498092490401205,-1.4283810618592876,-1.4824224550076044,1.4657928402630154,0.053327837520898966,-1.6041532933507645,0.09915528342550627,0.23807959966777362,-0.1282162300386894,-1.5343539003029538,0.014461358967410604,2.3810912020096224
-Mm2CziuznOBE9LfxL0J.-Mm2D3KjPiosJMr03kbQ.-N0o9VBdziUtad2oXFok,-0.13165758814908135,16.97510092952794,0.9468792997291917,1,-8911.619536102055,0.018843708787565815,-316.8985838718899,8911.844033068413,0.9896620293608859,1,-0.0524018322989761,8.498780441115795,0.9836749621583473,1,12.104073623312587,2.9287234739843333,-0.5382345249591125,-1.0829464992728532,3.8384796649675907,0.9795534742378476,0.3491313225109671,-0.709836339044855,-0.016475571490914536,1.1588971258901033,0.31831290667031853,-1.1779133461904914,0.005103614635568503,1.648295831754136
-Lt47WbLeFz0Frdnf7qM.-MA5tBz4DD0gOIWZ2qMc.-MHuYfLyv3fowfUYnI_g,-0.0029376112585439706,1.2141199177069661,0.526506069211927,1,0.4309588921207643,-0.43104630259043464,60.22807836752471,0.9195278217128391,0.6246494404050904,1,-0.025223460621401683,2.6027641908773855,0.9764415685120088,1,1.18736417081544,0.021176815750986847,1.7636180277700657,2.506103339569071,1.2786518501174629,0.16725583702626046,-0.341124700457524,-0.5986050647562364,-0.08347592410121099,0.5604233441783217,0.12786570271482608,-1.2898953566622209,0.008043783007538018,1.7643368567013202
-Ll6cs_2_PISse2tMbIY.-Ll6d2JxKsxCBH7cEtzy.-MtC7Yb6PYwzFgtcabVn,-0.06849950747184064,-6.255032832122468,0.7559712841750079,1,9.869644831865568,0.10805517767739391,85.54146893110145,-8.994984296499485,0.9990176068006039,1,-0.0011506196901200916,0.5970169612744152,0.11884307296515662,1,-8.309610774627133,1.3880500016015083,0.9247021525490962,-0.5256940277532793,-4.067491698408219,2.9322238683502557,-0.00037399528749713164,-1.4885112315251636,0.42632423307418127,0.0732698084220851,-0.04809542999417786,-0.018162752337195887,0.0028891066288479657,1.2089774183142443
-NHTSIH6WGEuYYUbVYA2.-NHTSNphytM8wq_yQ1lp.-NUW02qu7aEoUNB4MWB4,-0.03893101692938632,6.9695887768843106,0.9947884854707466,1,-7.515971077488187,0.03843875749854905,89.40347009902354,6.6567583421229815,0.9997063450222976,1,-0.01032220772644421,1.6891123194946722,0.8647960749446828,1,5.528859827686495,0.8451192237467233,-0.16688133121060153,-1.14817673034664,2.2278681544369423,0.9665769912452854,0.1149370036880091,-1.2423105696614662,0.0139332104263601,0.24236412205282126,0.43920993488551696,-0.5472062950793943,0.004158620680545326,1.4293541356535635
-MchzeqXQ_NN22dEYQdQ.-MchzkTpgEjuI0QcQLGV.-Mci-2z30AdsgOBN3sE-,-0.02890590617916411,-44.35423490498048,0.46891142568081645,1,32.8811913540912,0.21594605368584546,95.81494666214772,-42.41597203519978,0.9709225385715717,1,0.3387321477224109,-47.875098867560496,0.6730160977757675,1,-45.4237771803442,0.914052229428602,1.010759723239871,0.013098016045180128,-23.57258493899943,13.066274600811001,-0.20895590775102546,-1.5289999135227679,7.167875503909414,9.065197567956327,-0.9692719170649129,-0.570711015726975,0.004288794122314685,1.5170378104767965
-N3TKnmASS39_DJZaHma.-N3TNrRY-7i9dZsKTiNn.-NDgcbn93fvgTAknzJBH,0.012354353423770448,12.341554370538587,0.34403035858443076,1,-11.711877255262115,0.4840872498740552,39.83667990973629,13.905200070610958,0.9675912505727813,1,-0.04104873151191867,4.068313578559677,0.9839509940779781,1,12.428868069705626,0.09593089724100191,1.2200061450042234,0.5764149891695522,8.128410661049168,5.488302571506798,0.09666641845856214,-1.6368948187117884,-0.14014641899516803,0.9088996064261048,0.22421808668568705,-1.342831199881171,0.008680323287350147,1.8782659755840032
-MJf6y5k6g908m655NSr.-MJf73dM__cSf9eabi48.-MJf8Y2pRn8mljdMASXu,0.1017075699436978,-6.978355283379444,0.949039148784063,1,11011.155486353007,0.029113233457046767,-237.59510892554448,-11009.91944219834,0.9978790165021573,1,-0.00422067454974151,0.469613367703289,0.5271748667983771,1,-5.759894272621443,0.7535803615734753,0.5183881681691528,-1.0695414195005488,-1.578547573087235,1.1626744553045345,-0.5077278759099336,-0.7963575994842675,-0.00532448238160727,0.13132699631255762,0.3367799546649588,-0.459351526883359,0.00964990445256634,2.088397448165969
-NVTRcHI_DN0HFIB-rIF.-NVTRfAHONk1dEPs4Aue.-NajqBj5GcNRY6EABUNm,-0.07835259497238134,17.57124083922135,0.8329576941271928,1,-12.923376609753626,0.09147538506874295,86.3429390096593,12.92488767403711,0.9997800064388286,1,-0.007940356970909113,1.0393360519598653,0.7957981587249081,1,14.671843335238758,1.8594041095690872,-1.0694433727189465,-0.07261508917190218,3.8018399461754986,2.9106618152171784,0.534033215210646,-1.0851648800889468,-0.2508670244349747,0.19512928269855778,1.056726149683573,0.6075411682857088,0.004076013882596041,1.452324389502407
-NOEY1KbehbvKt3DY1s1.-NOEYSDr3ap9AbzhB85U.-NW1eWt9aUJkJaCOCNGn,-0.04738784876595946,2.263491882840893,0.9966294887920372,1,0.23074769538866016,0.8967875666874863,59.106303283633046,0.6650963378846153,0.510150005967476,1,-0.025548495614081363,2.866844028530873,0.9475571325670452,1,1.6002039825596681,0.3968095686750921,0.14032445835593302,-1.253355986905886,0.7542630505091351,0.14990392670964786,-0.35651427551227716,-1.45499593395186,-0.10940136197547272,0.57606544200331,0.45230190725969255,-1.2618154761515679,0.014530487950316378,2.562750825551339
-N_3BOgzymcsPXt883Wt.-N_3BT9m0QgbIAt3hIBa.-N_3BZw-QjJTJlzFj47s,-0.0330189812355175,4.398802494178879,0.9892555702932352,1,-4.463390392261695,0.044607272595534264,69.85674223330541,4.3615900332442195,0.9985512753191156,1,-0.006007400782314108,0.9574197559037819,0.921894358890776,1,3.1773873292689654,0.7190081791669556,-0.04279736375222985,-1.2614604111302399,0.920819447047572,0.48198757546798193,0.3928077825600132,-1.089182002446721,-0.01872166043098049,0.13798386117382588,0.4316223963852063,-0.9854059200516012,0.005089218208892481,1.6323541054467208
-Lhi_hQB4d9hP668bC18.-Lhi_pFqfsm7Fzt3bPH5.-MJVckR3hFrnud-vCpXB,,,,0,-3.782554749391035,0.21722545283358172,8.415009482628598,4.5619573233712964,0.9917301140663922,1,-0.019047072698145984,2.0290974075582846,0.863911545226229,1,1.5303252692881566,1.0428563745309294,1.2026685956385619,0.055932034817300025,0.4008205433767828,0.450231212343947,0.34163946556066677,-1.5241403534237867,0.015658348048445576,2.2256325250465485
-NHOoZ70QpQM7um_M3XF.-NHOojxAH2u4qid1oHyr.-NTD4fZxGoQnfkbjIgsR,-0.11030447159733689,7.745324813965637,0.9951230533211743,1,-1.297432169400661,0.24830450305145593,60.55029704260736,1.9848091129654126,0.9787673923451359,1,-0.01632303776507688,2.4631398141250216,0.9957985665156993,1,4.656158302749369,1.8190375810464032,-0.05009267085196721,-1.3828917295669927,0.8249180340742673,0.2501412201827592,1.83433442927981,2.472066577894773,0.10455174317193121,0.359530700855951,0.0730638128116025,-1.3300311476782227,0.009099633890427852,2.1668608560472338
-M-nSsF_i78yWKTU6Jpi.-M-nT7byCCsOazYBWWQx.-M0Wa8mJ-f9p17mjcz_r,0.08431132027067922,-4.48196825421239,0.9999823964272806,1,5.032346294344353,0.09164479121584003,33.29613953649871,-4.01848223135821,0.9936040540947378,1,-0.027488764938865318,2.34622518623617,0.9692469310827627,1,-4.145013276193763,0.21732060716114301,0.004820407427210689,-1.2286048697374155,-1.4852533874697067,1.3542173938547613,-0.0007814457317192342,-1.4141329755063217,-0.3065036556617556,0.6132201079521372,-0.17117048439497318,-0.8727661237429563,0.00703929439075902,1.663872710472904
-Moh5mqOGpsYy_5lzQFG.-Moh5xBnf63CZd_hxNQR.-MraWeSodS4T7DlwXn-E,-0.2804230181336804,24.883362775192865,0.9215253728773194,1,-5.922249814221996,0.2614667012648239,89.00451283647064,5.179021116043869,0.994256845509568,1,0.017945153351942245,-2.6139285132844354,0.9313802358352343,1,14.511116036258418,6.324791962050823,-0.40190717509301876,-1.449675629092217,0.9805464515698532,2.1503348724425075,0.8519347209537713,-0.9412651326260191,0.3018361423691657,0.40770244407686024,-0.6566721621062349,-0.8620678790323018,0.006020846699631107,1.8554949123304891
-LhA7iwTeQapDTyS-SYT.-LhA7u7fdAzf-Ce6-nAO.-LnCN9hwR_2FThd-KuNv,-0.012483242172415476,3.0456447594713514,0.8233835550877315,1,-2.414737549540291,0.04803350931407575,107.21754005828736,2.340285575613701,0.998008904184211,1,-0.019190118276660284,2.7969470208733114,0.9085337962492247,1,2.583755876543998,0.2992987943937937,-0.6651818033059141,-1.1917083763797034,1.3315308583053416,0.3816823142196512,-0.126758003501588,-1.2678016443882285,-0.3213363982408726,0.44224891489744295,0.7560565740784602,-0.5687451130240331,0.005009782420264415,1.6393574439567058
-LhKVtvaBGb1puFWOmgR.-LhKW39s7wkxN44JF0MW.-MKdcMArR_-wYJlwwb6C,-0.09397546000669141,4.882027287338283,0.9993921718408921,1,-4203.790756492187,0.014015660325069056,-447.1475023297124,4200.743553192583,0.9998359627430435,1,-0.004564153842879304,0.25178781098018943,0.09257776895688086,1,4.752819644982232,0.09368153322508722,-0.0023377058247366416,-1.344333057845806,2.4055917783232124,1.0968901389061798,0.2387651342719745,-1.1256254755118245,-0.16648161719050428,0.33102898841478146,0.7705122511854045,-0.45589279742198574,0.01286752991405364,2.102399191001039
-LrIRVq3IK3HG10yEBuK.-LrISdQltvo9B1C3m_ci.-LrISiHYbb9HXNjyONl1,0.1679302255821574,4.828608527430243,0.9739075608326659,1,-12.200140072899874,0.07460144261423535,49.265482965912234,12.56301409003744,0.9998141548844814,1,-0.025428116002749634,2.6901267506750024,0.8792515967050006,1,7.601144570904413,1.6660945971626715,-0.3530526086212571,-1.1590245167824504,4.843884607294826,2.6410121389178536,0.2945082829608535,-1.2722563059078462,-0.3994015289074284,0.5953829021692064,0.9805837606022448,-0.14302255460649693,0.0041741603608829,1.4164415947484694
-Lt47WbLeFz0Frdnf7qM.-Lt47aFOlKM6fxX6e0QG.-Lvnv5SKJsJSS-zntQhL,0.008811693961245926,0.2591307354866935,0.6408098525454988,1,-0.5430272516305905,0.23601619985517502,111.4220379451715,1.236142992699767,0.9415171506226473,1,-0.014479079220025337,2.532074973744453,0.9505597713281259,1,0.5851548666875591,0.23878497281072533,0.9652420739476648,-0.5531621021371929,1.0920085201949241,0.18970789439555674,-0.7480813052981501,-0.7729865579710498,0.1791292552861242,0.3261848473610098,-0.5920857579931574,-0.7460897896690701,0.002672152332423632,1.0891532662848387
-N1HyPmDE0QTEp92yfCF.-N1Hy_lxGTSOVSsrMUdr.-N2QDiw5j0DVqB_7wMGN,-0.037235772409312806,5.116755123850172,0.9737274723173701,1,-1.813118976570301,0.1324488825533721,112.26044233647461,2.489340682227279,0.9911384172906051,1,-0.01915544921787915,2.768101029420852,0.7105982962063047,1,3.7388585272873978,0.8166571146815443,-0.2280243646474807,-1.4155902540428513,1.997913868141193,0.4902028351116918,-0.7192293582062804,-0.8745495229483824,-0.344574130656371,0.49847468503691095,0.7945127511073079,-0.4590253320873181,0.0046354791877541044,1.6326356221056957
-LxPzAAXRuoplPdr-PRR.-LxPyKw7jx3j1Fa7bodz.-LxQ3ybgvJRiyWDsnBuB,0.051513273643659895,1.6013388903401746,0.9760034823684705,1,-4.888414067615162,0.16500239286352186,96.78218508971048,5.6866402198929435,0.991190384664198,1,-0.009376468264573497,1.2480005765133018,0.7148260950975862,1,3.507349046157486,1.129459093647658,-0.228602164095987,-1.4301739224607295,2.9852958958862943,1.7716554984070187,0.1758240398788079,-1.5706727952427855,-0.2758456220635259,0.24315384793190864,1.4424522014468903,1.0742334800776003,0.002265454011414156,1.1163140560715008
-MK3thYUGilXbhGZ19HG.-MK3vgA8wO0JHrGNJ_h1.-MR3x9b6NLY_iKEYAMqy,0.0635350763843262,-11.811011462606054,0.9987604777211596,1,9.361827387935687,0.07251940852183122,100.45278028101083,-8.11460982302658,0.9996087906286788,1,0.00998676035893764,-0.7956508129067201,0.5674444013585369,1,-9.460015886509005,1.376116730946574,0.016081007451543394,-1.1056703264807903,-3.5622373403021332,2.125008819731564,0.028949467550736845,-1.370576764708594,0.8273065757426903,0.29054695759852095,-1.7726667979137078,2.144557962498511,0.004971919035374269,1.5787699065709564
-MqJ8RHnrbz8Xti1wHHb.-MqJ8bJaFrchCnNhkMlW.-MtlVyIDuoYzu2BTdG_e,-0.10504392069657253,16.154114267835382,0.9645807182263674,1,-46.88119588311917,0.04464585521319882,39.33357617862697,46.08848921530417,0.9996417598942446,1,-0.018364083712981483,2.7366572038986456,0.8993731855587709,1,12.267119356534891,2.3161330680985768,-0.49953002523153855,-0.9464651054525675,2.713218074899987,2.0006187998654483,0.6329453599332842,-0.7886353636741839,-0.24794394390240476,0.4371861657658757,-0.08314314894588137,-1.463681992817792,0.004987002683164089,1.6250375521456721
-MpBDMbsdyhcLwWL-L3_.-Mt7fdp0qQ3obDoc3oor.-Mt7fjt__fuWdPNKJ9iX,-0.05470802739706167,6.323305570313404,0.9730211573780218,1,-2.1654586038761403,0.1967852891166975,80.88767256198767,2.134612469198483,0.9982163450746251,1,0.004191898320431542,-0.6206880400791994,0.8726232360257791,1,4.299133485464927,1.200447800644739,-0.26734382550869196,-0.6825490838588495,0.3004044706578284,0.4874388100651716,1.4348831209479742,0.7467397765104797,0.06076494592902291,0.09879573846437796,0.7831664380403229,-0.4315231249236948,0.005931082412628824,1.7635592251974082
-M2bvo-7AnonkE8qaqvj.-M2bz8ZiOLFfos1iTm0D.-M3eI7Y6Zofky9Ar1IJE,-0.16832854976849942,14.022938664279565,0.9837068237292155,1,-1.725430672349271,0.2171470679307414,85.86079949330185,1.264493049600606,0.9801826461033569,1,0.004497364426889194,-0.5781070314980694,0.22657594225349853,1,7.7948829380195335,3.6737996429894793,-0.3103840054850294,-1.2043599362007649,-0.056251475054464796,0.5358942672276983,1.0036282599628883,-0.40383971056658474,0.1526935454805953,0.20756965771241148,-0.3137852637786232,-0.9935042841663679,0.007598450464078894,2.050138495200151
-Liq_w4K5UDKsni46WKd.-MIJ9YxhIJhizHAqd-nT.-MJBOyNOcqoSOeSaxomx,0.03417607199264294,-3.867647278157965,0.9931448159048508,1,1.8457215466971322,0.12335969641069815,88.57420415663832,-1.4942592967128245,0.998756728903971,1,-0.002489912314691533,0.2604651711289001,0.06816938970060404,1,-2.6032997058131317,0.7427637827294341,0.19389667235835517,-1.237195560326645,-0.21318583055699403,0.5103721286922737,-0.5952819727820616,-1.0955940637983783,-0.1438040964901028,0.20984623127486934,0.19658422442837084,-1.3016591786495846,0.0057998319000058625,1.7401099926853685
-N0FhDYqiqHH31WXQzTd.-N0FhWIWLlfhNHWd_LCQ.-N0jdAeJSjTiSulu21mw,0.016814989971072537,-1.99378836296056,0.9050334020059128,1,0.47469054480452455,0.3059556069551051,116.18002849212445,-1.408974225325788,0.4925876088937853,1,0.02796752692107421,-4.235331288141513,0.9811943953011965,1,-1.3713489517003876,0.38235718297103366,-0.673054618376412,-0.9790910439846523,-1.3277450903271295,0.19313974623101704,0.1828777863885064,-1.0717879133614914,0.3106010358783189,0.6210716710807032,-0.33262640974257945,-1.076149061442184,0.008332870274313786,2.1682048533924316
-MNSHjxn7GqIJ4AHx9Bc.-MNSHwnOue9OiHyY76ze.-MNSICw37qjxiAIhOIO1,0.046144749216709635,-10.968886000075297,0.996792684665192,1,12.957359865064713,0.07492571492591225,104.29335112388299,-8.67442296600785,0.999748361235636,1,-0.026563689429995874,5.627311889819569,0.7775222754451008,1,-9.261342158249947,1.0004223997628487,-0.05826212289490825,-1.0318255099173554,-3.10331112838257,2.959018704805581,0.15589284354981117,-1.344721451338814,1.3114168009900293,0.6785406733718179,0.1549694006582536,-1.53399584001286,0.004899734054547911,1.5172478363058224
-MfqQk9rlT3xf39lOVf8.-MfqQznhrKIfXEo5_v3e.-MfqRMbc4KrppHu0hcVS,-0.036743267169294214,10.282909547136091,0.9499736905415297,1,-11.537167339396323,0.03678867762225391,79.59198948445174,12.19947218258846,0.9995392869100325,1,-0.05748183374355165,10.005479191143195,0.9685204951141393,1,8.923401194300649,0.8162026783018883,-0.62829983001876,-0.6261072600757136,4.525020651951429,1.3123843023079846,0.20208539094683206,-1.2004063716989912,0.664484175456697,1.2834239359327726,-0.16894870280715643,-1.538643989080662,0.0034966563845282525,1.2668908221559168
-LiHdzI8lpqzkkuRhCf4.-LiHeFL-BtOWv8dfGtAP.-Lkx936Duhydd8SbmLdl,0.1224764944391834,-17.823723743931374,0.9939108890436867,1,5236.741286661658,0.056535351184527925,-48.79929507469788,-5240.209558389933,0.9689438833175705,1,-0.00253261393119919,-3.354803230346807,0.6014245271566798,1,-13.29223563062973,2.659573950424073,0.20839638487567733,-1.0994741477147418,-5.103864582571132,1.2784547130161168,-0.8907467548006054,-0.3824785675244753,-3.766163245291699,0.07307606149114156,1.1296771397956804,0.11949004945047692,0.002180445577865311,0.9211756153716919
-LilnSmSyM-6usWD64ZZ.-LilnfIIotZ2luAuWpsh.-M1ZufJmAyHCrQ68f_gK,-0.010038634158064719,-4.023485046636815,0.6563948058140678,1,4.902477537611838,0.1474756776386956,102.30718261995018,-4.7699190268012055,0.9912101417952809,1,-0.02365562848165137,4.92063772584827,0.4481679955363804,1,-4.394941348407532,0.26832928396543776,-0.7038618779637452,-0.9900288725340585,-2.579993456992976,1.6973797973782017,0.17035887454699114,-1.543397645651309,1.0764673558635505,0.7766881354106454,-0.6842165235029445,-0.8734295672309393,0.0035576399230228505,1.3199192937976252
-N7KVvQxiKGYdJgYekRT.-N7KWG4oeEYXhqqUQ1jc.-N7KWJQser861cYZjirH,-0.11738801911525668,12.286168706170777,0.9959042491977901,1,-5.942465793022086,0.07518511562580674,75.24476559605296,6.250852262418071,0.9998435015407429,1,-0.009490452056226673,1.2227016947567,0.24834656927136156,1,8.118948774353445,2.4445296612098946,-0.15108325994720345,-1.2436529920164612,1.5937637006022405,0.956647220994091,0.643687756461847,-0.8692552234295494,-0.2912270945081884,0.4298507213780186,0.31646868057069666,-1.2475988599284245,0.006774159879488406,1.8817521486253346
-LnRUo67yQGOfr1rPlTl.-LnRV1KUjTGqgvA7Sow7.-MCM51lXJP9ioDXHTRWv,-0.10757947511106931,8.829439575810792,0.9979198439509132,1,-4883.778725981295,0.07212937042647118,-63.07500611453991,4885.81924624714,0.988145138459335,1,-0.035912938668885896,5.449304338861248,0.9929350064916959,1,6.301507049156274,1.4924122601579415,-0.09026764701176591,-1.2751528520831672,2.4933608322144787,0.4327095897611555,1.1509607527495482,0.31126126959171074,0.5830697508649385,0.7904057859127117,0.17922582273173415,-1.2964997759805605,0.006568668745041647,1.6844992207592844
-Mr1XNDk2MP8cAsGvHca.-Mr1X_f-Zk3BoK3QLw73.-N1IiMcvp0YDn68ip5qE,-0.02962605206650215,4.697803990763436,0.3992524420690553,1,-5.025734674263808,0.7589918977788292,104.81940410789596,5.793226934246738,0.8944423272168077,1,-0.019887617885798514,2.2191961300175267,0.8236515361249952,1,3.6012087257624823,1.014562278210557,0.3493602042073838,-1.3098090494543115,3.8157367788702885,2.456577229771215,-0.09181068834763252,-1.4034505977622977,-1.0127907867754748,0.4799137568114172,0.904745502871227,-0.4787632602414065,0.00691661419443009,2.056525372022285
-MSgRsl4gML8MsI1F1gD.-MSgRymy68EVYwlpns94.-MSgVIGb1TA6Zt9TrSgg,-0.017870949336671327,2.261409367304987,0.9226451778790283,1,-1.181248633583668,0.1841372175656351,54.89599277049166,1.5061397610580032,0.9968857349193153,1,-0.0029524045826652134,0.7311143944142311,0.36578667448667324,1,1.8324922629327507,0.26430768058102605,-0.5235076460709962,-0.9715591147307423,0.5107556163076952,0.26369369070381954,1.3796880977601809,0.6032690770184015,0.32806040080432813,0.1074504949188269,-1.2849789156764069,0.6952393480496251,0.004370149454531866,1.3944488528528158
-LeGC3EwPfb82NnUGMCl.-M9N9tvEz5XJvKf9pBur.-MNXcXwAHd1kAKRGf3mM,-0.02906200646480195,19.84245061486709,0.17035804837649438,1,-19.826771892160902,0.11161664478362558,83.05502397103716,20.286010594231918,0.997661055825516,1,0.00861448951642474,-1.8682687305074124,0.08146825911304834,1,18.766931269726605,1.524950429444015,-0.8813792132393005,0.14255894259104718,4.973997671759041,4.3573187128738775,0.8104223424100336,-0.7341281108572622,-0.46853593244318054,0.662814627872834,0.1593285705097666,-1.3583353630822228,0.0032719050352785486,1.3096588614199793
-MLqdCWMn_JV8RGtfZlh.-MLqdKJ7YK4qvKj7n7p8.-MLqdaUBAFem3DpLZOAS,-0.04351399917945842,12.324663468728549,0.7464158297844683,1,-10.688653303853776,0.06097029802313409,85.73879053021626,11.306081201402552,0.9999079196946921,1,-0.03650672858955217,5.799750348978704,0.9505480106606284,1,10.715096722235383,1.0901652769832286,-1.2867610655759816,0.34375372460092724,4.135191502948553,1.8787116617084116,0.3242165201328664,-1.2040298465948853,-0.13202031528210711,0.8214904447958811,0.2375808411215319,-1.1598444510119061,0.003747861621636066,1.3974923962091281
-N1bxw0ga-84Cy1gXwBs.-N1by8Vw-hHCXM2Obfak.-N1rfyX6OpygDhnAK1lt,-0.03877139835409577,4.893689363515712,0.9885695799816148,1,-4.225722403083408,0.05985302560611891,65.56303662412705,4.584652550348072,0.9979739172417317,1,-0.012471676440485302,2.009473860420953,0.9892983109340765,1,3.4586774030599865,0.8446764609130448,0.08251134372704955,-0.8181652257950365,0.9696722070758363,0.41640118699270107,0.6879981924370933,-0.7450465876572459,-0.0170391947001778,0.2746477108913773,0.2147684085451905,-1.2650590932070347,0.006147445437868244,1.7542811794671453
-MsEbiGjx7SGAQ4x_uhj.-MsEbuovMjA99Z_1HoRL.-Mvrndv_HE6wH48ZX8JC,0.045151779920285406,-15.860530160318103,0.9562492566597423,1,15.502951637314716,0.07506263425597753,101.88578430592369,-13.705911790890148,0.9962027498001074,1,-0.010587507251659977,2.9309059813510387,0.1658353635335228,1,-14.189896402897075,1.0000405382741986,0.5521239164483803,-0.6504062871776317,-6.500259473133043,3.5982579564987938,0.07639691231373155,-1.3734606093615072,1.2123401613486848,0.5789735769174182,0.5710392493130735,-0.9133125780203435,0.0038763947761098413,1.3735457597428338
-N1HyPmDE0QTEp92yfCF.-N1Hy_lxGTSOVSsrMUdr.-NAnTpvp7BkYotnOQR49,-0.0850217105843114,11.346953339533885,0.8948774080224968,1,-6.664123686763713,0.07221732377114447,78.1919572332573,6.842122670545278,0.9993452768085439,1,-0.010149978025581504,1.532931480866026,0.9614112944427847,1,8.200872180837777,1.9453856105366734,-0.6826331671497347,-0.9040798700156709,1.6554340120011652,1.0576758492279372,0.6120978601300631,-0.9189776515423276,-0.11629604777378291,0.2271001085299718,0.5333862841740493,-0.822179814262864,0.0048226764942368916,1.6319386724715739
-MyLy-p6I5JtXFr8GZ9a.-MyLyReKVUtSmV9XyWNE.-MyLzG5BgF9F5MxZF-Ra,-0.34187116568067255,36.6853888348733,0.9509082002535161,1,-17121.806779305698,0.050900945645291226,-74.24278290190232,17122.615698944715,0.996750423616283,1,-0.006635186083293831,1.4953186217059755,0.5638990451110863,1,24.036321504112255,7.589608457361058,-0.49885702513321345,-1.1914563199653847,4.000963468775663,2.2346029396828864,0.8455503908894046,-0.39811058162120094,0.41675342054282666,0.19385632103675784,1.6488405016608896,3.290985696975241,0.0053281477458116434,1.7092561605248566
-MyRA5azWuzP51a4EIV8.-MyRAOH7tWvq23jsFUF9.-MyRAj5wf8JnIlD9vKIc,0.04290105965976565,-0.5541297425895977,0.8634307679283454,1,-3.323560980410681,0.9678225560079111,99.53712339197523,6.608781250366308,0.4527047613127464,1,-0.06124665803179319,9.704038210787829,0.8926520348112515,1,1.0332913818953962,1.001572369479998,0.6468876731344538,-1.0663365856496099,4.9483288885723775,2.4972652597528677,1.4366442196571572,1.2694728863128812,-0.2480953347055003,1.4236865176787339,0.8801869133791075,-0.46572559667025093,0.008249225310707412,2.036373538020601
-NjH4CFbDcUZRALH_d4L.-NjH4LROSG6Cdz3ZZz3Y.-NjH4RV8alF7Syyu_Qrr,0.012394634281812977,-6.087182094291102,0.3284318412619156,1,4.919123424607443,0.13902192489195792,82.65227941157181,-5.234042458383912,0.9996475740064009,1,0.03212696340476412,-4.539551823918246,0.329747151700864,1,-5.628844593752686,0.4676032167987464,1.6338940221291516,1.8733835575388484,-1.3116191873935257,1.1347012891765282,-1.0099490564691072,-0.3697808059691039,0.6798643445933769,1.3329980714754615,2.3873041856968427,6.940533840596654,0.006325360771415575,1.7908292220324387
-LhtgDx5KeVU6cU3K9Dh.-LhtgZ-OCWFD-YL8GREj.-M7lhf0cHjdaXQ_LgxCl,0.013572355743307951,0.16588895014344773,0.7783778472159648,1,0.338161881046449,0.3681623932122549,102.31377794458267,0.7509677357458676,0.9098717811628294,1,-0.011646891933360326,2.704558819889142,0.8697828362262168,1,0.6680844879602038,0.3329366009813218,-1.1657860374270201,0.15431618864602026,0.9007894366163889,0.15598636657186096,-0.029730914253365548,-1.5426303091547822,0.8126345757848228,0.27291408353170793,-0.4879725312919786,-0.5676086414446551,0.0006949931112991487,0.4701560408892981
-NHTSIH6WGEuYYUbVYA2.-NHTSNphytM8wq_yQ1lp.-NMDGcB0ItUbF2GKCEEf,-0.11650087341055171,19.34056137893744,0.9407485401295155,1,-8302.381277589464,0.013658775537669738,-379.7320849549875,8294.91465411909,0.9999421437613489,1,-0.01851767957704009,2.115668139343281,0.4196137073614593,1,15.03015998709155,2.6000688830449405,-0.6413503245451039,-0.8285095014929982,4.67163557292791,2.3801251351477215,0.23390318903832644,-1.1322687607431943,-0.8933429368544039,0.6278208912602805,1.436259505497521,0.9945120079182921,0.004619096360261764,1.5644472490914265
-Li78_-q6o1fQuak5tjs.-Li792Lr928udbQJoVff.-Mx8UUUT3gIMlOiwUt1d,-0.050982804450721675,4.033044680170365,0.9155922538424786,1,1.0786192361125087,0.5046708267612898,92.05956391224,0.8799585340043274,0.7097515044196583,1,-0.028918642802705063,4.065120072803181,0.8406810358782939,1,2.146786961688816,1.1540774209393692,0.7767150534601547,-0.5962379655379322,1.581256960079829,0.557156452883667,0.09452208708458523,-1.463424092024159,-0.6348205720831418,0.6903136322437446,0.9801628379494813,-0.2701903635289451,0.012454188607248033,2.554933050482375
-NLQ9ArLNPOU5ZK1WO0d.-NPvYMrvoe8cuuy6-iDx.-NpsRZd0ANmO7rB4PJr-,-0.09539156339692942,4.485377210890106,0.9990679086944528,1,1.288860121220714,0.255871952950638,82.43394245151615,-1.2188713559285087,0.9501955462212162,1,-0.009354038354798755,1.2446508403356402,0.9712345652244461,1,1.9082150088133718,1.5172029813030425,0.03584450990651558,-1.2271767782259835,-0.6484411544189607,0.543743774758068,0.08540675973560721,-1.5665000437822332,-0.08839247442732305,0.2085946811458337,-0.16760680378276877,-1.2957682904832832,0.018799133048966625,2.82289710820343
-Lzkvpt62mPR7dOHCFd5.-LzkvyqOg2VeZxImhDMt.-LzkwVMU3IqjfnPOzkox,0.002533406467570276,-2.641832052556429,0.02740826944374819,1,2.202952639745868,0.12496369135418169,87.60823283343846,-2.067917286252884,0.9992726816766035,1,-0.0013673083347959694,0.3245271382566827,0.7551699375606367,1,-2.5477394877966706,0.33192115875823713,0.47190566732425226,-0.929213088213618,-0.50175742938324,0.5955123267093688,-0.6585727378489733,-1.0190481451679378,0.10257735575810153,0.03773875398285013,-0.73483183214486,0.08154008820599268,0.003412451384029641,1.3573607772787708
-NHOoZ70QpQM7um_M3XF.-NHOojxAH2u4qid1oHyr.-NM3LDWc4KlwrD6uudPS,-0.05880898676716052,6.871048438364683,0.9731578193363156,1,-4948.702394832412,0.012581926788556673,-496.0852911990298,4947.169303641759,0.9953422719904165,1,-0.02918175643694826,3.754164139880431,0.9424630828922997,1,5.665217066426116,0.7227621161543893,-0.3738255807764396,-1.2168395871746445,2.7050410049752354,0.7679482760489651,0.22885299669197645,-0.9635335942760923,-0.025416573640811378,0.6594998106748459,0.5357227944645743,-0.7925108711879867,0.0065450341457570175,1.732202350194968
-MrvB23uSUAm-tDe6PEt.-MrvBXzYZhAbG36OawCY.-MxnWBQN3_fKOnAB2gWB,-0.012201942697513735,-2.4352411694012113,0.30367181289323264,1,3.694986843671789,0.2644395280507058,84.6092608476784,-2.423068169630316,0.9781938934634438,1,-0.016073733113681796,2.457881305431324,0.8849136174743343,1,-2.8865452227871495,0.4795617765418661,-0.14387735231818033,-1.4065038115138258,0.5060970325108393,1.1431708793161246,-1.1977330161945796,0.029823844018188606,-0.15436757277002333,0.3752170679394101,0.9117505818821015,-0.3407338834457412,0.004895081956877687,1.711526603798038
-LjL053LDwz53ECJceWS.-Lo-r9zciba06Hi4D04j.-LtdGrU1tpNLa7XsJs12,0.003774070943632246,0.26562137683996534,0.141636361520301,1,-0.404664254725433,0.07392167067448008,62.35473261138446,0.18119928163670831,0.9117187309297472,1,0.0044293698332127105,-0.5768737956305708,0.8683374448174994,1,0.355631836362424,0.1366349826834087,-0.8207797869278578,0.2311647438793405,-0.07937190905137098,0.09085568416737816,0.23843145651187184,-0.780687118206207,0.023598180015317632,0.10538367825083089,-0.2758965003619261,-1.539008400094379,0.00756086397918369,1.7737591628400966
-MHuT4RKvZO7CuS145Gr.-MHuTN_dAamozJjD6mDF.-N7Pq0d_Qn3Rmf4KWLcC,-0.016835013321962355,3.6944048020517144,0.44116974477806525,1,-1.3458816338753126,0.3456005607544381,82.72442994056959,1.4411239561091402,0.6516770425045784,1,0.0002932251910275907,-0.04973685587465204,0.003006873429857726,1,3.0712374648479823,0.5488659635265146,-1.2589524083853014,0.5868209267951725,0.32258705859753306,0.4872193305847079,0.5170080679164333,-0.7189706426211195,-0.003029718690657001,0.11816239574333604,2.431712579795181,11.009068572587719,0.004110375497063389,1.535134862588758
-NW78PWy6TSgtImlF19K.-NW78V76ftDp3uzB-n4_.-NXEydJZXXCeXpI8frl6,0.04818579091788731,-9.511182170325128,0.9804040692808229,1,7.1395883262690125,0.08087387719009052,84.17542032448165,-7.705082902768421,0.9994729982305334,1,0.012131299293428377,-2.052679321576528,0.8893807563863991,1,-7.728312209088491,1.0544230611336654,0.35307489269743975,-0.8073715033890072,-2.5454752857128526,1.4264138118678447,-0.5298810689369341,-1.0639513014947888,-0.08124966322167122,0.2833838975200207,-0.26623412451872935,0.139764592022106,0.004298133172316245,1.4460018535976475
-Mxn0bJrVlvmgIvfLv1k.-N1rMpytXdO3M--1QE86.-NlbGS-V1KY11NHwEzP_,-0.04620198400571355,3.9625803202996495,0.997480882324564,1,0.636582750347826,0.32302162290607866,105.92849044610486,0.17846588670135324,0.8922793916179446,1,-0.016048137439502952,2.7694146999304547,0.9622115845060792,1,2.2538078807193735,1.002560771521136,-0.1144315298075708,-1.2148892167513778,0.41489780942171905,0.27934056804407714,0.20850251672082018,-1.4305431378409283,0.16156633713474736,0.3590961234656695,0.47545351224399635,-0.9907615363126183,0.007793731021205817,2.0132267194154427
-ND7BsUwXoyq3Y50pjun.-ND7Bwwtaf0GHaZzEl_w.-NDgDUiZ12JMEJ2Zjkb2,-0.02126217104150375,-12.298658324337534,0.712305579191612,1,11.00086999483418,0.21693481016149985,92.76738487977556,-12.884247574429946,0.9910748059283369,1,0.014211283419656717,-1.8977235763198212,0.5917420869000201,1,-13.085520217768037,0.5454153717560941,0.5364596986754294,-0.9505869553709245,-5.9206326327356535,4.169635803415876,-0.45586178415218503,-1.4159239903590164,0.4117843322259601,0.4142909493004158,-1.298278020691782,0.6563298076488144,0.00312227010533781,1.240702582640588
-LeLARl6cYWbEMnS6aOi.-LeLAYdDy8QM1wwAqCtg.-LeLAwxs5XJTtQ6nlGYy,0.07824608236598833,-7.956545323304459,0.9947047108681413,1,6.6646176740276095,0.06634827450497313,57.25759895991433,-6.33320868185458,0.999810264839218,1,0.012171800530008992,-0.9243525569160629,0.6542782865144268,1,-6.508768977365841,0.8618845729758765,0.16691698368133961,-1.1728234865211116,-2.528480119699978,1.3869459425876345,-0.14473844280504908,-1.3218238361070067,0.6030972009238788,0.3304431046927515,-1.4012303754825466,0.8976756963578385,0.008477772259469133,1.9447427276164
-MYEQzR3ToSh4GRLSIMW.-MYER3l2D2gbCmUtaz6K.-MhNPoAWv476i6achP4t,0.13212968991077123,13.22831698715192,0.9240340855145823,1,-22.83262741812146,0.3025532497235824,86.69551255325561,22.158830907469362,0.9977629694468816,1,0.02808421302197983,-4.5406101323424215,0.5222673123281671,1,18.11801639607485,2.976105568545423,0.23785371368586275,-1.538884390226171,4.931562416771024,7.941688420867628,1.085611580296372,-0.47113146097533054,0.02303374689011146,0.8526625019113625,0.04862765584201464,-1.5010724322551638,0.0035967050225977435,1.4359750898608297
-Lht4CvAFBwTF_xdonEr.-Lht4RBK04XMdlX6y3VB.-Lht562WeIE6JObquuqh,-0.01752694810946527,-2.2112828423465496,0.9777271554746189,1,2.8894187304256915,0.09254897109884533,103.06867286235432,-3.774270830134744,0.997399116153767,1,0.025086361087879427,-3.6369006189850897,0.4270788201903749,1,-2.859804182461761,0.3837004309088731,-0.2709886842581745,-1.361147219534705,-2.4980972562794874,0.7710494922207454,0.1489996178051304,-1.4016876842344235,0.43897177881363886,0.8490391575948327,-0.024376328700015687,-0.9071069679559889,0.0028674800852084422,1.2751625579322388
-LkStkgOz4aCQplRjDVI.-LkSu-v9GyFDvJPWbbAu.-LzCBI4tUC5TzkHAJS_P,0.020488296193240996,-4.052120854963001,0.9667628300614615,1,2.2735173246835867,0.06364215562546463,105.93393368535025,-2.723671735798565,0.9988872388372573,1,0.03715664490764459,-5.581696276747152,0.9821141693852026,1,-3.2938620567420394,0.45092661965215575,0.32920991734740945,-1.2833581918044568,-1.7786980782642678,0.454428844061965,0.167519749519463,-1.2993676464809314,0.45611778093182787,0.8232382857702858,-0.07206667581656621,-1.3255414035674589,0.005803165571085664,1.8216487948821525
-MmMfrxxmPDYB9YFZLl1.-MmMfzM5DZGM600rmMmi.-MmMjnbl32DJpU8n9PKh,-0.041296555364449795,1.8724403962131706,0.9990864363994147,1,0.6412998165049286,0.2570096593350437,75.20388862161562,0.26479144509618363,0.8452761445917022,1,-0.0201695136268175,2.735448076249034,0.9052355562963644,1,1.1909994158835877,0.40521504329085095,0.05582874438047448,-1.2434879072411131,0.3765473038209099,0.18980433848352965,0.945573452421569,-0.11498329179420885,0.2857190730954495,0.46787133608435655,0.774791350411737,-0.4018795826631374,0.011572319296433178,1.8878201950733808
-MdWWP1s7V6rMA2nYCSS.-MdWY6Qm3LM1sjcWe_vy.-MhIEC0efOzV1LoMR0o3,-0.07721812316571394,20.700753507321835,0.9817069112386739,1,-20.624612767098448,0.07175943004239907,84.25534333405086,21.336288171602657,0.9987210636900918,1,-0.04440593800030281,5.741502741188878,0.7276014451796626,1,17.84366809342164,1.6866407598291349,-0.3575552173911256,-0.8811285460529366,6.741430908686303,3.879585991214803,0.4505134259165313,-1.1303299119535648,-1.474648441017402,1.141884748965658,1.1507793970495626,-0.06691868992330274,0.0045289376617832534,1.5200356830947086
-LhFWo4psMxNltfNkt3V.-LhFWuDai6yRoxydHy4g.-LkY4-NLD5B7mXaueiR_,-0.007304555297054831,1.2748096808679108,0.6432804796617724,1,-5881.539671848905,0.01421276039331998,709.8035202701914,1.2476385556351643,0.9912202580338154,1,-0.004507156844160365,0.7578683545264646,0.9533807712653184,1,1.1397303770264358,0.10025028952478521,-1.2141648430985466,0.07956577730358383,0.6409910963121819,0.12424214298825823,-0.22257604851202267,-1.025724088262385,0.1920589646528195,0.10121089189482607,0.25720744089124686,-0.6067600751426898,0.0035841796525644867,1.146724985795287
-LiIGVqcFTTU_qRCRe_m.-LiIGw_v9C8CeF8ppOnF.-LvjBg-fGPxqD8vMrZsL,-0.024106685002058148,-0.1747502981705562,0.9522731006874494,1,1.9787745330991624,0.16961310458804793,94.83927347909753,-1.6857174969811766,0.9910962363494703,1,-0.0011173305029104075,-0.07253707190207526,0.016522116388368202,1,-1.0668533171169932,0.5351198037099444,0.5189474008020103,-1.0865292142712306,-0.5168743843168118,0.7134910539998394,-0.2967144720292427,-1.5392787074119836,-0.25453701171021886,0.1902414764951426,1.0254242766875443,0.16076663537748326,0.0025090967567423165,1.332897379074339
-LnHernN_fpHMmekEDg6.-LrsEMc0TBu1X-ESuAtq.-N2ziLYENwuFcsitPria,-0.0022961103114012005,-12.040325345062891,0.21323376271660066,1,13.606749142458417,0.11970785994487317,102.6059515991167,-12.057163268699197,0.9995366581196446,1,-0.0010673895636723607,0.375057379507557,0.03150221997630831,1,-12.12519326696519,0.10823259709031732,0.2519706080035538,-0.666027971912504,-6.01523686022415,4.234885675161614,0.1686097483165513,-1.4881038886614277,0.20057878418412392,0.13621533691275056,-0.22071153837459742,-0.8091644084817262,0.003014332951209745,1.1977422139168628
-M-EcflhxTluQI3uygcN.-M-EcnorU5h2mkOg2Tu1.-M1-aZP8o03nYmw3wVFA,-0.06577556024941947,1.0553843467909116,0.9798879977717893,1,7.727410844537153,0.10199054444514093,99.98365738722552,-5.07532762872754,0.9862363227735689,1,0.0003332837842772401,2.3560875452353214,0.0002047454673619331,1,-1.3783762606649979,1.4380711596167923,-0.3125665637359551,-1.284283525081969,-1.2739925806057237,2.2348438328200237,0.013980434453526789,-1.4205954650279624,2.409144336325085,0.5266992521527365,-1.4560726998427045,2.3430679935405045,0.006063943682111176,0.6227605250238435
-M8KXY4WYZ2GscL2GzQm.-MA5S0MpiYEykxyrZWlg.-MBn4rfxv_J_XKgXnPh0,0.03411403114445706,-4.65390423184178,0.9952707609851186,1,,,,,,0,0.0015006925135969684,0.28068327701493145,0.01819651107366793,1,-3.391671398883415,0.7417658088262692,0.016773704626970254,-1.2836525709476072,-1.1824691058639711,0.5773400979940133,0.08084666669850876,-1.0078765050275458,0.5246986984357217,0.24374356787440596,-0.6991852112161214,-0.7937171388113509,0.0055687376248578805,1.7481631105871183
-Lpb4l4JaXOMbKBkV1QN.-Lpb54poILQk_X0NWjpM.-M1Zsm2eC58IVBT_tgb4,0.02259426195218712,-0.3945231210448588,0.9529884270151237,1,3457.367086660783,0.13193870185359127,-60.599806210961376,-3456.924738468851,0.9673929123026048,1,-0.0012128597262932583,0.5334365193717034,0.9025529816942239,1,-0.3474116907122943,0.026995761878114033,-0.42955959418380973,-0.9586264527262518,0.3304115372431617,0.1764968616502587,-2.0987777675032078,4.260922229453486,0.42263946961271476,0.028799810086905707,0.5099309473411463,-0.7059243665867836,0.004334773352137986,0.8387553551363086
-M35rpcnqO-CvrquEW4i.-M7lWHNl0Rjf5gnSmFYt.-MA_n021QAbGEwcWM8NR,0.038016256931484804,2.0737729743974245,0.6834396308949193,1,-37.73754281150747,0.02337588917674876,198.99006640280794,7.360852284197666,0.9976131000623759,1,-0.06348000993503987,10.169647439237442,0.9659764208454488,1,3.4802990400942555,0.9950864384551431,0.7704244916980152,-0.89952754681718,3.8586322201324434,1.0599282401377925,-0.32608333076426826,-1.097332768676521,-0.14583773890294469,1.4170187642259557,-0.4062209534696604,-1.2322889389837581,0.004150445285193193,1.386257851966625
-LjKgGdkHaVkuMmXP8yX.-LjKgwYiF004aEi7e3qo.-LjKiYii-wohAp9YxtZa,0.034918778711881315,-0.6770807173293463,0.9387900345262254,1,-0.20724357516045336,0.17552392017948987,48.14061755869868,0.4470706097359742,0.9167114819914591,1,-0.007373748087272869,1.001822871065988,0.9531319605652391,1,-0.04487096408217039,0.37752750118193124,-0.5856360965467754,-0.760760305173013,0.2908743407261554,0.06327915272839486,0.7130537908467843,-0.6547980232006041,0.08366615333104757,0.16593778390557676,0.06000981324372532,-1.6078106803067462,0.014438369046924785,2.4461683093441584
-N54AzlS6z-DZQk1eMev.-N54BByvmb7JrmRAsIAb.-N7-aVcMl_znc6lKWMHz,-0.09256999333304633,12.345125751586224,0.9506361421133146,1,-7.855630876686169,0.09224235808800217,79.81637991667667,7.207038082815929,0.9997762846407359,1,0.009666514772480483,-1.1039708387538125,0.2739785023254083,1,8.920229188029651,2.0553961064367785,-0.6091561582811976,-0.7794722513060455,0.9722863965365164,1.4227948911917883,0.7772795982248812,-0.6965542693197642,0.4667647455430829,0.43789518618604234,-0.06167310517834516,1.3028942634082386,0.004590676361652211,1.5566302065317654
-LkTO1CuQrlaMdFEn_ar.-LkTOAdl4dn0YRMx1iA_.-LugFzojkUIhww63HK5t,0.07347649599320877,-3.7210457876291487,0.9845323905512157,1,0.32101881003446564,0.30715437736208756,109.830780113277,1.367571412707819,0.8154553738716828,1,-0.03153141211824617,6.310931815628811,0.8512681456545144,1,-1.0024171215858964,1.6029024313336,-0.31305731752654636,-1.1653548511593859,1.461794654039403,0.13564343546390586,0.17626403940448995,-0.8690386615845145,1.1874634315935861,0.7494898487619793,-0.8260845767035173,-0.6629437480850471,0.009539055785962888,1.942066722133568
-Lv9hh-a4QVyzCd8GNgW.-Lv9hkjUsctU0WHEm7gD.-Lv9hvvILg47WJKnORXm,-0.225023549685895,16.130141345656114,0.9822991979342679,1,-10908.655121765647,0.05546153133269714,-97.95656278406062,10909.87320775207,0.9985100748444092,1,-0.029343207018971418,3.8697301146298066,0.9929784271806003,1,11.96746906753004,2.490978843301019,-0.33826053251687677,-1.1573898221482524,3.2315316979730784,1.5230600770140774,0.9165412255009942,-0.26276791427371204,0.18721600477959235,0.6462254957985595,0.22248979320346735,-1.1384402816180177,0.008918589277327894,2.0461527903761834
-LsVlMLffp0SgAp0tEX8.-LsVpvvNc5iRCKfLMuPm.-MNgcYP4j81WOPREawq0,-0.0010446094405980322,6.3889715242025495,0.0933051536441798,1,-6.217825567803461,0.09306502287185675,92.62710855671182,6.644938769947122,0.9996132874355516,1,-0.044337186950512475,5.276374872884584,0.7454127596187483,1,6.360761585992166,0.05759181264898726,0.7703047484176632,-0.13630590158259226,4.82415680487161,1.4130578768534345,-0.5411064873101805,-1.0779367241911495,-1.041725763877571,1.1263610517931835,1.1232099496686616,-0.03226347980743993,0.004779374628924048,1.5019514086466146
-M0Rz80b9K9iqsicBhqD.-M0RzH756vTHuJWbNKxZ.-M0Rzdb0DSqpagDdoJoL,0.03914940659453492,-8.021480238598722,0.9625517582023277,1,5.543987326766427,0.08992010346210644,105.57578212597159,-4.9391923490768885,0.9991394778912115,1,0.002830309695959099,-0.11801754626188377,0.07470725935916245,1,-6.572941629956292,0.8639630207016051,0.5142896546523996,-0.9352136408173854,-2.7072264004213293,1.416732185242927,0.24418352784014088,-1.3573143705449255,0.3417687109958,0.22782351466335182,-0.6672011918512659,-0.3034466581964086,0.004002697413294567,1.4260723570146274
-MCkDtWL0R0OW2mO25Wh.-MPmqt2DeYth7WEKSKIM.-MiPuSdbsEzQlmStkWXb,-0.0007958210024583412,3.9016151700334984,0.00780245193415352,1,,,,,,0,-0.03899357097387823,5.928733425673792,0.997685389926694,1,3.8720583334798637,0.19600821492195883,-0.7858355593735441,0.24820807383150223,2.269527701037622,0.6257687619672067,-0.12119954071754224,-1.1698683734588393,-0.40762835046066676,0.8560472597616821,0.08903194034280983,-1.2753456765505964,0.004652258271509111,1.5484984075163113
-NFx1p1XvkqbHUf9e00-.-NFx1tOYtcuravDf15ie.-NFx1xyNKCmhwiTbTpie,0.057901481528487175,-10.370922962134438,0.9908506518398983,1,7.53757925638652,0.07264983211692858,102.55672777471399,-6.746560844046921,0.9998765670282019,1,0.026070821754576312,-2.937221226322131,0.7731954500410798,1,-8.228337925962432,1.2603057202715375,0.20525048888375097,-1.2867627755454167,-3.3097093311493326,1.7024207299315794,0.09348857130085944,-1.3589704636641564,1.2992480785137392,0.6502905996877846,-1.0642489613638857,-0.033438909867360866,0.005585757857302195,1.7186679767856083
-LhKVtvaBGb1puFWOmgR.-LhKW39s7wkxN44JF0MW.-MPrqg0LoHEOeCMD8lWw,-0.011017490155872611,0.00043340598564878263,0.9812095749228791,1,-0.7664669879197625,0.15237566055987117,34.77684872231571,-0.05090185075050692,0.9964616033401401,1,0.012748683977873812,-1.630193455410698,0.7308323507283789,1,-0.03707654124820984,0.033287837773083626,-0.6598258830714183,-0.9509648039863201,-0.40084323485973483,0.26992110819775017,-0.1440851604066117,-1.56783736282285,-0.41340008967827346,0.3286587459913851,1.2090424892819962,0.5253680796827109,0.0035288201502952955,1.13566708717146
-M2mSfdQtO8pXeIU_U3S.-M2mVMCyuneWOSXRsKsB.-M2mVyfc8-lSz8efdwxf,-0.24690975869238763,48.719416541227766,0.9986217977006293,1,-51.09872057903445,0.12489209478696273,21.607409712587792,53.467473508060294,0.9995070596831978,1,-0.05359972505028541,3.1696273451701993,0.6722846253336683,1,48.33812221855469,0.28191516764402597,-0.12178865299608452,-1.4191048206535561,21.534112433471766,15.528537804030266,0.38159622369452495,-1.369992455762252,-1.7344047680892671,1.434948617409248,1.3240690576414464,0.564435930616233,0.014474962408129491,2.389954888457356
-Mk6F7_DicTF4xbi_qpF.-Mk6FF692moQKRKjR5FI.-Mk6FR1ZLXn4qhBZowmH,-0.0008205140074311057,0.6678144572946947,0.022019691566347865,1,0.12436134731623283,0.24784554208632714,70.24343370597043,0.8532972469952993,0.6500669851944207,1,-0.016985368639565346,2.613229335332908,0.9891458726950195,1,0.6447423030478056,0.09113833260671958,0.12254661087557987,-1.4287087101406546,0.9435078804865509,0.053978774372973645,-0.0982978778601732,-0.7966813581421426,0.1587169776666267,0.3744180328510055,0.21913741951211935,-1.295473786671396,0.0034733691465240234,1.2208439412374772
-MXBVcEIvN-sNDxnfkvo.-MXBT_QsWdJTmoWlK2Lt.-MdGCPclapkN7A-ckpAJ,-0.06334800128568652,0.7064395993483435,0.7411162007736954,1,6.678690099982823,0.06465472156321425,119.29933816952665,-2.7819127926433924,0.997663590588799,1,-0.03210186038040596,5.0980305530755805,0.9198184721443303,1,-1.6360542561077152,1.596356957226924,1.3039191677917086,0.5569990094305135,-1.0846505268706863,1.0649149815965553,0.4954614707194856,-1.045323104861677,-0.11861742138690343,0.7339983983313845,0.36295867974015394,-1.4817913344715903,0.007128939143218113,2.061201072420551
-LkStkgOz4aCQplRjDVI.-LkSu-v9GyFDvJPWbbAu.-LwIqJtGp9G7yRXLb2rd,0.025944697877555933,-0.5486040747613652,0.9905686597914756,1,-1.6809202978289959,0.06919325169294585,92.35124495565415,1.8846106237338385,0.994977986803669,1,0.004226487112333557,-0.5662179370621852,0.13017933981004348,1,0.41128700521664885,0.5644761884655946,0.20856238724098858,-1.271947337421529,0.878093969329655,0.35557896146592105,0.21169922641470018,-1.2983268978910372,0.12040034067047305,0.2566012698272332,1.3725034752492324,1.1441836663344827,0.005546703648910446,1.7459321636803404
-MvNOnbh2Qh0ZTFU0LjI.-MvNOvJzKLE_w24DY6Th.-N04dVQDc9SAd4SDD5sW,0.012275904053813624,-2.4749749706627817,0.41779611151575946,1,1.558796143876568,0.14592504460700448,106.76118037013819,-2.398444207861972,0.9885482747604495,1,0.03715835753171345,-5.4734530127938354,0.7799227265745121,1,-2.0205775781740134,0.41083316386817387,-1.0013301430960324,-0.035326646310030796,-1.8320032976318663,0.5081450104086647,0.4216434560116431,-1.3041283385741482,0.564928710497154,0.9274174380431863,-0.00034176915069371875,-1.3971808200579128,0.007452652602078707,2.0603328022436482
-MUDIcWtRJGFt3XdDORq.-MUDIhcYfnpDcIKBf5FO.-NnDaoEi6s8LZGVU8dde,-0.21996208077011858,27.323882800039893,0.9164649864486755,1,-8.357460807297725,0.29177702809123657,81.13228557532462,7.7023381881406845,0.9500176137405382,1,-0.005566721981473899,1.0643175726780185,0.18446883742689923,1,19.18524434593274,4.974133422078267,-0.7861992017468576,-0.5521011428035463,0.5298914106418077,2.135237008398532,1.5213449529647554,1.3242087220174996,0.1593064802167396,0.3012752867572037,1.2819843895471508,1.343123167783708,0.00560077251347196,1.7574519199103615
-N1HyPmDE0QTEp92yfCF.-N1HyeLZGJ7ggEnhy63n.-N1Hz7COIRltrQcv3CS-,,,,0,0.2671065484412439,0.6026550521016579,30.781316663438815,-0.7040326689632007,0.46400703554496203,1,0.0064557021262803965,-0.750373462036822,0.9474714302678161,1,-0.6266834733688866,0.16095518785658167,-0.05833534377125142,-1.517107078811482,-0.22426730047278784,0.14538852728079607,0.5992250299404008,-0.8621193883877742,0.0030543324261916795,0.9913756677070701
-MJkUNgQq3Wfg5N704Mo.-MJkUZP0Tqi7Bpz7xOsV.-MJkV57KeCj_dKW7NT0q,0.06805078638892703,-6.918810260382887,0.9988823697135193,1,2.2545040435855785,0.1608546796622798,88.77561493773234,-2.0072828996229215,0.9907031194495438,1,0.012312468914329577,-1.9542396258987127,0.6393049587712547,1,-4.401051026621674,1.4744206378725995,-0.07665497179596345,-1.2001709215212808,-0.4223930405293907,0.7029948816804015,-0.6982491804110692,-0.9802443376764449,0.04699392691961318,0.33921099531142845,0.6695227199026915,-1.0225045995677589,0.007611144953906478,2.0314206729634523
-LrJ0yu2MQVIC9mmVQU5.-LrJ1-9N8CU-8pcr3S2o.-NZjmbDduhjgJGfyZSiB,0.00057828460830045,-3.4803243224556555,0.006767243264516498,1,3.439569793871378,0.18036721309015394,92.83558959652649,-3.4038535265917815,0.9939087067107726,1,-0.008658761861342512,1.0006068043501672,0.9735785794324184,1,-3.4589280615165476,0.1524711017345566,-0.6833802960378793,-0.0845265769681185,-1.2378719262476978,1.2289922521404917,-0.43644240654988625,-1.3835663617369287,-0.40653362576226315,0.19253075996150293,0.3060474176411634,-0.7958905366859512,0.002619558907849584,1.1164579164318804
-Ll0PgwJ482RpHKPZiP3.-MUrcCjUEtwQ-lVQPcJs.-Ma2QdOkAczH2wCsFxPX,-0.16269134775207053,14.813620029169927,0.9957716148705331,1,-42.8490096562376,0.024624692771650324,126.09987966191453,11.729601691817313,0.9974085393823485,1,0.4551999992323351,-73.80811373926213,0.849865883585042,1,8.794056077680864,3.529581528739152,-0.16530443404999717,-1.2190046395771972,-3.1046118237623714,3.3923145938339494,-0.12707166911216905,-1.2118580085139203,0.1615257853143335,10.832709770224843,0.16911393270750052,-1.796635433921844,0.0053344865299960785,1.3606070121427403
-LhtgDx5KeVU6cU3K9Dh.-LzfdBx2b-FaN5Ij9lGf.-M3QUDnwMFc2yf7Ujmsz,-0.10411682711840542,9.853555840071428,0.9854345625985338,1,-1.3639280293513791,0.3212328924331436,82.66779371304193,1.8307237370278886,0.9642855510939115,1,-0.021171934704921958,3.2699993623357657,0.9069654047818388,1,6.00096546283086,2.2705905898335335,-0.3025732819646371,-1.1798100612840863,0.6968205639159806,0.39664011874560073,1.4574827387505702,0.8566309151742639,-0.1715290807985888,0.48780556672077613,0.023920975672194807,-1.6128992115019298,0.007370364612331946,2.0426792684697066
-LrmRd8IxEdBn2j-F8ht.-LrmTKkBTjJFpAoZ3oF_.-M1PyXpS5SLYOvRhXfaw,0.004845195496976484,-0.2247794729880641,0.40620016347707666,1,0.07694131075239266,0.6342688801151191,78.95791259900643,-0.2725471206998907,0.3428434795904801,1,0.007033083725832969,-0.8402037909449472,0.9787893453100983,1,-0.13289557740626914,0.08803446083289444,-0.8085277307134947,-0.23956417303181476,-0.257995762208969,0.04723624156823285,-0.3083109012969448,-0.9254719873582076,0.04978002953897516,0.15686377025238837,-0.19776000247585895,-1.3443284523227659,0.015088985972183798,2.354717478526198
-ND7BsUwXoyq3Y50pjun.-ND7Bwwtaf0GHaZzEl_w.-NHOPCxjRXoIKu5xmcEu,0.036018273675357766,-9.071239820662639,0.9273818116195243,1,4.314617046786874,0.3075578613235994,87.67956984757305,-5.33587349527668,0.9805816020969778,1,0.019322301873994197,-3.29310043720698,0.9537576837360944,1,-7.738574146837636,0.8094638797759526,0.7384050317880957,-0.5878701920587042,-2.163630085633808,1.5903416476473748,-0.8953548692705187,-0.6930368717047908,-0.1524432212134773,0.4358102378091181,-0.39236160804025083,-1.2663532286933146,0.004103291719384034,1.4568275712567877
-NjH4CFbDcUZRALH_d4L.-NjH4LROSG6Cdz3ZZz3Y.-NkUILPe3rIjVxL9Uhic,-0.0478107455326815,-2.941053571475214,0.9871089749055797,1,8.18822944782724,0.13631816325969603,100.93233834307115,-6.9190432472791175,0.9964476859203697,1,-0.011601285144984486,2.7463904642139623,0.33199384185330116,1,-4.7097293305595995,1.042289045790493,-0.1383611445039164,-1.4242165060610037,-3.045473713376989,2.7457493430326014,0.08701103829595076,-1.5480774204559673,0.8625612120341625,0.44489336043211003,-0.9388638728430465,0.2223516947587303,0.0030688181710296445,1.2590576251433534
-Lt47WbLeFz0Frdnf7qM.-Lt47aFOlKM6fxX6e0QG.-LzkW2DBKtg1O6jqeneX,-0.12211306907405772,18.828649912062833,0.9983530412757552,1,-13.837177020518249,0.08132296633343936,82.17410631700317,14.287370610594945,0.9996850349138883,1,-0.018421937997171067,2.7260136928774283,0.9066706148946158,1,14.310625091464441,2.645627923046779,0.0015220666509953656,-1.0818642407463674,3.926163134146086,2.610947378128666,0.5964183966947737,-0.9775343725421863,-0.2675445923441097,0.42496412169034914,0.8492477946553624,-0.36594422450703457,0.005074908249423948,1.6032851682442142
-LhFWo4psMxNltfNkt3V.-LhFWuDai6yRoxydHy4g.-LhFY8az75PJN1B7IhgT,0.015821323982906033,-1.8489053762458543,0.9549792635509695,1,607.7981339339229,0.03034571325551326,-143.06709509756323,-607.4671423884282,0.9959149214619001,1,0.001664301116585387,-0.09672779616729855,0.925524005002906,1,-1.3110250623997222,0.32276922699327387,0.515527365883182,-0.9743891067846171,-0.1779128701619428,0.21929358703715346,-0.5149357790298513,-0.8689714551175443,0.16367931394954982,0.037948372965234435,0.2992291963795822,-1.0889485284841873,0.007639755430440875,1.9780886925619068
-MykvNlqq4cJWVdU4utc.-MykvR1JNoLE5HdVp_XN.-Mykv_FUhAOkuORjG7sw,-0.06159510825423542,13.694182173476685,0.9552716211224411,1,-15.33941603262906,0.03910479964943646,88.14620234654942,14.14082711429605,0.9998761715419464,1,-0.04381399809452269,6.522964210669976,0.9260919470688697,1,11.415140383491595,1.3638067616129996,-0.549795521909512,-0.937134602467383,4.912046237106112,1.9837985127372761,0.1296161644144072,-1.2406569311616933,-0.5964185312366383,0.9992798688333165,0.7094268996551594,-0.6869906346819938,0.004409195661122542,1.5012138696792148
-LilnSmSyM-6usWD64ZZ.-LilnfIIotZ2luAuWpsh.-LsLuAbUAj4oXkoeFbIo,0.056786685399421555,-17.780388775769268,0.9568281515817474,1,13.531440099678743,0.13357455890716383,99.98164890792206,-13.764815662686548,0.9992782838196707,1,-0.015272907382460787,1.7359461946839037,0.8150825710400615,1,-15.679329914398252,1.2568425053717058,-0.48944938464868903,-0.8829873591881512,-7.120252548913173,4.500248018362621,0.028790755416949323,-1.5624791863736764,-0.7460341581303108,0.37201127774097803,0.1352591881753164,-1.3541238771606199,0.003072410697019753,1.186944043842712
-Li7Gw53VbA92RZ3ABZB.-N1glgPSQZYOfWaU9QbV.-NWfNmADJeBBJMbuh2DG,-0.02666117457125261,0.15189268072512774,0.9093935647612795,1,0.9012307375177542,0.21917869707629398,106.53332568835997,-2.0409398533057446,0.9648851349511111,1,0.03846964343687736,-6.018105730433087,0.6302367305247341,1,-0.8344889692303415,0.6057313217781184,-0.2198460018260779,-1.3289249872448057,-1.7157669142521796,0.34484829113211196,0.42110162766696657,-1.3309028910687801,0.23311660603642392,1.065078441679519,0.28794822315213986,-1.1061713467991585,0.00473198454377125,1.6090190458995668
-LhKVtvaBGb1puFWOmgR.-LhKW39s7wkxN44JF0MW.-MRdJGUq-fKSkohqzr43,-0.09566831775251508,6.546122496971633,0.9991319505381236,1,-9.921412423067425,0.06254293022645599,16.45585646642216,9.811504184385273,0.9998714217967954,1,0.001669623760192862,-0.048904434886664516,0.04375703255055707,1,5.9308797518516725,0.39529812170548195,0.16958557480335779,-1.1070105595363038,2.2324673305950324,1.4633477708151637,0.5156979385490036,-1.0154220617516374,0.12070381338022425,0.17797448911612712,0.9624077788062044,0.134470051274437,0.010789369556032682,2.0933696878632504
-MyfYfSvwDQBT10jyNJW.-N3OcnTrB6TyNOfpC0-Y.-N3OcuP4bZn5bIE9owCa,0.02256147482267601,-4.084091863843858,0.9971517163025518,1,2.2121887171545724,0.06728455814517957,95.65509901643571,-2.7420606616760783,0.9976177137699374,1,0.03070635813785416,-4.330912415937573,0.6405006992677462,1,-3.2494523816493337,0.48954371227529075,0.004697528817050068,-1.26648261956909,-1.519620756701785,0.4697414085898677,-0.11260112550990008,-1.328881890237735,0.6588813857335554,0.8422705730255632,-0.20696768259930043,-1.3090777862210856,0.005965561122238369,1.868777824915408
-Lj_M3HTF61jKiWsSATd.-LrDDIqn_SvKUqnELg1z.-LrDDOMTlHjkY6xMzI2O,-0.04912843612442264,7.053711840329136,0.9765350527688021,1,-5.088804025092014,0.06594714895712385,99.7390139690313,4.066350983839061,0.99956848609113,1,0.007828016815891625,-1.6983998486765697,0.29508848586144976,1,5.235985846972323,1.0763492064768212,-0.33943098830920526,-1.2546293789904033,1.538385801418215,1.074390703022347,-0.0066772128008239715,-1.3466426205362987,-0.42617616670235275,0.31941667189206435,1.0650954764956335,0.2861497272421043,0.004617639521075527,1.5654251840599342
-LqAlBMdW0SudzsLML2z.-LqAlFESFzQexx-7wZi5.-LrNb3cl26HirrVYWPgB,,,,0,1764.5243712175004,0.026220618035244954,-271.31942058177845,-1763.91300481745,0.988954585110211,1,0.001982764898522116,0.05818152565652002,0.375426620126174,1,-0.2990227031434683,0.26825576633949993,-0.33986076755254885,-0.8570065273897014,0.2095770873128784,0.07197216575358756,-0.12645129311080616,-1.1127688270682636,0.025706746663668793,2.4148531616035878
-NPWUIACdTwIvrDgwDhk.-NPWUTvWfyoQtbaQftYL.-NZAKaYRERmuyc4jEjRe,-0.09569687504320856,11.055609819408076,0.9929828808507761,1,-4144.015179425854,0.008699975074254905,-596.9983463763105,4134.928825468203,0.9995373373660782,1,-0.02214605403016434,2.399967677310988,0.6794814743234707,1,8.950355914596893,1.2479186175138999,-0.224705076799769,-1.115870719551798,3.5385062164764496,1.5786467187143818,0.15046957094924482,-1.1380120763864767,-0.5348593712881045,0.5897346191626501,1.082880279506897,-0.1027881441214129,0.00685933044334651,1.8053893848683413
-MYi7zRYMQ0Kilz5luEH.-MYi81LZbNwySbneLNcl.-MyBZUZR-3ytCuCmVKot,-0.3852211190440349,70.94071298397076,0.9319744573545148,1,-48.782031472512514,0.18120937886362254,78.93315250629907,50.445224518100474,0.9975759093956605,1,-0.022409611507188225,3.5197818481061858,0.9142634841181341,1,56.686341322127,8.640794411351802,-0.682242223558997,-0.29728949948496464,7.979102788164903,9.331840498166164,1.5120452945509857,0.9899325409059543,-0.12187007098942507,0.5141338020139963,0.6920444756880942,-0.8185573878044812,0.004854472548040519,1.5998242976591721
-LhFWo4psMxNltfNkt3V.-LhFWuDai6yRoxydHy4g.-Lqef1j5ZhExKQrGAfNE,0.06110495669083915,-7.767228395705535,0.999316104014831,1,4.186293790601813,0.0907216056969001,88.4675473589777,-4.011671332475391,0.9994459229429483,1,0.0019858003917598336,-0.1908960990895629,0.7936305676458556,1,-5.506267927090635,1.3240280186713518,0.04621680884049575,-1.1470605400052933,-1.1897462367991145,0.9890367603505525,-0.44765097372768514,-1.1885576564889397,0.13191116359368216,0.04921338032316184,0.39054850516047374,-1.3699949014520199,0.005633162874512083,1.7063761127766737
-LlBEMo2wsK41U_i4Ff-.-LlBEbuAIaFAvd6Tsudd.-LyTW8ubWoASYTrFkcrY,-0.04200335371425257,28.39863966171745,0.7331847218452081,1,-25.24229386208391,0.23457069973506103,83.03729945857688,26.082431561488537,0.9981590413707713,1,-0.016496887180751818,2.5095227735529475,0.9561938147465623,1,26.844566425606125,1.0629516566080273,-1.4956589936136602,1.5472935695788967,5.421941007366318,6.8476616078284644,1.3652984421745762,0.391112961472845,-0.17079382163428886,0.3700869373321885,-0.47800458695973913,-1.1390817389740315,0.004028813470358405,1.463107640226068
-MT-fuAMSOtqOYpbrBt0.-NbxsB0rag8_CKdP9Eve.-NbxsUcE7RsQdzHw7Et8,-0.01909463300833021,1.7856161243133661,0.9733076860498615,1,-0.5119960722463549,0.19224769889894172,92.19388937293262,0.3649927013220398,0.9812153435419882,1,0.0028788748004697773,-0.3493969200094338,0.706976481095619,1,1.0792600404902295,0.4185195514908081,-0.25957580701844574,-1.4004070066922922,0.035505605955493444,0.1851458633963834,0.4773709314503248,-1.3161429298716765,0.11860919850209764,0.07597818741478549,-1.2269219028150022,0.572018240267981,0.005313644217087073,1.6929854458443334
-Nh5b-fGAFcLuoFanTnN.-Nh5b6CH4s2mGtf2n5yx.-Nh5bFV35rJvPWMcdODE,0.06935193855265222,-16.267717725684474,0.9980565987255368,1,12.275488269939844,0.11013323121607821,96.81248496309024,-11.827546387298977,0.999833120825705,1,0.005543014330383289,-0.4007544104833447,0.6324724381008322,1,-13.701801663954647,1.503581112563636,0.10514702085316861,-1.1218969912439651,-5.110035522065744,3.657072300495265,-0.13369052858892744,-1.4750321179420975,0.5001671498422553,0.15844153793916266,-1.8413740066675335,4.15763776326075,0.004169181596289211,1.4278830393096276
-MLCPaVHke5WF47cCC4x.-MLCPgQ3s22FJfFDZztz.-MocLM924awPJm3CbGyC,0.066346858593342,-5.600377773559881,0.9960106255248778,1,2.1049735906251663,0.13976736499090786,104.53047699720342,-1.0419163106390765,0.9965527113778306,1,-0.016664822120621148,2.859317653457526,0.8421152668876417,1,-3.1453777727020493,1.4389943803830154,-0.10194506861544161,-1.300445386003135,-0.18981700476587174,0.696421614976713,0.36813133651972085,-1.2750047421201625,0.15243158300043294,0.4054505934237453,0.8776120234635699,-0.7409267841774532,0.007838286975913555,2.0173010327809178
-Leujocx_cjh-Ci6MrBu.-NLUo7sNx6hp4uSLWSwI.-NelJMTHLjUqPx623Aaw,-0.18647159705258234,30.46758958784121,0.9335098796758379,1,-29.34383815986353,0.06206465697958737,74.34370826848112,28.62798922897956,0.9999135303203431,1,-7.637771997148768e-05,-0.4105141502949956,3.326866957509278e-05,1,23.568366691827197,4.178257441952762,-0.6984201684766668,-0.6981772149391254,5.381009032245491,3.9345885030984853,0.5709575187950847,-0.9378931881005808,-0.4229949335956248,0.29047448212408117,0.8534211488830032,-0.026581646104482548,0.004504340286026944,1.532158746840666
-NeMreqmG_AJT3wdYmIR.-NeMrl1wnG9vXRJZgzVd.-NiZHr2accZlsQc6b4B8,-0.1073124531781866,6.970245021660421,0.998626764023056,1,-2.156618537123,0.28689818814619367,68.25979196959652,0.4165701100807755,0.8947536710438766,1,-0.009854849113474982,2.1641720472838517,0.0762049410548471,1,3.7501967735645247,1.8914121671745596,-0.0849914398309861,-1.2224632241110291,-1.3892575978056587,0.6179858740571365,1.2177517699653022,0.49408438113031883,0.7002861115498163,0.7867406845404382,0.15374147821448614,-0.6213282355168839,0.010313229575568808,2.35593346357198
-N3TKnmASS39_DJZaHma.-N3TNrRY-7i9dZsKTiNn.-NGQsoRfK8LEDMIgZZy3,-0.07066573023308598,-17.267029306759593,0.9779139284378401,1,9.323493589548075,0.1688394238503774,105.39576114387924,-22.506319491206696,0.9878804152123518,1,0.29205361389634765,-43.98424912289261,0.8137438834555323,1,-19.881788580294092,1.5476199725120756,-0.2291262455072342,-1.4189823374046802,-18.90828663706362,3.299157134636908,0.42402416102384816,-1.381775873879556,3.4783023080865862,7.105070435417074,-0.9349930855711048,-0.5593609369598131,0.003947171730580865,1.4614064545202439
-MLCPaVHke5WF47cCC4x.-MLCPgQ3s22FJfFDZztz.-MfapIeyVwbp1vaSvza7,0.04290879151902823,-2.4339393982395627,0.960683939868914,1,-0.4727604595854387,1.4855929193595345,98.17392766835798,0.666848695312106,0.7461178615642832,1,-0.0023346399610322255,0.3373739830445024,0.24959659515387445,1,-0.846445764118683,0.9475548442233962,-0.5373761426522254,-0.8931064840583436,0.4179943449600518,0.2712520671571538,0.5064435826223668,-0.38638726077104035,-0.041937027649142825,0.10451440379109872,-0.4363342606663303,-1.267515311734058,0.0172308372260035,2.8252548790650622
-MYJenbIhBSGGHhAbwF2.-MYJeqhnsX41qQkFQhti.-Mlt9tC33muzSPywKe-a,-0.04852522129361536,31.1599050080466,0.7252412016533593,1,-31.12381832256506,0.15152747850311413,82.34895328174666,33.106834087192055,0.9944394897901323,1,-0.022978808493558,3.362448142872709,0.8322615414486362,1,29.364410671882627,1.232896165847273,-1.479371768194994,1.3808441819723711,7.952196862521716,7.25550346239471,1.0906616699586456,-0.21895695752134525,-0.3708271236534796,0.5533601497434745,0.9980965179991717,-0.22418623951727223,0.0037623602764989567,1.3947151649390555
-Lc_d-g4yyU44NLZYjLv.-Lc_dR6iUjsYfyL3NJc5.-Lc_dxMn-GvgO7lEfgfE,-0.016929696958711896,-8.325442436864133,0.26388918251587146,1,9.59186616239373,0.24932463655126455,104.34221127132815,-7.742488299076607,0.9549456220763068,1,-0.0011106298845688922,-0.7121216760257871,0.01880325235437197,1,-8.951645876002043,0.7140511267812323,0.7976748721532408,-0.3050962333368994,-3.878305306822439,3.984434551218777,0.5810425304460751,-0.9676145186985003,-0.8884615275440307,0.22279077796450256,3.0382270352905025,12.028148627003493,0.002785435527374467,1.1451855927107202
-Lhe7Rr0kRFC2_3jT8E0.-Lhe7eO6i15jbPzv7oSt.-Lot6uKfACsw6vuWvJ_y,0.02151485677735052,1.8166689612707336,0.9341165335692662,1,-1.8103852176894115,0.47392950243151305,51.49370059594866,2.586710986941684,0.9062317544093528,1,-0.021954944689426048,1.8438193887584151,0.8966400566588311,1,1.9335173312851053,0.07875261112898838,0.5581145945283905,-0.9390042486976293,2.224330521156867,0.6568399352673585,-1.0706161193646795,-0.08098152520981028,-0.34115397431554223,0.5084999141835952,0.7092128139723282,-0.816315033098439,0.007620145639060441,1.5883204456777693
-LilnSmSyM-6usWD64ZZ.-LilnfIIotZ2luAuWpsh.-MBruP6e10x2akSEbUvv,0.0481127595039178,-19.392668786449743,0.9920743009933967,1,16.290337051226754,0.11773878618947983,99.39386311624688,-16.137441008589136,0.9957215599852436,1,-0.02427840645643554,4.588857284011852,0.7068281054189702,1,-17.61248114587928,1.0453743328687006,0.18961405328049788,-0.9476578410670409,-7.958001456052577,5.101618750032467,0.00836195794930514,-1.5153676976063637,0.6415037883451538,0.6360125917340913,-0.19893840138932922,-1.1354637830290146,0.0034077575500041,1.2777607949269112
-N2zbkhz0QH-FVKXOSNq.-N2zc56TwmgoFUpO-c8U.-N2zcK7-lO4FXDl4P55D,0.018590355266822622,8.673508006796135,0.5596100008166313,1,-32.404128747241295,0.034016485503344684,60.87866568170902,30.31373987790675,0.9994259584982841,1,-0.03304635487083929,4.699413574216954,0.8692366179259113,1,9.363498260660325,0.5406074106769538,1.0783489988109822,-0.36548108842371185,5.136799255212509,2.6724831346580156,0.3167926631022429,-1.1239591344027735,-0.670424131475341,0.7776655830122682,0.9195424551851274,-0.39081315944385997,0.0036392765487274757,1.3136569692791342
-NmAgNY5xGs8O8IAaN1U.-NmAgWoXppy9F80yOBKz.-NmAggB62h4g2YGDGWr6,0.0009411254225826227,2.444891827104109,0.003918862284839508,1,-2.686277152852937,0.07570445300497983,113.86399728411364,2.0984045661502058,0.9959215916291203,1,-0.009662090544215074,1.165169591729819,0.7266596230576003,1,2.47973941117451,0.3258058533051838,-0.12455359787867881,-1.4202058387560523,1.3002172742821039,0.5324196226980654,-0.44554671201999174,-1.1552337440991902,-0.40496748582824443,0.24832391422769867,1.243673362191582,0.10543331926115229,0.0035782382639609166,1.3896281887017543
-LnHernN_fpHMmekEDg6.-LnHf-cbftVM4CTskSYH.-NHxnEnwakhboNdzq3W6,-0.00903220539105698,-4.286164939623941,0.5411013573438106,1,1.3496066351461273,0.564219593343476,58.52648049025229,-4.487587239260699,0.39830176199587786,1,0.07773164269155956,-10.17767541936011,0.9792496796900092,1,-4.5071873387128685,0.18043308187985477,1.0599158411734493,0.1493980767426124,-3.3840149919424145,0.7371870461273552,0.3093904984619584,-0.7457474250383531,0.5113999680039495,1.7239319844364565,0.30161541767537753,-1.2052374842290787,0.0078130030502115,1.9639391071129975
-MIOBNUgcr0MTphTegMf.-MIOBfYk4EK4lJBip2hf.-MhIHECxoAO_K2ktRitB,-0.022990710071261678,-1.7474410279531187,0.963734473941885,1,0.11974469327086135,4.301271917749241,87.81413938984927,-2.3262845618801675,0.0,1,0.03851445723585767,-4.6765326895299415,0.9556638635015331,1,-1.8953948830106113,0.09661530837976978,0.37920836953016457,-0.5653911453589617,-2.3265615613015753,0.16758199724439207,0.014932637946513672,-1.125748239175231,-0.7675518539495555,0.8636122729721427,0.5880617402140187,-0.6757254469962923,0.0037220098643112013,1.0544765994358245
-Lht2eTXnmfpJmP58xnY.-Lht5kX1F8HLIO_XlCaJ.-LlGAB4F99Lk6GUFyUZl,0.09787557653485189,-15.070892480008395,0.9814779352820756,1,9.445560759112833,0.07465943993744004,92.23773898716303,-9.009326322565263,0.9997670931735109,1,0.010639981546612087,-1.1623349992177567,0.6178096418296465,1,-11.449729979436334,2.137796852008032,0.3622011109310236,-1.0172030513575967,-3.2930961437643704,2.0991052356815234,-0.23185456836943755,-1.3147326347235464,0.5668760363657657,0.2966076855912896,-1.4322624954403433,0.9460233553895896,0.0049869033844873335,1.605368586278805
-MjcoNFhccng9yavEQYr.-MjcoZjdbGqZjVRHqRmD.-MjcojlLCmxz9CcBIR-N,-0.036026042100650635,4.002875775418513,0.9829711860767743,1,-0.9639158799855918,0.43172998173088994,110.17592777552068,0.7882670452387438,0.8506122263690025,1,-0.025735143475401043,3.347224987230087,0.851659891046902,1,2.669688513249302,0.7862434761400234,-0.3239193088895132,-1.1526320592352313,0.5126541205215338,0.4192393330515576,-0.412377517180108,-0.9510849897988392,-0.8352232658384978,0.6148231681093901,-0.6898993972727763,-0.48209907127513185,0.012852423730897582,2.614879629598606
-NjlX8S-o8gxIeBDsUqO.-NjlXQsb0-nqcuXo69bh.-NjlXYl9kQp8jrISnoW3,0.036249523310368015,-7.493885899873163,0.9709971149648926,1,6.483340785094629,0.07861870763988367,86.73846540459705,-6.413878298657911,0.99937613390072,1,0.004762518649613967,-0.5253869832888289,0.6073980980472417,1,-6.152163105396834,0.7964206633171697,0.22946251842743853,-1.3491671434798511,-1.9684423958117734,1.3589368920919842,-0.4308340838583252,-1.1713586467486077,0.2485128916108365,0.13477148624839783,-1.9003865095616583,2.643669979545505,0.004331778271085452,1.4866954750183647
-LeFwjQg8H2YmqKWub7l.-LeFwyQRrBy5fhb9uzcX.-LnkX7xjJFn606FbZj5s,-0.00476860255314306,0.7809269964338922,0.8310751922488795,1,0.8863456984867931,0.13281319345488216,85.71798263698159,0.4341474363408229,0.9977753299469626,1,-0.02548527308377375,4.692698120283708,0.9744226286975853,1,0.604233611084151,0.11305422600920444,0.0378601978334605,-1.088433999657946,1.0952812359530224,0.231879192818592,-0.799833671288001,-0.7737430289006451,0.5511806799151208,0.566249302690434,-0.35623576168606536,-1.2429435475079509,0.00255322514479646,0.9969222951879898
-MLRgdtT6JDiojBPUUas.-MLRglSL64oTsI-bDC0H.-MM-tPXcDdOQ9mXE4kT2,-0.030701166135562064,-3.256028768538168,0.8557147296467955,1,4.707898355588996,0.1498010127211514,101.88063280940696,-6.160564501020062,0.9970377700033336,1,0.03352929335630139,-4.604016256567456,0.5338457893773525,1,-4.391803358240124,0.7185346897065203,-0.6056516911806274,-1.1381166817943766,-4.020327278159599,1.6399629808236094,0.14632474494061196,-1.5613938317749805,0.8453546638767193,1.015825295008227,-0.7080591343794894,-0.6093770904203399,0.0034671671715426123,1.317735272155096
-NeMreqmG_AJT3wdYmIR.-NeMrl1wnG9vXRJZgzVd.-NfjoBCsXz4a4kljuYpA,-0.11858434571345343,16.14105935550622,0.9677180420628915,1,-12.441161690690423,0.09961678515317743,69.25268732478683,12.027909160991973,0.9991115646383553,1,-0.02983495544820025,4.419159193325272,0.2646124233482765,1,12.584302588310365,2.1272606096916498,-0.36315047668348804,-1.0223933216892187,2.5962535536030327,2.64266836853813,0.7134837332351529,-0.8628683007342608,-0.011842333372433742,1.2799664457116573,0.4614644078429289,-1.0465897655043275,0.006256116114336518,1.8238263093377687
-LceKoJLHb8IoImrI10u.-Lq_T4LSBS-6gUdajamQ.-LrNOVGBfQbNNgfb4TIW,-0.039826948938982865,2.154969714411494,0.9748004177404349,1,1.2510960845840053,0.20030096805036002,110.02758792838307,-1.2529798956347746,0.9747362535092808,1,-0.0013473336108600353,0.4233743626494745,0.09603024450233733,1,0.6813314468025145,0.8736846382699847,-0.3433716765444927,-1.2409612875841607,-0.8840189245446356,0.42696045779518843,0.6975939930405967,-0.9705688386214888,0.2043753214271126,0.09582416684252072,-0.3405360190681265,-1.1113376729295155,0.010279600040790676,1.7374925697508445
-LrrJODQkYUsA2_E3nXS.-LrrNpTJyrlMkX2XWakX.-MNXKuv3GCY0wjqOkv1n,,,,0,0.23749753703746765,-0.7560311684762446,30.418377914231595,0.22121854682831238,0.47979292744141344,1,-0.0002526487145360079,-0.03966027357358359,0.0035141591512996007,1,0.4003506517311596,0.1361714420964678,0.1571247149269065,-1.2253253304793208,-0.05948641504621194,0.09441339779984076,0.21119080529541204,-0.2897611365517694,0.010562526980939922,1.6972726356126395
-MchzeqXQ_NN22dEYQdQ.-MchzkTpgEjuI0QcQLGV.-Mchzq-fYd1fGLkz-6no,-0.07054261339329226,-21.09286862192095,0.9093049802584143,1,44.81129559348045,0.06151851492967002,112.12839095988774,-29.215137147484757,0.9904399706879712,1,-0.04309457209879825,10.7051951144177,0.0955673744573945,1,-23.70320181186226,1.6011076827618773,0.5004420703879796,-1.172454057664791,-13.916131915362337,8.123320751925931,0.29211689362712995,-1.2366793814424946,3.703700174990705,3.067121961607349,-0.4397708578949725,-0.6827826341381904,0.0029149549380647686,1.2036179947892975
-LvtsokQOmZVI1tAvlKh.-Lvtt10AwPedqj_fnjqN.-LvttXBYF3X_3wX-5Ve4,-0.03560093077100679,4.941923084497533,0.9828982416287522,1,,,,,,0,-0.023722609949055964,3.524088485897667,0.864446858832956,1,3.6246077433554635,0.777423989786457,0.08692779692185067,-1.4718490661406747,1.7299681929534558,0.41439182376897266,-0.17413540089636473,-0.9672568504774177,-0.3308800396795732,0.5596448768295489,0.7654708275669947,-0.8455568297219407,0.0056980334874027075,1.752554880295624
-N1HyPmDE0QTEp92yfCF.-N1HyeLZGJ7ggEnhy63n.-NAnPlvu_VF5mNF2KD4E,0.037160080304329046,0.43294930730296044,0.7939217807437071,1,-2.0436817100207203,0.11278096595955509,97.24267797067958,3.109808706086127,0.9497602195212385,1,-0.026002041712484436,3.523239287070779,0.7897438750033487,1,1.6409414733668448,0.7938307719866832,-1.1280636230591896,-0.14895716406830894,2.3303195726432637,0.6056894331737765,-0.2348885479430223,-1.1637813841625801,-0.46820370129017175,0.6415735516965385,0.967043524367262,-0.4622473100530313,0.0029198155942987847,1.1649916214762348
-MtCj8SwGFmpFsHbHeCZ.-MtCjBMJjR_Lrt-qY-Q6.-N3TiqtH8WLSw5jAJGPJ,0.007100547548318903,0.685412028115963,0.8073253050213244,1,-0.45518036751316443,0.1987210023483858,62.234604989526915,0.962185973864676,0.9955854124870309,1,-0.003369121290283328,0.9544907846807256,0.5421274912297045,1,0.8453544016031121,0.10432449641639836,-0.8886692362785852,-0.7910990230097887,0.6609199819291178,0.1628029162307156,0.5820946216861488,-1.2815719511931938,0.5049594750736487,0.10008496897628451,-1.3459738760154727,0.6785318946469241,0.0005395146593002328,0.3141939714541547
-NZ_B2J9-orCHk8M2Xa6.-NZ_B8UjIpc975ne1QSj.-NgSZLVVMGHMINzsD7Wr,-0.09993770591448592,11.950297729756878,0.9747567636457725,1,-10.077851136428613,0.07459330114400875,58.66544311011837,9.837784585387174,0.9997855226401228,1,-0.0073666932443400505,0.6275211809061025,0.3801515170310523,1,9.552137773014874,1.4307195126631786,-0.42436347490296084,-0.974614400417877,2.711490943164408,1.9534689342373708,0.4618171925899082,-1.1245005413127294,-0.3785349452485187,0.2615728832727862,0.74233754269583,-0.6184829975149495,0.006587756700659847,1.7866704120105226
-LhFWo4psMxNltfNkt3V.-LhFWuDai6yRoxydHy4g.-Lu1cdPtyW2H0e_QWdxO,0.021896889830563593,-2.637627806566346,0.9966086829019933,1,2.2945071307501532,0.037327237139662836,70.47626067612316,-2.1816719176538775,0.9963186872266665,1,0.00130827243555931,-0.08252326955078515,0.10746487328311849,1,-1.8278513358741346,0.4748128396400518,-0.02637389293612708,-1.0459052920509646,-0.4964114885806893,0.23200175003364526,-0.2772814559189951,-1.1492144583447848,0.13001625691760124,0.08804667403924489,-1.0889049843163252,0.6744312063501914,0.006021945246588957,1.7775856074613838
-LilnSmSyM-6usWD64ZZ.-M7HTKHzVfHA4fOi-DVx.-M7HT_5v762wiSQLzEqc,-0.016666444282143145,-0.8387805158092891,0.9259730249763165,1,2.296916566847317,0.08333788071036417,97.32014441342925,-2.1115276315458265,0.9984920132446304,1,0.0013332540699064754,0.058823197650927694,0.09480445005585758,1,-1.455472974466113,0.3752956156477427,0.5181961292645092,-1.215881981879087,-0.8849983465319289,0.5749410320461297,-0.07846786716572988,-1.4027930203558794,0.27542435501607904,0.09536082682378227,-1.0081381483271576,0.30470089318210025,0.0028117811819864855,1.1327698627806593
-NLQ9ArLNPOU5ZK1WO0d.-NPvYMrvoe8cuuy6-iDx.-NPvYWhplELuBZV26ZGw,0.07675364715745572,-11.28343968375139,0.9893285813939688,1,7.462000800888461,0.07149163453753322,87.11740506796411,-7.426192626659312,0.9998072413400689,1,0.010340285778411396,-1.351397730142346,0.7963235928946448,1,-8.44347681884239,1.6710647393602265,0.2714910770926436,-1.156915532453449,-2.4194021090422932,1.488510922272257,-0.37111339186122105,-1.2033296762681855,0.32929883759284495,0.2536003816789823,-1.1422949048723492,0.12655935683559605,0.00504055859752015,1.6179790562199348
-Lim3WQ1HgxKNt2gv-gq.-Lim4Dw3Qcgfi3SUInGM.-LzB_S0yWnVQ4ch7RW4y,0.029235790355212177,-4.614185283023574,0.9959511715016122,1,3.6409757471893185,0.08598032471280341,95.76290748293127,-2.7964424205319234,0.999698274886073,1,-0.010630490110012653,2.1669599220403644,0.829119705904988,1,-3.53186337080321,0.6347479997258901,0.10318340150437494,-1.067844455969575,-0.7617831520970049,0.924208440664061,-0.14651413759340312,-1.3863874217056227,0.4393642151705212,0.256442464068933,-0.8625849320904257,-0.5529294415392987,0.005231681092507248,1.6072838725263217
-N6Me3FoglN8NL56jtUk.-N6MeCSBWJTCfhSfajF0.-N7F89NQnLfpyXS1B_LA,-0.08458715106539394,9.910634145185922,0.9831562287262582,1,-5.081852905705186,0.07486739630135746,88.37444357073483,4.809451409343323,0.9998432861527847,1,0.0018698746162189028,-0.3900853143964118,0.276690156177802,1,6.780831505514125,1.8476779445721165,-0.14748296729331567,-1.3726807916785198,1.461390522823238,1.0692830499737627,0.35549690709453385,-1.2220904150949405,-0.08628469796037509,0.07825044929007316,0.35832250701160273,-1.080286084637499,0.005077187389417472,1.6719110768910244
-LrrJODQkYUsA2_E3nXS.-LrrNpTJyrlMkX2XWakX.-LrrNvGD9mfRnulIOyS0,-0.14681109725564467,9.271701000213856,0.9872435244492413,1,2.0490081672997564,0.3597881376912281,111.49584088907392,-1.5524486748325086,0.9590786003689836,1,-0.008873000363284167,2.2430348306851404,0.6930313567194042,1,3.839663282194124,3.1985144342512437,0.30558769395393076,-1.082033697373677,-1.018407959966231,0.7770742398897529,0.9102202585570187,-0.7421344966509063,0.8017178716503084,0.23411299611231912,-0.37473220778541505,-0.5671746642339057,0.011890181657489339,2.5385608016757613
-LzBsAGwh23ynWFUHLBG.-LzBsEdYL9vH5jYJC3Nr.-M-ERz1MHLlutaMtgp5p,-0.014748207908897859,5.4596038711611525,0.8318466967655372,1,-13.00388736218221,0.031139439237507942,33.04051157570642,12.410147847803263,0.9997288554108477,1,-0.017004623608277425,2.1662034471702634,0.7696067380133886,1,5.12010425346949,0.22007644943599153,-1.134144448800464,0.10834119750139504,2.543527079430838,1.0418028779365347,0.27432370567140013,-1.1484864911501036,-0.12107735649906298,0.42493521961951003,1.000254197075929,-0.3099287137913329,0.004849129090221873,1.499570307723549
-MutxIuxjnQ6kYnfwVUB.-MutxS3VJclgmPwregnL.-MznkjjFs0aAKndlwo_X,0.011541690782247538,2.512670809839421,0.4317396119703848,1,-5.428348346709211,0.07550670610233315,91.04863867489681,3.7957365356970634,0.9991817119920797,1,0.009200254353742499,-1.4688854064413164,0.09754083986439332,1,2.93941542990694,0.38118931290639,-0.9117696963104217,-0.1343907847385184,0.41610603205358393,1.198440729748955,0.2744048820088981,-1.282327028813654,0.02516634238725001,0.6589046543653211,0.5805965224986488,1.1699352390148858,0.003915019479195816,1.539990300613229
-LilnSmSyM-6usWD64ZZ.-LilnfIIotZ2luAuWpsh.-Lpbn8d8jG_D24jDj4S7,0.024688138136467863,-6.065162159714768,0.7237068352453913,1,5.238525294162001,0.10939022390964204,102.17559147007667,-4.96248904351311,0.996000256422675,1,-0.013909101878923247,2.197215455974643,0.27534804618787767,1,-5.151701832008074,0.6279885608133688,-1.3117579486090791,0.43053991185748686,-2.589059780604868,1.5573154102720212,0.13568581955962955,-1.4604036477330626,-0.0624597174263047,0.5934911309607229,-0.9035746289062793,-0.10548982171837551,0.003107689136236402,1.2481508879827
-LhKVtvaBGb1puFWOmgR.-LhKW39s7wkxN44JF0MW.-MCf2TYZvoiv3N6Z8FzR,-0.3643176934690586,25.26867375663023,0.9940216390778003,1,-14.235196514820025,0.1555910869210833,48.570843985793715,12.482848972120099,0.9966678668815283,1,0.021376923628620967,-2.498672018233999,0.7748838323357242,1,18.16453244575861,4.218182384126803,-0.2062263951120207,-1.1517387530631547,1.2259361349753854,3.5594032290147317,1.036248218352988,-0.29932903812232414,0.22677844842517048,0.5326220364731423,-1.1556323606920111,-0.04660408862952625,0.009936137982329663,2.1668202097642193
-N0FhDYqiqHH31WXQzTd.-N0FhWIWLlfhNHWd_LCQ.-N0_Xns2f7NsOmSfT3hY,0.08141069740648602,-13.191221198530084,0.9964053783269374,1,11.222100999897979,0.05614982696342995,86.54859320645771,-10.590167746356174,0.9998527382512633,1,0.0158038562847036,-1.8553523175364979,0.6449300571464464,1,-10.178918123134913,1.7650265834285845,0.1289943461501959,-1.0553963253138081,-3.2663214389184145,1.8903654986766405,-0.2697961722096989,-1.2264217771036745,0.7126479952140198,0.4323035485345299,-1.1843242819282989,0.37390938808013363,0.005130258486030499,1.6279402887731929
-LzGwU_eVLmlKeseHuqY.-LzGwlc5PM0Da8ccP8Hx.-M-9CxJgl3_u8tObAt3Y,-0.05847201367111299,-1.5965054927066187,0.9964331584418438,1,2.2479040596287754,0.15092027772039676,33.622715233704355,-2.3274123326799847,0.9989356887402082,1,0.008808201152718862,-0.4073691811492337,0.7159896179189522,1,-1.8921593941128447,0.18593639885413019,0.03916994600915593,-1.1927381955076923,-1.1225634600364314,0.7863148241151477,-0.1155979433310175,-1.5863947382945,0.46035655287527955,0.22839017816032012,-0.5603314304979441,-0.9524885618690968,0.011951464077109546,1.8887878144945645
-LoUAXG4wz-yyrfROR7h.-LoUAbf_PHQ8Nd_YyM97.-Lp797fCL6YvJTgAh-la,-0.004750900143016157,-7.301906687313984,0.7246778416278903,1,10.567664900195656,0.07792138645835422,123.30060844051434,-7.793615391699543,0.9996934681786808,1,0.010218556830856818,-1.1579734599650982,0.06633950672585631,1,-7.477663961531587,0.12149191615997885,0.9825775242656848,-0.4526530003398599,-5.843712361871568,1.558349461524701,0.7423424903338075,-0.7151910711135718,0.5025668169112039,0.8754467780115198,-1.170131075786478,0.9796016096923257,0.002717021963374291,1.1756505271204458
-NGa3HfiulAuDca2ZoWg.-NGa3dV0otaoGxiG9LOx.-NGa3ugMZnVFOvvN8JHe,-0.06199268755001497,5.815152761576701,0.9723566193959651,1,-7.019965727189296,0.07987417109911195,34.16597915890349,7.703476362795883,0.9574531837949952,1,-0.0309934608005078,3.408877036175267,0.8351467704728532,1,4.355644754435157,0.8671953471868441,-0.45542841732166583,-0.8365430755147032,1.1933089693680234,0.4919528892189559,0.9119002988786833,-0.21550018942743732,-0.7911097150440127,0.744724521271726,0.6166267513420768,-1.2226986297923699,0.010874902936309994,2.3067350441726755
-LvtsokQOmZVI1tAvlKh.-LvttrrZlcEFuYow4PR-.-Lvtu0yRHv7nwlJDw0MB,-0.047823598498192954,18.187348395217953,0.6681848792422638,1,-13.485050777504153,0.1466063426161954,99.65011379570387,16.28315591413778,0.9947638472263671,1,-0.06196439782854446,9.004407422293898,0.8769306534509086,1,16.416860631161086,1.2667937455202818,1.2014513205687443,-0.16969998882405912,9.57995224116556,4.693101516447975,-0.00014690154198715924,-1.5652697856915396,-1.0652120158292184,1.452010699054339,0.8771000839150769,-0.500874266059292,0.004127481031743264,1.4174653763094467
-MHV02e1E_IyU-SnFFcB.-MHV41ZfXu89QkQkwOCr.-Mmr358Vs2lgWMKdbESM,-0.06323348688111596,10.092009845416097,0.9610755889716878,1,-9.565615615552977,0.05859963739158262,72.3617672846465,9.954446567632658,0.9994855308802654,1,-0.01820686215629186,2.7931405261252937,0.9411805085060376,1,7.752757449485251,1.3966018679186714,-0.48923471930518075,-1.0397455250926393,2.3029055387474777,1.1899111875074455,0.5571207146995477,-0.9516843558713437,-0.16530471232468116,0.41221675729026164,0.628951978009995,-0.8570562739449827,0.004693592319143701,1.5727725479612351
-MYEQzR3ToSh4GRLSIMW.-MYER3l2D2gbCmUtaz6K.-N-WfI02fgspw194xkdu,-0.2811779393707272,55.945782514040005,0.97336868190911,1,-33.8050785405588,0.21899050936054434,84.43995202356335,39.85565344265083,0.9957422979178363,1,-0.10245620872009664,17.141360489689774,0.9843368771567186,1,45.53829200901505,6.163507203963156,0.13532315657240274,-1.5143439300558383,13.100974432453416,9.762233874675438,1.1858930085620418,-0.11441271733874503,0.4923765598305394,2.2655297247809565,0.31109999945511896,-1.1558211181441667,0.004457094954815735,1.5124782582055736
-LhKVtvaBGb1puFWOmgR.-LhKW39s7wkxN44JF0MW.-LwMxQbJ-cFXr7tdJGjn,0.014403712280973036,-2.4157627707544687,0.9653840150139038,1,0.9881247551933244,0.07969275770743896,94.75537369117612,-1.5677130773466676,0.9984724880926029,1,0.020559776079856484,-3.255041976338637,0.9886668077834383,1,-1.8829847241678666,0.317655779778221,-0.4702496770437678,-0.9837668660889975,-1.0026312730737539,0.23613060530028754,-0.1604794368145247,-1.3661808617581404,0.08569751100746818,0.45348534011273745,0.2036460448258823,-1.2313592978580943,0.006412122401386836,1.771627416786333
-MmRbPIBKLVy5aiRUX9k.-MmRbUUkbgbk0xuJ0wSm.-MmRb_6mv1uLgVF3sMcg,0.035116118923487406,-6.372809367442818,0.8753329162100841,1,4.009596965691777,0.13618320332961775,86.54471383357846,-3.7029478916901115,0.9995915117339013,1,-0.0054195039407457825,1.0599221048758707,0.9819788531298961,1,-5.072797991823152,0.8133316078793005,0.9374709857559387,-0.36825775041005304,-0.7607838011607371,1.085574109366754,-0.7714086068060894,-0.8657152796515954,0.17924157408450891,0.12009941658428235,0.26473912438946084,-1.1329210332305801,0.0046206802669123935,1.550691889768845
-MIwlrO2-BhSr0Y8Q6OT.-MIwm0nfiMmo8ZcZp3VZ.-MVuWBt9hq4oIJ-lu4Om,-0.05489290469085785,6.192075600933472,0.9991793317004747,1,-2908.9245374566653,0.009585530720498255,-576.0334811920152,2905.189786783867,0.9997797034972346,1,-0.016005087925353198,1.9880191927734896,0.9206845808658873,1,4.765401331373693,0.8408098909641324,-0.04140110201865013,-1.2006012046893024,1.8419702398884297,0.7690844086047213,0.1620838956381099,-1.149535227909568,-0.2605414863470553,0.36654341658177275,0.7445373281804412,-0.6262208967702843,0.0069350003545805864,1.829340392171073
-LhKVtvaBGb1puFWOmgR.-LhKW39s7wkxN44JF0MW.-MMZf_P6UD741r418Br3,-0.385180219370061,25.57406814796469,0.9989148297724166,1,-73.75180341634025,0.05870257711347409,11.040801029822887,73.51274213746461,0.9999495223015785,1,0.008924385478968452,-1.0729680315077328,0.5263665292219692,1,15.559577038105138,5.896030819386346,-0.02369499512358043,-1.293037375483089,1.7562515457580812,1.5383785249644424,0.9069746343637366,-0.31415938057952664,0.18021857484473128,0.2743749904197607,0.9180112333501761,0.12759435586370715,0.009427741965054385,2.17806095949069
-LjL053LDwz53ECJceWS.-Lo-r9zciba06Hi4D04j.-Mg9gWZqJ1AlDM6aiSZ0,-0.13554234603669135,19.62541422734058,0.9520813275991779,1,-22.566182300219992,0.06101494314954576,66.96377181147514,22.382596353392657,0.9994288300713299,1,-0.005371494712834268,0.5962409862221968,0.4167482758078439,1,14.611027998934857,3.007466145657347,-0.5295396310767274,-1.0752994739900288,3.2185608603880964,2.3326073199359665,0.6774778668329697,-0.7842888923144415,-0.2766866899870553,0.1822460481050486,2.1616186613516715,3.5339437604417983,0.004841417917240834,1.5946968782470878
-Lt47WbLeFz0Frdnf7qM.-MA5tBz4DD0gOIWZ2qMc.-MLCd7mR-bDEEmmk6ovI,-0.1053419095208632,9.919720631748014,0.997471884840188,1,-8.363001401880078,0.08855672118938412,62.10062553294771,8.239021970500243,0.9969563632557394,1,0.009766633212004217,-1.5195020651723055,0.27406265295206356,1,6.021940403862112,2.283613670974517,-0.12383728823419311,-1.2361313792070685,0.412324980375585,0.5560577512213353,1.1660142343987763,0.20190372981220683,0.06870324532299335,0.42778473533843164,0.9851041909545056,0.13466674250630106,0.006688915278647061,1.871218786299283
-MDJI3UFwj2pMJWLfOpR.-MDJIAJ9DeXt6BqL2z9c.-MFErmXGDF1rwAtrndXc,-0.0804787659979811,12.414403804357947,0.992627632876378,1,-4111.742261702752,0.011494478796650965,-444.87474847750644,4107.535409727511,0.9988549755740685,1,-0.037088338001715515,5.792355210893029,0.9378545362001524,1,9.436667801840523,1.748546737439873,-0.19290156070848782,-1.2591475068141995,3.7656037741729436,1.317263373170722,0.19638428414515643,-1.1367155065942087,-0.23441562743111363,0.8404607399317001,0.6068939084802135,-0.932816046376888,0.00479231342934045,1.5719161272165179
-LjZoU_G2B3YglO2xBaE.-LjZokWzH1DWEXx0L1a-.-Lq_ifapj5Cy1XYv7OBv,0.007431330134910263,0.12121155743422118,0.4938682954310074,1,0.054353687105636886,-1.2237677388232469,73.1815667272797,0.18778289172898782,0.25948063948733535,1,-0.0023558297809664897,0.3417524386246874,0.835878862914825,1,0.21630263440678393,0.0893481723074478,0.2104609840627293,-1.3084841920352652,0.23831539820339853,0.024500264190434606,-0.1354145432118933,-0.7054576034790179,0.07189479079321213,0.05833783222809687,0.34277475979754995,-0.5959250144868609,0.0035942764739013543,0.9766222697860912
-NQ9kkuRonedYgHBTvdq.-NQ9kqvc06H0FQ61vdno.-N_Xz5JuBgvoFiGSREb8,0.02129903923246823,-1.7503361304822156,0.9903477218372079,1,0.27902888583144525,0.40068840253110993,78.58669504895886,-0.16918469222517354,0.9066306111456576,1,-0.009580625962491318,1.4663418773952515,0.9071938810673514,1,-0.9622456954374137,0.46324102632772707,0.14769755536913706,-1.367888742702808,0.08462084405301834,0.059235464424419466,-1.886683425126525,3.302452930307167,-0.09042499080633894,0.22066464043885403,-0.6368336516893368,-1.035004430883398,0.004872909109572933,1.629732400772083
-MPn8JcRwCez_CwCW6IR.-MPn8UwUQYiEexta7aCr.-MRYqoLtXF8jCTMbA5Sw,-0.06591450713033398,4.651884380604178,0.9922183818163217,1,-2.5569550819974074,0.0842909249305217,60.08406725856641,2.3902769765229355,0.9997822789357186,1,-0.007382562713641905,1.1638011967159194,0.2005580154607971,1,3.201608681890171,0.8591226883192848,0.22842076660607707,-1.1744603798828563,0.7425409837061763,0.5965178620421154,0.3520884935144394,-1.2609951651211497,0.1854720939859708,0.37081111212965023,-0.30248422843263284,-0.6423241098213364,0.010176543580923719,2.1417189372104177
-MGquYN4lpPSn1Q23ELM.-MGquoHjWAmBTog22nG4.-MLHrPtEKqtglAugpTR1,0.016485926143325114,-2.038145342389925,0.6652753078511773,1,0.9231279598063036,0.10969811137820996,112.72228248290658,-1.4590086891042096,0.9883304129414079,1,0.012804147488096551,-2.261761452829697,0.993683611571413,1,-1.4285002651578151,0.4385025078481338,-1.0365027646693927,-0.07048105577459829,-1.2031494463157646,0.22757202801305548,0.6064601448803123,-0.9420858347017447,-0.18125202533516335,0.28165875694664055,-0.07604834101350698,-0.9684925891448843,0.005192122080327894,1.397186656704275
-LeLaKEqGotMJsBvjEhP.-LeLaUoxg-z8VrgsAUSh.-LeLcBnYxEjpwxIT3BNv,-0.03293468414636013,5.193994062586949,0.982675258473897,1,-3.16513842525372,0.06499843093997112,111.23192157376849,3.1218485395665736,0.9993229070169894,1,-0.023781533707048608,3.578339227181779,0.9273725280374244,1,3.9754608558343336,0.7197230307532427,0.3464643215196392,-1.0924815051345202,2.024514341200161,0.6012276367464113,-0.30586178673340714,-1.234342711066193,-0.2861651513407922,0.5421341607626639,0.6479665885394457,-0.921999283760385,0.005444916035570003,1.6684644355062965
-Ll0PgwJ482RpHKPZiP3.-MUrcCjUEtwQ-lVQPcJs.-MoXyK_EoXFZKSoFWi2N,-0.03137122950987825,-2.3169968770878886,0.9903584670654233,1,5.280677993497479,0.1567627508299118,107.1590909496177,-4.818537448050192,0.9992860826575595,1,0.03677209447892606,-4.73976617653689,0.9823138839784594,1,-3.477802275297783,0.6825477129958673,-0.14379483694087472,-1.3862595024173792,-2.9479818351766145,1.750673830948815,0.4937768229653087,-1.3244982694329186,1.235946370414328,0.8147181059717601,0.13308573032203017,-1.4262656005524053,0.005109715700757483,1.5131465561717738
-MrWMcBqkBqlw5NMQFkQ.-MrWMm-bJkLdGSQBRCb6.-MxJ0NK0-N1mzog8DO-o,-0.03389919993679369,16.731373138444695,0.5296021417775106,1,-14.749053387140734,0.11248352321731395,84.65496880021097,15.637965984105932,0.9998312948907776,1,-0.02828704069901874,4.370173717450661,0.9785093864743112,1,15.477162981841747,1.0082763862694555,-1.7436775690333568,2.0605011107031137,4.580809131209553,3.454463137871982,0.7429302234468232,-0.8484674747166205,-0.22612796967591772,0.6271549584706115,0.2745220071420287,-1.3382019121174342,0.0037332662813881834,1.3949324572688597
-MIT4LqaOThh2AuRgJVk.-MIT4SajJZ_Jbjtsx-tD.-MIT4g3RR8nF0wR2UJTD,-0.13803512476587843,11.130020996712851,0.9029014556948358,1,1.1867843571042898,-0.4204402975155243,79.55762125698033,-1.1750238505971902,0.6435644651637811,1,2.036754605405644e-05,-0.4629121406839458,7.964776065905177e-06,1,6.022970207893918,3.145708040875287,-0.5369133148055613,-1.254203179564377,-1.048261505888295,0.34007622355258044,0.8764198375106659,0.29192094581968586,-0.4599311143864074,0.15912069691728795,0.20854489537858495,-0.9129447586814212,0.009189540624700553,2.1561579052945197
-Li7Gw53VbA92RZ3ABZB.-MQparOJxbnYW_9CEOgq.-Mo3Z4t14dmy_Mq8I9zK,-0.16115586838081675,55.64800086639881,0.6529363860121273,1,-69.75912845554012,0.14908653945915437,74.35962611321155,70.0029394764604,0.9947315241617777,1,0.018171287251928292,-3.4519541439107337,0.8339184394988339,1,49.68246139323876,4.32356345397289,-1.974930545610229,3.2320956453291005,6.627890144960805,9.07852611987586,1.5458154492094516,1.1933861682517382,-0.49889194531177705,0.43674248133071103,0.44724775671714184,-1.1552525603272068,0.004231462733270265,1.4993131618680449
-LiS7bcrCbhs1p6ubfxy.-LiS7plP6PDZI7PWq5oC.-LpSk-iFnx5iT-aPVybB,-0.008227546939627064,0.5529636052237651,0.8466436935172111,1,0.68679486910794,0.13598679345126696,45.55258740216942,0.3799020126452468,0.9897407885123621,1,-0.020319029914701137,2.6954778728087243,0.9336590618672516,1,0.4730269933248225,0.05082613599245829,0.7999939980785878,-0.13926217361638615,0.7101278585227441,0.23152325452019498,0.06417444387396166,-1.515787996311455,0.5111595889161569,0.4609436677788903,-0.5858462044772234,-1.0531499370940016,0.002996362818863938,0.9406367671200976
-Leujocx_cjh-Ci6MrBu.-MHVHmFIrmK1XR8TJab3.-MtNHJeGEDg7BCzCGFhZ,-0.12056129108736005,16.348345253838282,0.9326678114472471,1,-27.821934225781057,0.07351359007429042,55.65345467807119,27.875560729834874,0.9996709281696835,1,-0.007853946308494984,1.0587272516908468,0.8139310685724657,1,11.887265193797086,2.703181262860597,-0.7024991983038807,-0.6811950897692474,1.6960639161750317,1.4769515066242964,1.0228481212342206,-0.10411550294889471,-0.2174554336455107,0.19158219910156452,0.9446121341433674,-0.45709358614318996,0.005256784828940211,1.6826847469065849
-LhKVtvaBGb1puFWOmgR.-LhKWJhP_PX0yKWf0V-S.-MBh2J2UQm1jp7A9w5LO,-0.06543667731674985,11.024376240615007,0.8850692535898738,1,-12.126405936133247,0.07884435712199252,57.34922188473611,12.342087433767164,0.9987492016386126,1,-0.009917768038670394,1.0979538335249035,0.8325468735451974,1,9.25687510702899,1.1044692457807515,-0.7267988346089609,-0.8680132297084704,2.638792278099678,1.914605410215151,0.7109254569500734,-0.7954659346618418,-0.3152539074424427,0.23878066510467258,1.1824756466849082,0.5849866867181577,0.005587150374664949,1.6681675053388998
-LhEZ8ZYXVYjutu9pCby.-LhEZQVhA3ouLHDXOw7y.-LjUcBjGnPK4epX38riA,0.006772034026334306,1.5347060083839723,0.672292600402948,1,-1.5191165856403785,0.07555572592178991,70.76384254007445,1.7087473833075337,0.9982875614543942,1,-0.010606065500417872,1.3128601531848676,0.9395376265945341,1,1.659566342360911,0.09634675038220744,-0.7251462494181427,-0.5348519455659297,1.13068861242572,0.3373549287663916,-0.272225960546642,-1.269046381413875,-0.017924429066517325,0.2410010859013857,0.6544045152093573,-0.7611272733665584,0.004564655388518761,1.418349362989023
-Lhi_hQB4d9hP668bC18.-NJnbybnfglLVaLUOmiV.-Ng2otyHyCRrW6SIaXJh,-0.24261555003062696,37.1609584449463,0.928761782091635,1,-28.13516223458421,0.10228702682821243,77.2846416221015,27.656771719027784,0.9991066051876931,1,-2.983777378462449e-05,-0.9556427461367385,5.772129002989956e-06,1,28.18430911679838,5.450071464066817,-0.7193676003459192,-0.686076928583391,4.1293592350615125,4.616998775619584,0.967792697229843,-0.3605341866441645,-0.9606994976881961,0.28948487560749386,0.28062274704840223,-0.3295073112647171,0.005030867478704658,1.6371964783321276
-MUDIcWtRJGFt3XdDORq.-MUDIhcYfnpDcIKBf5FO.-MYiRwTgjLvD8KJxIbbt,-0.14381316584758874,12.821448090444154,0.990702326337392,1,-6.083389204355293,0.17737553386957694,59.79500636435962,6.00777623978719,0.9994616884230583,1,-0.005860192547190168,0.9861067277654704,0.11745426180313034,1,9.298273131912662,2.085930254767723,-0.25203762821347125,-1.1676639150232475,1.2788384198932732,1.6782074547242956,1.0464995455413462,-0.36728110024743765,0.18011517675261396,0.37685513541290405,0.6533473603977277,-0.798043472748299,0.00798876626812816,1.9937274223071544
-MCGrj04feSXlMPGdgaE.-MCGvf2o49LN2jVnCn3C.-MCGvvBK5wvi_H9rQwG2,,,,0,-33428.89483961092,0.053599212583489104,-154.99492183008198,33429.27975609219,0.9965208448449838,1,-0.021450541470688034,1.4804073315393107,0.8816059123604498,1,3.6335584453101744,2.118756204053736,0.8123147624672176,-0.26555348278707047,-0.26779404449677313,0.5013686227578975,0.9308792261631255,-0.24477581481458932,0.02298603016414352,2.7854849751817725
-NHTSIH6WGEuYYUbVYA2.-NHTSNphytM8wq_yQ1lp.-NN6VtJlTONKCH-4Fx4e,-0.0005477846143109505,1.645596303314085,0.002959375498513439,1,0.5181226748760006,-0.546206833066346,79.86322763571113,0.5053315721462595,0.8305494389096458,1,-0.014522966012533,1.9346989993867243,0.73195245490693,1,1.6258078082741374,0.21765204668380278,-0.700029411594148,-0.5340162845300931,0.5621770972804269,0.14182260344499803,1.5550677652059837,2.0411297086148936,-0.42542695096966954,0.37200758822026464,0.8647860245945211,-0.642408156427301,0.005144569036700505,1.7357267675933647
-LeLARl6cYWbEMnS6aOi.-LeLAYdDy8QM1wwAqCtg.-LsLKXLRLropVPwA1uTC,0.03955090509122687,-5.0365829818755286,0.9975731207749264,1,11.046789549080247,0.015909393137318553,45.562164151364286,-8.800579853037535,0.9991989125959905,1,0.004729473056837038,-0.5948640251960138,0.5356258278997608,1,-3.5732478139340347,0.8573109215566309,-0.03322234749334751,-1.11705346305204,-1.0668713845637148,0.5291898967240884,-0.10704748138484792,-1.1912713207979773,0.1735560493601583,0.14228717824862003,-1.4538569721473005,0.8840150012860901,0.005584343953515222,1.7114646112077383
-MRUA729OiKXXyHBgHAJ.-MRU8BEsz4ELk9LiGR2N.-MSRre4fHzw-2Qn2JnDL,-0.07969989402057709,17.268606841079926,0.9873536295649147,1,-31.346088211457424,0.05917701578863444,36.35034769568124,32.85182764561859,0.9963752185213062,1,-0.04671752226181858,6.353156602077263,0.9827871763386081,1,15.554898361302195,1.0180894362480017,-0.28993918556392073,-0.9343252231038925,6.488616575363799,3.300318526524493,0.6461315433395736,-0.8408695211913226,0.209678835956247,1.0344263426736624,0.3065655277391249,-1.1409374716880993,0.005662363650713956,1.6056905404133308
-NN_qhvSiR3QjjoDgTJA.-NN_w0p7mchXpMFmJwpO.-NN_w5QZKoIIMkgLjIDp,0.04667653728706189,-6.688251973924106,0.9433336236291565,1,4.6119603265091005,0.10394979744823873,82.3041078442121,-4.101038140483584,0.9998027223574681,1,-0.019562071030279737,3.177227551393671,0.978724784445628,1,-4.961727717137054,1.0406465614005924,0.5603892017960809,-0.9558312333477499,-0.5237420926662657,0.9584824730474332,-0.7843158707684672,-0.7357152625416106,-0.0014633903434535084,0.4339851501213837,-0.04505204327899362,-1.4858602715883718,0.004345107646413294,1.4971606332354868
-NeMreqmG_AJT3wdYmIR.-NeMrl1wnG9vXRJZgzVd.-NgIwt49i4pHLi_C6MMj,-0.19560394172247747,31.07640820404906,0.980863199243664,1,-29.46199188208182,0.05799063479238566,76.84126813078575,28.522734137337427,0.9998124113578648,1,-0.020213217336459977,2.262092446485121,0.5546798901945365,1,23.83900776615791,4.275868631985325,-0.37255519327821285,-0.9594080434604453,6.195574545302239,4.150631644961742,0.47425738313158167,-1.0497986155655727,-1.0227488169678978,0.5952094027992318,1.2113933726221542,0.4333846398690202,0.004901456498586262,1.5994154548992492
-LnHernN_fpHMmekEDg6.-LnHf-cbftVM4CTskSYH.-M8t4bgzQVgwTWfnYqSa,,,,0,7.9421807822096,0.28174813035800417,14.547760752450081,-8.193990782510811,0.9963402695537689,1,0.019049984319891244,0.36095697659535897,0.5152912665026352,1,-3.499455038861136,3.0594812879760505,-0.33415408377225575,-1.5720510692928291,1.7830360611642369,0.5811236567987794,-0.6900092098194618,-0.22018520864313595,0.027416337024483126,2.423955843452224
-Lih1-8YhTUk-ZydBu9I.-LuX0jxGpudVjXn46epD.-M0Hz3v0yPGj8QqpGM9Y,-0.1975360696427655,26.284436741764104,0.9709478462684005,1,-16.28769568506767,0.15063556365592612,75.97419546703665,16.424466215291023,0.9995809280778234,1,-0.0007850259429208332,0.6713669058430266,0.01732088362317652,1,18.975603158922397,4.339834234570198,-0.4701958099847495,-0.885092250721804,1.8869283687681695,2.4316702217470674,1.4840127059721988,1.0051897607228533,0.5441456846767926,0.1302957858546101,-0.7374962032568508,-0.5925108931176131,0.005183318706112025,1.6623635764769307
-MuohO_gtqg0k2r683cO.-MuohVIvl6TUjSZ45aI7.-N1rFun6-5hQ_25n4coT,0.05539930080615518,-4.516286008843163,0.9894534455624828,1,1.2527651738745562,0.20508955026750392,66.30747604358785,-1.580345148564239,0.9723086064237644,1,0.007535323197859656,-1.1452268881880787,0.3926255897455241,1,-3.0483460193297174,0.8679083884481478,0.04131039903558545,-1.4320442539047065,-0.6566676293256469,0.40733923035506553,-0.8435055360243199,-0.6915884688135057,-0.07926030427404976,0.26465801802277855,-0.6777000214466508,-0.8504876093019664,0.007524243220252678,1.9388942312655633
-N3TKnmASS39_DJZaHma.-N3TNrRY-7i9dZsKTiNn.-NM8hq1WKm1JZkG57jiX,-0.00359145803146399,0.20138241858817996,0.23469499157596807,1,-0.7631046803758033,0.8489944418632961,103.03242724693236,0.613681517289556,0.934656392622673,1,0.008553447018064264,-1.4295607365964034,0.9571356344004959,1,0.06832280248976984,0.16044037167865302,0.6178999608912256,-0.8287538364918139,0.2859922196038603,0.3791755002885321,-0.24083383003235348,-1.5600721364079357,-0.039434637765164135,0.19213706415667037,0.41808698076136014,-1.0416752991367941,0.013415882050975493,2.3872399079657343
-N1IDTNGaJdSPHgxB6Bt.-N1IDmde9b35A24xnhnM.-N5nrTi6F-VQ1QuvpPr1,,,,0,,,,,,0,-0.03747880821440863,2.6544589749653653,0.8590382189865464,1,3.200521988318093,0.9909192320554084,-0.15931724836441527,-1.0973461879220858,-0.6247902646953312,0.8872911894682011,0.7909958709477902,-0.8017445999571993,0.014992548144143414,2.171133820118988
-NGpOzLifMjWDisormtf.-NbIqZjBYc6mTOHoN3wx.-NfA1iRrMmXGdqTkE-is,0.00227494646942894,0.05953014624816466,0.31255774876066644,1,-0.14335384130039613,1.9534446791993265,2.8945833580861304,0.5943077414304729,0.0,1,-0.004068194281959777,0.15496644159289089,0.17722394197276237,1,0.08317189785459192,0.029800214366492456,0.510416916121228,-0.5825404130929623,0.45073031815218073,0.16707664952055096,-0.26322598013554854,-1.1374824724732326,-0.2867217231218651,0.2117374152789036,0.8051280234846122,-0.36262943544087234,0.008778563459977165,0.5486278738019015
-NPWUIACdTwIvrDgwDhk.-NPWUTvWfyoQtbaQftYL.-N_D6gJrwjNQHYbeweG7,-0.007405976584532863,2.797500924322965,0.8346810664464817,1,-1.3926233691497052,0.1685076340330921,87.7372159561964,2.7311227112872682,0.9800343291499377,1,-0.030866758916281642,4.298123960548189,0.9864540059000496,1,2.6162906899411174,0.11764780105969033,0.775560121587985,-0.6142286773527066,2.382474707203686,0.4064568522629054,-0.8535131211847323,-0.6286029267517561,0.05385519440654893,0.6817247833046571,0.3086176534074635,-1.0849441219484306,0.004464733017092888,1.3767686341715628
-MRP-aHJb_XGvDZx8a_Q.-MRP-hiqdScey9kS97Ud.-MRP034ZZGd4r91CeFSg,-0.034450125853484614,6.015914300988109,0.9514199939030976,1,-5.680701331207216,0.04487586249940213,83.91367022700459,5.148316276387598,0.9998251676050528,1,-0.019056422321577005,2.833766750124826,0.9639455814808675,1,4.741279547954823,0.7649180960776407,-0.6096882053575617,-0.6082260425347972,1.4333826201206308,0.7869791213310295,0.2246191084195751,-1.2088215822145116,-0.2626935511988721,0.4261739064574717,-0.01635359849862951,-1.5679098385831463,0.005370728746607357,1.6775840256413523
-MeZDgFZsmMwhQV1Uq2Q.-MeZEUhY5YaLf6IbWF7M.-MeZEkoxoZgOyi73GMWX,0.042095762868190056,-3.7437137717240754,0.936093892006338,1,2.3655026511843995,0.15579238029499926,109.26653732716306,-1.3083142501050464,0.9961307068091368,1,-0.019769380622210564,4.438490323722695,0.6000822913952697,1,-2.1864749254404985,0.9422110209476421,-0.6016112967331508,-0.9439390701483505,-0.5618726281574117,0.7457944577132469,0.6238513171325333,-1.1188608975462409,1.226028385823031,0.5600090682083567,-0.7673081635132876,-0.5822040414163392,0.01004541358230771,2.0117505111952445
-Lx_Z_2VKK2Gi80-rbiy.-Lx_ZdV7PzCy3C3Q9zVf.-Lx_ZizSF5jE61c-ARSA,0.03881413281698687,-0.31452289233084074,0.9984461336013516,1,0.5100461335387093,0.2791196324859276,12.66775079847026,-0.1336342269353556,0.8419683857724607,1,-0.011801360527365912,0.9416498730796875,0.9703878015557214,1,-0.21399311798422194,0.06630657686807388,-0.08317635746860735,-1.1147100613538186,0.2984686700560355,0.14373428340529787,-1.0370684665941792,0.5026094731974116,-0.16167400354883765,0.2628277027154498,0.2654451485700836,-1.433317354549739,0.008822572760616926,0.5808222801528636
-M-EcflhxTluQI3uygcN.-M-EcnorU5h2mkOg2Tu1.-M-Egc3zMcTwQZi38IAN,,,,0,-4282.191580925585,0.037394754444741427,-210.3211234550371,4283.6304994969205,0.9864801580979657,1,-0.017175329486460056,2.1391097166035027,0.7931666602750471,1,2.295667228538692,0.37534585502771345,0.5185527972721373,-0.5746353667327462,0.7877833674767366,0.4341051970833339,0.41475732241570507,-0.8683320030235713,0.0049534372722371284,1.028855452762063
-LhZBIzaYFG60s-JvvfX.-LhZBsU5j78ednY_5V2q.-LnWPLHJxV-RQesvh-Xk,0.018379032071681473,-5.960415024507312,0.8039710237706996,1,5.9575843409393805,0.07646405924471308,96.07176244133063,-5.11594242670584,0.9999623863522298,1,-0.006268104141287756,1.499248715538586,0.4767186026963528,1,-5.280615953419508,0.44352690385396953,1.0474325812011391,-0.2529315879124714,-1.8343856231432778,1.3934862211503805,-0.11340102637035233,-1.3689998249193422,0.48067709097966377,0.1993391297487436,-0.361189810026796,-1.1149492703853532,0.003940685804286263,1.3940320572518257
-Leujocx_cjh-Ci6MrBu.-NLUo7sNx6hp4uSLWSwI.-NZZmivXoEX2C7jtcQbs,-0.10140038105569701,8.591596821483575,0.985442313819757,1,-4.32586657641646,0.08266032436536731,62.6287460346141,4.40328666775383,0.9982697519597118,1,-0.004218327564350366,0.41872706125532666,0.4566318058646367,1,5.650554842808701,1.7391461857160218,-0.2362119214158154,-1.3397942550921476,0.9734677992807724,0.7260372114768178,0.7142441240529863,-0.7972534682939245,-0.19940271215943423,0.13782353862625873,-1.1641973060583966,0.601090264603414,0.007627771645953169,2.007608648778352
-LeGC3EwPfb82NnUGMCl.-M9N9tvEz5XJvKf9pBur.-MQq7c3WmC9_RflzmaQL,0.03294694435186273,12.705122911464155,0.589217576313972,1,-23.109476998626228,0.05174167868575292,86.00144941179579,21.27952516031046,0.9998883361839285,1,0.007298869524752461,-1.683565564316628,0.07928657845510423,1,13.92455161952496,0.9285636543200976,-0.12421519456895884,-1.2454172475368732,6.266572865931463,3.644818599248856,0.24743990633344998,-1.2252302645754536,-0.4974182110815146,0.56951202509188,-0.22559854995798437,-0.9703802844264673,0.0028123193641865535,1.1620438526410963
-MzEGIBJLhT6OZUVQr1j.-MzEGLTYlrYzhRUL-vCm.-N7K8KGz7p9Ef1SNSGAm,-0.0902017643623605,9.993992050951668,0.985418809278167,1,-14.169394431515501,0.03997369130092268,39.197535113947815,12.702312176203439,0.9999810939320403,1,-0.02821322835017015,2.475949847385382,0.7228137122498436,1,8.867060482279491,0.6828153358396328,-0.31004501115605443,-1.1394486198979241,4.157967780696137,1.867198453887933,0.13641651507091815,-1.2401276726374422,-0.7265923578534661,0.7279752865144681,1.1196982593342675,-0.03619995017308408,0.009126194277283449,1.9682103459671692
-Ll0PgwJ482RpHKPZiP3.-MUrcCjUEtwQ-lVQPcJs.-MVVFIQvTODxSV9-xk5R,-0.008222029686626693,-6.093451311389677,0.53668175401084,1,3.5144174282794585,0.16154806599727722,116.79227906621168,-7.464893411539937,0.976347386957372,1,0.09232684695511777,-15.769234600171885,0.9822334349308436,1,-6.397538553110582,0.24277180893209616,-1.286211813070036,0.5444275464037696,-6.813684353167991,0.834478453797346,1.0844776444381252,-0.01089615440849645,-0.7670146771830617,2.043305809764348,-0.3018172469919826,-1.1815327785649226,0.002694828073196084,1.0762247740288566
-NeMreqmG_AJT3wdYmIR.-NeMrl1wnG9vXRJZgzVd.-NgT7tGTZfFJKEy3095M,-0.08433422932025136,16.340422344898663,0.9683125700823086,1,-15.513775357165416,0.07841064823508914,78.80724262888698,15.932195509615864,0.9978901612528853,1,-0.016689791243384322,2.4664205875186562,0.8706074733993154,1,13.2200825631456,1.8562220646838319,-0.47752898346799666,-0.9159670317778397,3.7771956519923737,2.582916110279095,0.6657943439775104,-0.8716405058929082,-0.24591733601529187,0.394316893165668,0.49426885227406975,-0.41237391064862683,0.004517389302795881,1.5130394542535555
-MHunbEkYUi-r5N8CMtJ.-MHundutcOBd_l85BWuz.-MHuninVDlqEs-HDCjV4,-0.04994342823214848,-1.217812897724595,0.9346711868623859,1,2.8952531478921015,0.22490023434687847,61.90768431663209,-3.0815709925782606,0.9995466422866682,1,-0.009392164406830661,1.420604908983894,0.14559810581564114,1,-2.3396235709581115,0.69002616960613,0.5080298023358534,-1.223862110883814,-1.142736896500141,1.0626599102115366,-0.6476674045001481,-1.2491034243991601,0.1663560372472641,0.5545229371299886,1.4659599446054496,1.7908738382928107,0.00446444905844351,1.4433994778307133
-LilnSmSyM-6usWD64ZZ.-LilnfIIotZ2luAuWpsh.-N1bdfY-6bco3qLX8XMm,-0.028393240488387317,-0.2279686860928387,0.9747876767902222,1,6.854140928691622,0.07229366428382424,124.93429274214905,-2.27164532250051,0.9958707086070799,1,0.025828152841977592,-3.7750642580793556,0.7448404481924238,1,-1.2783417107723523,0.6219315005591336,0.3618180729653977,-1.184050000657352,-1.035678266832913,0.941085517455948,0.7279535684825752,-0.6913110129235571,0.4271761491142462,0.6698226979508722,0.6727842799500496,-0.7203773447620012,0.005976761599709832,1.8249661672925055
-MYi7zRYMQ0Kilz5luEH.-MYi81LZbNwySbneLNcl.-MtgJjwqrrYLaXLYyqhy,-0.12387522712223385,20.241393519664904,0.9522780434458833,1,-23.73011640101256,0.1072656131296877,32.659716620386185,24.223679247821956,0.9970449707715473,1,0.001410946239415087,-0.6769517068083014,0.012688673792606298,1,18.756142838096153,0.9146639968742947,-0.5858378773755233,-0.8226577035457141,5.857424019170674,5.063260503548437,0.7948034118558375,-0.7511831383406293,-0.518330834224887,0.27462598852287706,0.5889371688174765,-0.6649140709832544,0.009012582707222912,1.99763500942253
-Lilua2XE74Z18rgZNVN.-Liluj98v9mvUJFCihVY.-Lrmj1DxhGvFp0_bxrIm,0.04274591649688675,-2.5755869919625,0.9897003373873459,1,4.945953687620883,0.03627431330034386,20.362291815974675,-4.150309052823837,0.9985930067231795,1,-0.01074260326598786,0.9788509689153055,0.9688584225732216,1,-2.06261490678733,0.3104965338565985,0.06165715417115287,-1.3708735605061424,-0.539701397421417,0.49218722744993,-0.27763344013437957,-1.1407782465226268,-0.22957895651336274,0.2397257306207505,0.2449264923063434,-1.4682380201511827,0.006478337990255342,1.659564745498309
-Lt47WbLeFz0Frdnf7qM.-Lt47aFOlKM6fxX6e0QG.-Lt49YUY3AzHGsgqn5s4,0.018621433204611404,-0.11642594688783992,0.5435149190419195,1,-0.5930360874279115,0.20350300301995486,92.38425233571463,0.4022474880598871,0.9914142492686971,1,0.0017368390965024627,-0.1552892613126331,0.10648347639551548,1,0.5720609834166073,0.5475594951034998,-1.0331588336013255,-0.09955034554481346,0.023280512446993532,0.2198439467728536,0.5317216925715652,-1.3118527090774719,0.1269819761209927,0.11702853409700281,-0.5203828599691892,-0.7834543757889341,0.006671748563762172,2.018172898282611
-N8XiKc09fUsptA2VdR6.-NGL5iEpQz8FIMgIX0Bc.-NGL5n7f8Kow45imFhqM,-0.1561833587097179,21.481804969906207,0.9571248098749494,1,-56.02695798433354,0.040214941784092004,38.17252956037919,54.02813454170102,0.9996748160798902,1,0.014081765897063466,-2.7222303743653757,0.7020264430800924,1,15.702522880831891,3.455764230152744,-0.5133415937708089,-1.0501500823417704,2.962487045685986,2.529798084887698,0.5534946039293307,-0.8950397570697968,-0.4340043092282244,0.36905206152558334,0.8742901353863105,-0.6808564141518434,0.0049048795855990346,1.6035677608451306
-MX_tivv7eIFmiM5It8l.-MX_trj6iIQj0BMhXUII.-MiuSYSqOQKiFV2BZEVY,-0.010498243764735944,2.1509827978508613,0.9019795311911821,1,-1.3220421623677252,0.109414615945629,108.50485937824077,1.4304496133371238,0.9975007284708526,1,-0.010074864255403382,1.3300135656200953,0.8740198112454616,1,1.762349844045843,0.24023455692467402,0.42127576156232255,0.3350799025794591,0.9751345408124449,0.3614915033773118,-0.4371731483470748,-1.2466964869119561,-0.30727194466202673,0.2362387018327511,0.9557875348910174,-0.26962091005582955,0.006264486882618083,1.7562935568331854
-NEj6Z6XLlqZXunb7hug.-NIWXp4BwumtgHBib9t8.-NJdzfSiAtst1_DdEJ0e,-0.12259403705551652,20.866542684180576,0.8934587696519672,1,-15.550533814444552,0.11951424012945554,67.2493798416045,16.87342290925708,0.9981172317665282,1,-0.03249423791956496,4.395965198370265,0.9285360626391498,1,17.06773711255153,2.359933069641766,-0.8831163987943296,-0.3805625598985243,3.956746897887116,2.895782867790948,1.046423593145817,-0.2278714070193577,-0.4944550487802063,0.7394616305787285,0.5862940399988995,-1.0457229986540202,0.00542428101725347,1.6759612137264306
-MHV02e1E_IyU-SnFFcB.-MHV41ZfXu89QkQkwOCr.-MieMSndS1xmkcEDjAgT,-0.05836566908140739,4.360718478857403,0.9618556058454605,1,0.3953099244192404,0.3106928762330846,115.9601878083716,-0.8258202979743106,0.297098818344656,1,0.0089218823309406,-1.230461943320091,0.7127861278363319,1,2.1984923004338817,1.284054753971775,-0.36457267291310363,-1.2518832252610912,-0.7567798476183693,0.21025179337362065,0.25746209787277846,-0.9441776403961404,0.21915299758583706,0.23221804568900473,-1.168369150200443,0.12707571564292408,0.008293085223443521,1.987613397339432
-Moh5mqOGpsYy_5lzQFG.-Mpur5cab91I7PCUGxts.-MtgifFUeU5uwlYcBy93,0.006150649423108057,15.645623942288571,0.015352337518302117,1,-19.500998287680446,0.08757680535019809,37.30153955470305,20.135570729524066,0.9966787658307615,1,-0.0017108244672032757,-0.23453954160209656,0.005980057314786347,1,15.714582368046647,0.35619952621022233,-0.10083407001153466,-1.417344562365195,6.998031344759926,4.502725175676961,0.43227553385828327,-1.2074800452089718,-0.4255676983392269,0.4846555642267001,0.7316160669930738,-0.5170328059080105,0.006926592657699644,1.7314816724906874
-N8XlvoaVKfwIEwWLYRN.-N8Y6L55izlUOMyW8kts.-N8Y6OaFZLe3b01YpYfx,-0.10195829001069612,2.647582234428974,0.9956077728265621,1,6.401177305270472,0.26526140601011405,105.95070386236075,-7.924418298221381,0.9207663216731063,1,0.014641725711650011,-2.341609433490274,0.6518069463634617,1,-1.1249523819800933,2.212978414499148,0.019965841601560546,-1.0435686711039147,-5.5449732577376585,2.6592995703984617,0.26409868322905733,-1.3807802702165217,0.03726650497937809,0.40175717508000497,-1.8838359912068692,3.0720211225859684,0.004264925951180377,1.6622614124973587
-NEoX3wJiMriuCjjkclk.-NEoX83SpF7gl53ydRHc.-NEoXBSRyfGL-RQ1F6-B,,,,0,-8.921060041486143,0.047423464934154703,11.718695251114521,8.37048227748535,0.9999191360559526,1,-0.025844687485844633,1.8266185236149344,0.8312724552460908,1,3.2415352539542583,1.0895073713525314,0.08656738311204298,-1.2483093739577358,-0.12555199838497713,0.6248788717254977,0.9276976746438919,-0.2610965652921351,0.016593389248905792,2.319334531473949
-MLHXDQ2BX7xY0GEal8T.-MLHXluRZevq2K-wq4OH.-Nh66vPLHZwo1ER1tCq_,-0.06828701938795478,7.732551359544154,0.9571130386250845,1,-2.231375059865297,0.19979869071807443,80.93663347561225,2.6527563118871424,0.9967480567129576,1,0.007010103904067364,-1.0686160281309234,0.20256847228378794,1,5.20617725584047,1.5112870224558101,-0.4511781924647173,-1.1992912304561965,0.763075611180017,0.5061624935173445,1.437790148477116,0.7627001707683596,0.07035162798591092,0.34160302058063763,1.3288608608229031,1.1981438406673117,0.004431482345485752,1.5998903252572012
-MuAqx45uCQkH_vnztE4.-MuAr52pwpQ2YYaU0Yju.-Mv3RoV_cME7k3XSSUJL,0.02024200845472157,-6.430243018135105,0.9974140825841775,1,6.2988055750302445,0.09618247529817359,71.53462784056391,-6.021552943113993,0.9996540082018872,1,0.00170276853428728,0.41388075931501705,0.02732633355112879,1,-5.964923320613644,0.27473545062174937,-0.09308843235016626,-1.1618519736850133,-2.8758828211451206,1.7417127538545618,0.0016353658654630237,-1.4528766326074427,0.6431059665835339,0.22565294430964408,-1.282523661177299,1.3115969191208912,0.0056434215861118735,1.5622745914683154
-LsVlMLffp0SgAp0tEX8.-LsVpvvNc5iRCKfLMuPm.-M7gEBGvzzUiN4i511U9,-0.03297094871283246,9.850908052576335,0.9185748442027336,1,-13.163641061903833,0.04762153689939921,77.32645374398405,10.566339250827824,0.9996531157609979,1,-0.010107988927220646,0.7644197728363837,0.18365011430004852,1,9.059706735048703,0.4877493895128654,-0.6436855412867905,-0.7937010618080733,4.521036533258397,2.103260422712509,-0.06287601395082072,-1.2795881556489588,-0.6154039913926411,0.5173799355207701,1.172921274457276,0.729864486831389,0.004866746298213126,1.4863396266460127
-MWchlaMp-AJCv935ab9.-MWcfippSpguEMyCqeGP.-MWcg0POhcDKfC5Pvin1,-0.011693188883899364,7.082651213004465,0.685387193567865,1,-8.299771903364212,0.05634101106282138,96.00199112345534,9.085445856529969,0.9902723647858577,1,-0.03397303505812302,5.626188212391172,0.9333545771000212,1,6.6502874976357385,0.3065436959624167,0.630032493167531,-0.9773844215421654,4.583835683338585,1.5382801877808876,0.09065601975097791,-1.2728029320080074,0.10557583741226398,0.7713942288900835,0.7321133182993841,-0.48533246278376074,0.0031487172348795395,1.208947682398578
-MlnIP2MnRnwcDcF4aK1.-MlnIWs5WnvJ7-xZxHDk.-MlnXsXtroHfjy8dCuRx,-0.045458089358199505,5.423900202225872,0.9736640799172283,1,-1.4946211260953688,0.21869499238317147,112.03521276178354,2.2481299273942756,0.9812530514668776,1,-0.018084874717906915,2.6674123970636736,0.9111939430840719,1,3.7436723537806635,1.0009642919989283,-0.138111776530752,-1.5186754722060558,1.8675411815455514,0.4862646498306186,-0.9185449535805333,-0.6161217430634993,-0.2719493886764505,0.41528052807465227,0.7117026756423583,-0.7646642532254182,0.005574219011362446,1.7299979261804668
-LzGdLjUoEBVPOJZmMeH.-MBYRn9P30gsSt4P7zsd.-MLC1KasW9mORL8zdwFd,-0.06517299063868287,13.21520750480846,0.9340383423865625,1,-7.8955100502582765,0.30661294805067857,81.67992841165835,7.382303957919235,0.9941634710282309,1,0.004206621326858451,-0.5944536776554301,0.7183951431851494,1,10.803788078732657,1.4603904586473406,-0.3749992935295666,-0.12479197522708052,0.674884495235403,2.080942375387113,1.6697141536419646,1.4115963704360635,0.08879883996354845,0.10955624924192922,-1.4874384293797165,1.2669392431011293,0.005054546172238168,1.6479236524224203
-Liq_w4K5UDKsni46WKd.-MIJ9YxhIJhizHAqd-nT.-MKJIvXTbGqYOuQ4XnOK,-0.026874743131649427,-1.4227869531653525,0.9434163312034884,1,3.927481355997999,0.13664212465214692,111.23622079044753,-3.159101554872261,0.9980659757430841,1,-0.000882358647086523,0.9979466735221575,0.015741484714780873,1,-2.4167366328948687,0.5995760500932135,0.43590079738538723,-1.346072878296394,-2.034691641739622,1.1079837364494836,0.6897054222357593,-0.9852221476569176,0.8549764044799034,0.1729344692305371,0.5414529407877362,5.198325254578693,0.0036908982259033583,1.2558798224260743
-MlncCIzfvXlSdE6UGOX.-MlncJ6aZgLuy5QVF6mv.-NevhRh1JGTZ70e1WQMe,0.07829352977762484,-2.860663273064987,0.9869761897372977,1,-1.7222070028230756,0.22774956178644806,73.24222549257178,0.26786567751701834,0.9629671994364037,1,0.1059790632877422,-13.213109102807355,0.764234414998192,1,-1.3335905419011018,0.9121259773693436,-0.27404556244071293,-1.189241690863752,-0.2966254308928543,0.6438878957035143,-0.5523977959481461,-1.1642164750097614,0.2746826631490585,2.7175760536564146,1.5581317528317165,2.741621769273297,0.040694045013943234,3.798493846792487
-Li7Gw53VbA92RZ3ABZB.-Nm5hope-VcGgYiWl0FY.-Nm5hzxDgwlc1omUgL0f,0.03675587120929203,-4.2119469771012366,0.9377941721947857,1,3.165498170231199,0.10369237841591047,55.87746201424642,-3.112186758484587,0.999598233128222,1,-0.0006736107630540555,0.14862802490942117,0.07762203552986757,1,-3.4572367192549316,0.4608506623152875,0.5992578278933413,-0.9662390787469901,-0.966654714600037,0.8112856691267801,-0.49973696106028664,-1.1785831462060719,0.06156915449995768,0.053859004855197797,0.309893123325102,0.021392185999701052,0.006976637821469541,1.8141400748491332
-MKEVPKI_s5QWY24u5JN.-MKEX5-IBHQoN3hccn_6.-MKEXRLuNxiC6Jn31hHB,0.011372773786695989,-0.9764086306451887,0.3897178034503206,1,0.45661821794991353,-0.5820377578226026,114.21794704579702,0.8068211392775039,0.2790461015562644,1,-0.022981557324758706,3.5149134936692827,0.9765006806833176,1,-0.5549982638450418,0.3963028704256472,1.1652629322254004,0.35717750080463784,1.169060456417646,0.31162569745446667,-0.22506868751346534,-1.305372704679061,-0.21936304970725226,0.5100665326524904,0.27624217726722783,-1.3212151307906315,0.006372834399211404,0.7340140092947338
-MVLAZZVGNazSaUvY6qv.-MeUIed6c2tC0rdWtf6j.-MeUIlgtr3aCy5_k71i3,0.04075655094726246,-8.531139910574225,0.9877004203568727,1,6.00724998551922,0.1203941649343898,99.76561497209666,-5.728229157097319,0.9998021675734046,1,-0.002300199481865439,0.9825380031217943,0.03724037711870554,1,-7.023304096523604,0.8885336706653012,-0.24376439186140958,-0.9624186190549362,-2.7540820628540943,1.894394906362853,0.013665388148924177,-1.5289216537228925,0.6092213297004724,0.2617091624694437,0.41674445061264115,-0.727526431525547,0.004573864097625254,1.5026267834831957
-NH44iQMs9g_9-63iJgm.-NH44xW2DdfHpYlVFOsr.-NH452ctqtZnYIJwR_3r,-0.07322273481851416,2.958033898632266,0.999694321290801,1,-48941.37118974302,0.053572292706811825,258.14009927118,1.6998266059059228,0.9554776620416727,1,0.01287745930766715,-1.6776919050863204,0.2565440617901592,1,2.4446896426002658,0.31669766433115726,-0.04066770688377167,-1.2539561131140022,1.1684245362393937,0.3987212405418891,-0.7404956575729248,-0.1807711799142777,-0.354372417834599,0.5796879667303114,0.6315905510245293,-0.5451280239109231,0.010776876481925247,1.7016930090786324
-M2rBwBkclfPvglD23Ub.-M2rC3XZbPIbr93D1A3G.-M9XL8_POdfYbDg-GhbX,-0.06212859731783426,0.9409207014512685,0.8642097259819066,1,-4.195430071594231,0.15470429562356894,97.14584993706752,-4.522035376044572,0.9693998950418408,1,0.17506762732729375,-26.655465950590695,0.9552622610596264,1,-1.357957811119357,1.446099540495822,-0.8664053890500647,-0.70097624577995,-6.809444017529964,1.5016426642830323,0.07534968447224034,-1.4424792191669351,1.7930323757242228,3.929708669336182,-0.5142910460523324,-0.7041533640611575,0.00654809365546658,1.577796449713863
-MTeBF3C-2_g29YeMrzx.-MTeBRqXm-UNovoCB-yi.-MVuUtjCfcuJSCLtl1be,-0.062419568895463184,9.863237205458095,0.9069091141515103,1,-7775.170797909444,0.03585585192066384,-141.62621871734962,7776.141591272533,0.9891752035079523,1,-0.030932184268058327,4.742501489679278,0.9220449260554896,1,7.553926577249954,1.418897592713423,-0.7594385138227037,-0.7578030032575702,2.528039373056131,0.789647289913137,0.6083388931108734,-0.5284686816067428,-0.2837006005745329,0.7067569702967055,0.6609242032498255,-0.8785889418481578,0.004829681359867068,1.608925237426478
-Lc_d-g4yyU44NLZYjLv.-MJWHNNHax2kwaFP9i63.-NAs2FVNjCA4cwcar0zS,0.03193624123883687,-15.209907302646627,0.9794521098518939,1,12.946673488529642,0.13845123091607756,100.30196192074972,-12.747246348449252,0.999785562409393,1,0.006448222719510288,0.15476163924613218,0.11232170096985361,1,-14.02796362874552,0.6990134621570968,0.14457259099602424,-0.6548107193880579,-6.468881487646262,4.376559334203556,0.04892829914903083,-1.57202311167299,1.2021386364057425,0.47607460833621645,0.11128242341897686,1.6299387744390277,0.004000080214233939,1.3849933727115233
-MvrNkubcd0s4PMRZU6L.-Mx3lTGBalMdb5zHET1V.-MyvWYO8ZHP4Pkil_aMB,-0.0818784078803434,9.106312001806163,0.9952823881376246,1,-4487.049774931461,0.058761237071748254,-55.80810895060578,4487.6314667583365,0.9970593876146648,1,-0.0161360612712802,2.448741984266408,0.893481694800235,1,6.076956831424286,1.7769582947007772,-0.1796684785687854,-1.1678901619848971,1.265864237365826,0.5438492544752169,0.9712223035984853,-0.12267365597639035,-0.1740500570302641,0.37450328136740485,0.6030020952745107,-1.0986521060140453,0.006297970936322417,1.847158774219862
-NZdxyWGjSHtVrg8Bx23.-NZdy1dNzS--T4CsuQfn.-NbIzHkBuV2ufSx9rHPa,-0.058662310921256955,5.494722773877063,0.9319782152329549,1,-4.127329532458365,0.09115347086921767,60.32664019366085,3.201036012541076,0.9985786558627147,1,0.008781460709267996,-1.6040833666206118,0.9464430036001136,1,3.9695691676882583,0.9287520751850037,-0.6618468132433222,-0.8648246683448066,0.061502769713746124,0.8192027507903864,0.6777089599971469,-0.8541934605526031,-0.3705250293072858,0.19813639217263246,-0.40551758929183257,-0.4990243592705883,0.00838392212331329,1.9711436367708302
-MCBSPoxp9C1N2L2x21G.-MCBSX4dQ_PtI7ks6diO.-MCBSeEaFo9qtztQTKbc,0.08011634804803813,-14.10228749288478,0.7231601387371622,1,10.428293111556613,0.1811596962999909,73.36369277512911,-10.159677496933504,0.9994708093657041,1,-0.003438278350069947,0.6317941420626244,0.9405720511955719,1,-11.137736883834648,2.0392852462862425,1.635187679674825,1.7928168134854117,-0.41628258553785613,1.1356582459868254,-1.8927102419881892,2.5495228966413626,0.07287289574195877,0.0780745121359305,0.4303187643288618,-1.1203691872876522,0.00497763186573044,1.643868666478393
-LxPzAAXRuoplPdr-PRR.-LxPyKw7jx3j1Fa7bodz.-Ly8FMHrXpxS_9hrFFgY,-0.025731294711363484,52.44983013508937,0.2632626275572343,1,-51.33694290353679,0.2120773429438654,83.02241946390797,53.62461731935225,0.9956870598095048,1,-0.009901423609616211,0.8976242974343686,0.3675348647006328,1,51.49769297711506,1.0859529813353592,-2.8585882148042545,8.462558667255253,11.771930032780238,13.57280790923042,1.2936355479084327,0.22152034642459872,-0.7115345967577951,0.3579635599041184,1.5441879520604977,1.5021834676853576,0.003805767959602114,1.4142503825677866
-NLtqd656bqKV-2fza4G.-NLtqm7pvH9QaQQz2ZHQ.-NLtqtAw2NNlPcat4vCs,-0.11600995045211193,11.132031106405393,0.9911449044948709,1,-3.435138495045764,0.25094378000522155,83.82031467886374,1.986833512626808,0.9600398063601195,1,0.040492671722911155,-6.084304366373871,0.8758224143855616,1,6.839618306928182,2.523192238177716,-0.21827130195033534,-1.1051878784150977,-0.7827713363928075,1.013789238294301,1.194375389432391,0.1932338935881357,0.49330387807684994,0.9551642366706076,0.39978913224735624,-0.5600245941144464,0.006175036008304171,1.733469021810571
-Lpb4l4JaXOMbKBkV1QN.-Lpb5-zaezaBKm5FZCiW.-LulXwQr_phk0d6uIEcu,,,,0,-2.1872697390286677,0.11894283929901182,21.17319710577549,3.6246848401849387,0.9986916270992506,1,-0.03808222934325656,3.045171930400087,0.9870051772014483,1,2.6554031802214415,0.5744587979609805,-0.14314439987741392,-1.4101517242774477,0.1699874419236575,0.8409502568457043,0.21884304906387728,-1.3236015794875238,0.012521375240184358,2.061095280040281
-MDTmoLERDe_ShRyv5-Q.-MDTnqntOcKcKiqBwtC1.-MDToPxxY3lXn-5qUhKz,-0.0476019715138003,3.8866405096097045,0.9926651379202351,1,-1.8429561805513248,0.1268413069993622,67.50224611185534,1.4170464474754376,0.9420387109169628,1,0.0019164929824262433,0.021207159270092757,0.11628461323811046,1,2.3155050528338723,0.92432356372162,-0.22480413700147459,-1.1393834013641269,-0.20576169032786779,0.2804635271029888,1.0664904724229747,0.24961772840359275,0.3172959997684539,0.12572099319843388,-2.0557531999763925,4.745236830660974,0.006843199248895395,1.9288581148316948
-M-yPq4VrkfBRRIQn71T.-M-yPyaztnTVeyEmUHNr.-M-yRCW2H3J7cOwOF1sR,-0.10209947957795355,10.003650232538536,0.9992753945443564,1,-4.238441433570043,0.11425487072518781,86.72478095410493,3.2542862186006913,0.9981844277298861,1,0.030609786693371888,-4.932831043689962,0.9337212366759837,1,6.226101981059184,2.2113210230730465,0.05781580473919562,-1.2346571924160608,0.20674557391486612,1.0722639343913198,0.649112972604209,-0.9758801813437206,0.04059193813007402,0.6952791212338459,0.14467239186008898,-1.662137348800046,0.006231722597342394,1.7724363528565406
-LeLiaV_6NrLdFlMbLi_.-LeLiiv6COUB6rvloOYx.-LnHV7jZhRZ_qpDENs3W,0.018467992578749093,-7.125188841082418,0.7237966727056994,1,6.155392920920587,0.06997251997190078,101.67578229079373,-5.87398115523886,0.9994772717088637,1,0.019279691710513247,-2.4828002494146086,0.716828718574614,1,-6.44153742907903,0.4699844983211809,1.3819763231526456,0.66069770109242,-2.984672339051497,1.3559561834646148,0.06363057795475269,-1.3581258252274955,0.650296372529111,0.49962461627755933,-1.304159341931149,0.39137874284145724,0.004063539448917489,1.4450436258247905
-M77E9GmMP_x69tZBC53.-M77FOIJh4okcvlA-yMP.-M89ZG_94DQcWvtjko5s,-0.13071322856001846,17.23635276205887,0.9827198026478117,1,-9122.286443786455,0.022351077416344553,-236.9541616395439,9120.460303310834,0.9993963873437943,1,-0.024395463976259794,3.2902539663412136,0.8492072965862871,1,12.400096771144417,2.855194375869226,-0.3398322415194206,-1.128955727090298,3.3772706968135044,1.660604273882035,0.3858341801626097,-1.0076833073257385,-0.6742943978346453,0.5804214209346709,1.0809831299177637,0.030666582097805595,0.005612756708971329,1.7203487801724657
-LilnSmSyM-6usWD64ZZ.-LilnfIIotZ2luAuWpsh.-NZAD_egjUQW42Kud9N8,-0.05460539270345736,5.384370870682235,0.9743517113056704,1,-0.7863190350156717,0.378416178275826,81.67307616727734,1.0151951057477588,0.6704490433727541,1,-0.013964653180069009,2.0530013664085303,0.286131138171259,1,3.3641351299845605,1.1973592247981506,-0.3834115310069998,-1.1917816161756123,0.34399750726249523,0.2640719720284771,0.8556704646315489,-0.37642185238360604,-0.2112326559291745,0.5835801835968495,0.35066729259453866,-1.2677464043738826,0.00656163957433349,1.9531950714789914
-LjL053LDwz53ECJceWS.-Lo-r9zciba06Hi4D04j.-MmHzaoOP7nMC1SYr_IG,0.006226401466235987,1.3350683949280528,0.5074623365741657,1,-1.909117364017843,0.15050545289352818,72.0474986125164,1.784611724745283,0.996422080519637,1,0.00016873637384174576,0.031049141815113715,0.002304843789386446,1,1.5313039091115281,0.1619126352880162,-0.1513006152094771,-1.4618283692385758,0.2630599535245083,0.4605066416234212,1.0390852610839705,-0.33523929996590685,0.05643126399999206,0.07761533714113651,-0.26565017858142165,-1.3490460855071307,0.0039013749080668227,1.4633471355170145
-LnRUo67yQGOfr1rPlTl.-LnRV1KUjTGqgvA7Sow7.-M6Ywh6nz5Qr7h50NTAP,-0.030417226145338525,0.29105939827207716,0.9990060014134514,1,0.39291882714054704,0.3357422377319994,40.357956810221,-0.030065687039425647,0.7858958167630957,1,-0.011505749057652448,1.2423603862081773,0.9267670496020419,1,0.2400588252965439,0.03434471105640136,0.4349698024208017,-1.2573634860703813,0.07378465345140195,0.16475176488169205,0.36322267296583594,-0.957274007389243,0.18958152126876635,0.2620496287100581,-0.475390377030646,-1.2793160729074573,0.01023202814032128,1.8992061236355007
-MKEgzovhlwqVlTlDq6v.-MKEhvutDuLG3qgzRBKs.-MKEideCx8EJLWGliAuX,-0.17361914377372636,36.44023131023923,0.8183224359527635,1,-75.73654800590356,0.08588609144074258,61.24852962864597,75.87193866091215,0.9990989862497176,1,0.001935330333409202,-0.5273162505922606,0.05144799131112854,1,30.016343099678657,4.154311332598288,-1.1694998735092548,0.2322507960526723,4.959140241452972,4.881212969211885,1.144177602230404,0.146191744403386,-0.2127614453573415,0.18741366863950354,0.430551152078908,-1.010579331113684,0.004318798305673484,1.5090906702228246
-NGpOzLifMjWDisormtf.-NV3Ov5y8p2sB27z094x.-NdZJv1UlcXNPEmfnYWY,0.03201182550450088,1.8268783341795183,0.9545022160120953,1,,,,,,0,-0.029649937851848624,3.8772292845665506,0.8293004598365495,1,2.7875870043911224,0.5768252458001593,-0.42061000635729223,-1.290688630303464,2.346361959317803,0.640812364647517,-0.06559907291437207,-1.074428244448051,-0.5262009853638241,0.7146864397549867,0.8336849531215349,-0.6455823539397612,0.0036751827188923523,1.3161569872525205
-LhKVtvaBGb1puFWOmgR.-LhKW39s7wkxN44JF0MW.-Lu1vzmlY418aDyLo9BE,-0.0788156286285977,7.41960102986116,0.9351499447122055,1,-2.155763588757013,0.22745457357190718,61.75767238018279,2.84492169909235,0.9914438879237198,1,-0.010839651997986876,2.135243516558401,0.9070773658956923,1,5.2910155984896425,1.2931463443067992,-0.6047727139636282,-1.0086323666903534,1.035293815667623,0.5347375106251719,1.448999231854838,0.790403586055644,0.5905760675882091,0.2496993195699166,-0.6491250620272447,-0.9304096739329868,0.00567162076621109,1.674188073736063
-MnUyzYtLD3AMeiieTx4.-MnUzVImGGnUlKG-RNHE.-MrRN9ktpC3cSGy-zEA7,-0.00428237749741367,0.26088263765749287,0.7082558331147124,1,-0.0678929318468316,1.3140898459468588,56.666190236521224,0.29718400941564266,0.4394070702015358,1,-0.0031663187772517087,0.31490676331493406,0.6527714299482852,1,0.20985113171184497,0.03944976447944709,0.32728510680941975,-0.987098500068329,0.2749391706473624,0.046819184937774344,0.0636885198937003,-1.3771599094047464,-0.038176938977458795,0.0863500761205633,1.1925303206419988,0.06297542846295956,0.00883678938139547,1.63372316419425
-MZRqkKGx6CZllvdMAjs.-MZRqmsczNqUk4DCLkJp.-M_tgftIMUts-M2rVAud,-0.12261632336516669,19.04139923800083,0.9948441018893167,1,-19.437566925796474,0.0726455703035775,77.98357176778713,18.261153115566618,0.9992501471564759,1,0.02879393070305591,-4.760605189623476,0.8918379034387044,1,14.505034466943652,2.6621864156360084,-0.0024770408103021997,-1.1477070254758825,3.073021857860795,3.069401376341926,0.6243428060038805,-0.906866156325024,-0.08148370877277007,0.6689928610067196,0.12663008962073016,-1.708529331889571,0.004612876188353966,1.5192737603241808
-MCkDtWL0R0OW2mO25Wh.-MPmqt2DeYth7WEKSKIM.-MdVvhPbj8UTcreT-NoQ,-0.0062675072811230895,4.130482328871211,0.6020639308857665,1,-5.406801296593117,0.03623545435246026,122.5107787083348,4.224229961793915,0.999839134448814,1,-0.03730152437116829,5.845495421528777,0.9713909446597858,1,3.8987805806556306,0.17465933507200737,-1.03123729423211,0.01260470059546881,2.5285899860734515,0.5863153051553291,-0.2281424773585385,-1.1890528764186317,-0.21610336488396467,0.8307785223474885,0.37812400268611385,-1.1960013612537606,0.0038860361211048655,1.4214811053492649
-NjlG-hhVfMXMtjlyBM5.-NjlG6Rpe0YHNyOZ4daN.-NjlGGos01GYdA4ChRb9,-0.05742127455569679,2.942178582735803,0.9880463666663469,1,1.3977563457463713,0.1900974590585563,111.51825545059964,-1.24957052700251,0.993676217507552,1,-0.007360778626962925,1.268982535160827,0.8366248563150426,1,0.8181419175028422,1.2512605949755466,0.29059031736631247,-1.016128220297224,-0.8751699156723735,0.44184427089465345,0.8580644626190564,-0.7715662734765587,0.07304720635905984,0.1769434699073452,0.40619764129944663,-1.2218886065287493,0.017083141193081925,2.5201082587483903
-M2gsMSjgBDeZhPiRGCs.-M2gvlsMeunFdl3nlgzR.-M5zhxqSR0SjFZPtdBtn,0.00476979297898239,-9.410013673753843,0.7675509574272938,1,9.748509128275472,0.08213595449607645,96.98384682835663,-10.469447530750136,0.9963625791138274,1,0.04202092985904044,-6.115414039444296,0.8877225927923884,1,-9.233568772939233,0.11819870442475956,0.7071602661485987,1.4701572060797474,-5.216656521297799,2.4155454834946157,-0.0946472957968238,-1.3874412465251051,0.7141931705807076,0.9799220519039583,-0.7833283738502754,-0.7392994032776308,0.0037194548291396763,1.3611758473950073
-LjKgGdkHaVkuMmXP8yX.-LjKgXdD6n5H2CeRnnY6.-LlFxznXQlkZhwJx21SA,-0.07914469228034018,11.028251646184058,0.9505937384701659,1,-8.286847840627498,0.054898486410379435,73.23771017285746,8.85792217602088,0.999893907899433,1,-0.02061135781809642,3.378159108827141,0.9736801431102697,1,8.100003030430617,1.7570723232500387,-0.4976825369923866,-1.1384883651062605,2.384718809487831,1.0394381285564682,0.4924252715541674,-1.01584707753974,0.029079464466994803,0.4581374467940485,0.416610606001066,-0.8327814992275582,0.004751224287319564,1.5787472925027435
-Lv9hh-a4QVyzCd8GNgW.-Lv9hkjUsctU0WHEm7gD.-LvP5jkCAV_EmXugvRhV,0.006039115761311886,3.7163623124166634,0.00970592097666867,1,-2.386699754106994,0.21340920260441004,77.20833127874121,2.0113281997924664,0.9501403055229684,1,0.0023756656833247014,-0.14012569762556892,0.1781821732142468,1,3.9401473144820565,1.3264353993482538,-0.3634305529094446,-1.1656370638277755,-0.14722511284081916,0.39905857560507196,1.6277013792174173,1.9200031314762986,0.2462577687062148,0.12281439715342943,-1.1441381192719695,0.3374255431640232,0.0032063414239335794,1.4672098617282345
-LrJ0yu2MQVIC9mmVQU5.-LrJ1-9N8CU-8pcr3S2o.-NbDzgRIrPIAnFz-2ZEs,0.032062667027663826,0.9611078497828163,0.7882713686845418,1,-2181.5514118502333,0.015625508986001197,-375.18897316596383,2181.9693271892907,0.9969302659366734,1,-0.02205335452085011,4.391716040572588,0.6461525709127258,1,2.0993732001365353,0.7503570849753949,-0.923102801137068,-0.5664233528176261,1.825772850122006,0.31643396292268117,0.2812025493864332,-0.9850836015277853,0.8734005066925995,0.6160850304563763,-1.8472152010712395,2.68235228170606,0.0015109736877660564,0.74823952418021
-Mqx8Ysk77qLkwt2-z5c.-Mqx8cYtQyXScNxqin6J.-Mqx8jYFIsf90k6Pt4nt,-0.03237208922749879,-0.8010123650308718,0.9626517320118662,1,715.8083454216209,0.00603176539017611,-614.4744633534335,-707.4583658141975,0.8183755345415923,1,0.0026963538176802255,-0.7171633980848404,0.13413232753852888,1,-1.9985732307756578,0.7146225865474399,0.41593008225119504,-1.202522632156463,-1.1954308644288565,0.9340226785011646,0.2541568645580768,-0.9142671246331204,-0.2861363943711468,0.18377033650995278,-0.8094040076553989,0.4641603527974061,0.00269656386172493,1.1483581228636788
-MCG3kcUPYzFRZxsa1wV.-MCG2RRLp6z6EUK3FWs-.-MCG2no-vy36SKsVzxTx,-0.06234154318557206,11.472295548832895,0.9148125658602481,1,-7922.504223532928,0.013603526098397907,-422.8018520785842,7919.271014043612,0.9998048428757208,1,-0.0295530276407745,4.622164833311674,0.9044108744731015,1,9.165880922318973,1.4109553568448523,-0.7250053728006851,-0.748600162693509,3.3901481669185607,1.2942877350245212,0.2344537017664516,-1.1093770290289227,-0.18029970182496907,0.6821073300886719,0.7037683053740241,-0.8508414918988016,0.004223250711595149,1.4874927187991454
-MT-fuAMSOtqOYpbrBt0.-MT-ivaRbI9JRvYR1-_-.-MV_aqXecDe984wluCY-,-0.1618216079553143,21.12083474055015,0.9634560397969366,1,-17.052958462090675,0.09716247160858947,58.49859932016575,16.30629820983035,0.9994685664059637,1,-0.002074538452681434,-0.006184318005007959,0.9217342964904892,1,17.319495252658864,2.28684151213822,-0.5128009850925284,-0.7510356889431615,3.962593284048504,3.8598438750837047,0.6040178416572237,-1.0022130404795178,-0.2874694976011696,0.0475380962690164,-0.07991678557224344,-0.7819853734595572,0.00680726605642292,1.7965425051665787
-MXkZOFtaGi0Oesd-ecm.-MYiEyh2ovPXelBZiom_.-MYiF2OhYwdwE-ZVL6zG,-0.03490806775575628,4.634273457958327,0.9878214057728263,1,-3602.44594023703,0.02498620125254392,422.85724933423097,2.664261849482451,0.9977263754373062,1,-0.012493136655980841,1.823799994815019,0.824740048085736,1,3.342777031813792,0.7613199655409905,0.19287125629290555,-1.305194037932071,1.4750440635397968,0.4242067749370348,-0.41138595763654984,-1.0079738909396143,-0.20665422951963716,0.30169419017669735,1.108402622281946,-0.015198946860373042,0.005545796371433576,1.6970925121521327
-LpXXt4qUPxKfFR6w-St.-LpXXxjXMHMbHsUNG3OC.-Lr7yaZM4ytybvptcnl8,-0.009095918584117513,-1.4819243091110428,0.6651309176577718,1,532.9806150562075,0.0027382478681443534,1597.5367822566268,-10.202131298303218,0.995304036260171,1,0.020136837860240037,-3.0074186934959535,0.6596447760380884,1,-1.8184906386785924,0.2412408880535272,1.6584781207132009,2.4228305696419445,-1.5239360329231144,0.33852032352149164,0.04892276330657452,-1.1557081408911027,0.26473435276668694,0.5462192228983502,-0.48893435546828895,-1.059432077105563,0.00274516560532481,1.2933373798719354
-NH44iQMs9g_9-63iJgm.-NH44xW2DdfHpYlVFOsr.-NPWRWLRx5flYK9ucBWQ,-0.04066103527005226,3.155504644925486,0.9990510398786634,1,-3.5442370747890832,0.04467101800319812,76.01204197311428,2.377758892201096,0.9994812783659139,1,-0.017253486472115886,1.5525062407383112,0.7340154289892734,1,2.6062876037764355,0.3281206954750892,0.01724562010658369,-1.2784418229118617,1.3959161539495277,0.43398012069483394,-0.3309479867661017,-1.1397671594313834,-0.44012376956546445,0.4425565407205566,0.8169875215080983,-0.7706879966366094,0.010622623631376336,2.09919568014024
-N5-WXiGRj_zYFF83JBk.-N7Fheo8L0afkSUeY-mz.-N7Fhl1ctI1pLdLF33Bh,-0.03152812756180423,-1.19771105941695,0.9869057387309257,1,3.0954197520009443,0.16204658888553472,95.41449023005075,-3.332334268620732,0.9995980915382391,1,0.008995633056274287,-1.4237838879843028,0.9186674629808957,1,-2.364391739691979,0.6871860743422109,0.15696847930262642,-1.3556943846339913,-1.5408526114609922,1.0965612537132565,-0.26554943562634337,-1.5502754379545876,0.038243335085535055,0.20619416900623055,0.24270384973460202,-1.5917353640800052,0.0022765730992298514,1.1586087518364223
-LpgHNP8uWIJuwB74dfp.-LpgHRFa4OU641lreJC1.-LpgHiy5FNPGCV5nDuXq,0.09569245213535404,-10.012589599739192,0.9981348296027274,1,5.558150885426472,0.057517341020802616,82.0993643016063,-5.0517038429506185,0.9997836879976877,1,0.007899979052509054,-0.7495925922943973,0.7015841947785448,1,-6.4714195165712844,2.073226630233212,-0.05494035299447889,-1.2312822943986286,-1.1394916981580456,0.8814559496423875,-0.3703099359903402,-1.1407653102538966,0.5339772368836083,0.20779026766913963,-0.8805823690699368,-0.37226355983036186,0.00714013366902025,1.9748235127587872
-Lo-wDjPQe8tzw4gGTRW.-Lo-wMOOPlei7uLc-z8S.-Lo-wcaxPmcRqMASJnCf,0.058057564026426235,-3.9082778034722794,0.975562650891908,1,-0.07949980746673285,1.3908910066025038,98.16351023250297,0.5000338864265279,0.5258876045818177,1,-0.008184395264722921,1.3254881069054738,0.9767983242410406,1,-1.760923298079532,1.2738859492176449,0.3142824846833765,-1.324424399005435,0.4581056270786028,0.054490401351524505,-0.5624268178182634,-0.2575305792849192,-0.004417185592571628,0.18175856959770273,0.2391350550057706,-0.9768160132164154,0.008801778045121007,2.1273554686395104
-MDTmoLERDe_ShRyv5-Q.-MDTnkzPE-P-IPyrNe5d.-MDTpA7YdA6ksr1WIM5K,0.00621181970909912,3.4592883428462726,0.6924729153028703,1,-3.337284338690054,0.08806898380928876,96.65230697550508,4.11953737337595,0.9954973228183944,1,-0.02161968665213214,3.4183006835750644,0.9656409213954609,1,3.6891676532557227,0.1618811198594853,-0.6244220599249773,-0.9896351710377367,2.2991149830633977,0.8661856658311664,0.11120697519104557,-1.4141935391038847,-0.0949955261114385,0.48240377248655714,0.47611287949278225,-0.9788317118465861,0.0030540195850485537,1.2247969722576135
-NZdxyWGjSHtVrg8Bx23.-NZdy1dNzS--T4CsuQfn.-NbxASjoIFgTdGVOeW9K,-0.05388959545739569,0.17874117055135208,0.9944874512020079,1,2.0830436523729707,0.2484786809063409,102.91430364499195,-3.3016266148726316,0.9387372784009793,1,0.0003579987410273766,-0.19373621684862985,0.00038342180798311976,1,-1.4385346557465553,0.9508050364176593,0.012105448171581209,-1.4006835086057092,-2.9621012001442266,0.5544314922192694,1.2845320165002119,0.6012513889307449,-0.14060963202125767,0.4010593136347741,-0.9248063442761565,-0.02073439947318212,0.0021056930260977304,1.1162155381425476
-Liq_w4K5UDKsni46WKd.-MIJ9YxhIJhizHAqd-nT.-MIJ9jMNuJlxM4rn3RYa,-0.003880424469595356,0.904668117400387,0.325860511358398,1,-0.8471899862047266,0.32004942587700663,113.99939080412798,1.0643645830535773,0.8904974716253419,1,0.006510502613193525,-1.1052429843302218,0.49614383925417005,1,0.7617128125980308,0.15097390056257315,0.5297523175359231,-0.4911381249971458,0.8838991535868694,0.29546883252256023,-0.9433722528488613,-0.3145316175849753,-0.046669732232456386,0.20513674065602677,-0.3256135141520782,-1.0623521131429114,0.0037191612373770376,1.4573913831928864
-Lc_d-g4yyU44NLZYjLv.-Lc_dR6iUjsYfyL3NJc5.-LvKm1mKRZpcvqy3AzDH,-0.06969446837943871,9.568841813095622,0.9816774539119233,1,-11.767291013133024,0.04673816385632538,54.408342276986,11.34305745899375,0.9998267973442644,1,-0.02125501935572488,2.2297111559066454,0.6745863289435536,1,7.65232222533665,1.1370403559338904,-0.358214564256029,-1.021522407441299,2.4966345336760516,1.3974850946360304,0.3830159033571377,-1.1061997271353337,-0.8202246881698748,0.5679946565243885,0.8211241845741285,-0.5293595055696811,0.006720066558254183,1.8322754530208851
-MlncCIzfvXlSdE6UGOX.-MlncJ6aZgLuy5QVF6mv.-Mo2oTD0Ng-kFs4BJegj,-0.13842413650284446,19.88460576250584,0.8865761403343942,1,-21.745626604071134,0.08035996874271996,65.97142305199765,21.64724899446652,0.9996237169186927,1,-0.004878990876027588,0.568440446448691,0.7453403275998054,1,14.763104029145685,3.182899056994547,-0.8679457066677587,-0.503315883719377,2.0607032603113065,1.980382535087834,0.9857281150896842,-0.23081270704494727,-0.22403671384498267,0.12488198548978317,0.5636086552960585,-0.6929922133440827,0.004895110861312693,1.6322474070184851
-MsEbiGjx7SGAQ4x_uhj.-MsEbuovMjA99Z_1HoRL.-MyCEn60q1Ux88X1fRnP,0.02640596862671829,-8.984475419229776,0.9969230675695925,1,8.259279964135867,0.10658188816610252,108.11632680950426,-7.092741662639432,0.9989219351149385,1,0.004785849173433124,0.45156964575530123,0.04980300092384149,1,-8.007729424126813,0.5726748918056703,-0.10955751582920138,-1.064401580058988,-4.179723467107752,2.2413428518264586,0.41564765004946236,-1.2853225282250182,1.2288404892988283,0.47243654673221774,-0.6877505553580805,0.16301772420226435,0.004314540978361478,1.4764190425665107
-Lpb4l4JaXOMbKBkV1QN.-Lpb5-zaezaBKm5FZCiW.-M5zwLKrTRbLfvpYwTjL,-0.14916879434983396,13.398708148612204,0.9774885511243342,1,-10069.884575497625,0.024605297354575333,-249.5444992422395,10068.521457563244,0.9997125183828703,1,-0.027253908636963656,2.7629428518534853,0.6678834169832548,1,10.788780083343958,1.568232904767588,-0.37012622517608196,-1.11152020669363,3.8453095305511193,1.8253693096216053,0.4222821318766411,-0.9897385986579366,-0.6032520315353213,0.7320939950094529,0.9246899457783316,-0.3684126559122758,0.00858704917790421,1.9891724375958928
-M2gsMSjgBDeZhPiRGCs.-M2gvlsMeunFdl3nlgzR.-MN7fHAlgTAxaJu5cFGa,-0.10350703276605078,5.673634162906176,0.9720279083174989,1,1.5299022436553504,0.312312238764142,116.17772488321982,-3.742010399715696,0.6501209538509287,1,0.04509862827252087,-6.110808751369422,0.4172651211383882,1,1.843759431139033,2.2725496393570883,-0.4304817159701378,-1.0739512341597315,-3.48036154761381,0.5440565349186045,0.6013599040844644,-0.7709210198131147,1.2166834068714387,1.5333307078850291,-0.3889395853071839,-0.4936607133587745,0.007586079238228719,1.0023232133209965
-LhFWo4psMxNltfNkt3V.-LhFWuDai6yRoxydHy4g.-LsLLSWVCi6B1z3il-f6,-0.035824020876189015,-0.22243103050762664,0.9712698302817768,1,3.916566724973143,0.060038566928771075,113.17937760457534,-2.8144666740465807,0.9970335235790531,1,0.0019605096970892965,0.06891072556412078,0.03623043057745512,1,-1.5482597452257978,0.7867493167582225,0.23763738564477632,-1.429727745174936,-1.5146004833562414,0.6848755313190392,0.3104099822206478,-1.2271456402447078,0.3876096762506598,0.22608722510283333,-0.7832002674806272,-0.3671155340771741,0.0025207716753114294,1.0521456300629661
-LhKVtvaBGb1puFWOmgR.-LhKW39s7wkxN44JF0MW.-MNb_UQ4OQJuWN7HKfRu,-0.28989125402875304,27.39363818771064,0.9765222247327888,1,-46.72307273365683,0.04955003690721193,29.186836565545843,46.928349782421535,0.999747485732445,1,-0.01794052141209075,2.5354071517107926,0.8054514117181741,1,19.27681050951837,4.826595692561817,-0.4004682731500702,-1.0892081174197854,4.134323964509431,2.4376057929815502,0.6780080382297489,-0.7369368675760133,-0.05693955338113541,0.43883316843872855,1.0657873099554067,-0.08756159603291458,0.006741650176127154,1.8509390493443776
-NgSkuH-Z83tAu_BdqfE.-NgSl0a77ZcLbIq-IdAw.-NgSmcAoFiJPLyhTCFzB,0.01121390741195638,2.503908828168744,0.8319061435439636,1,-11.607533289039356,0.023379663383974538,106.72413087884381,4.211423951546664,0.9983021764033739,1,-0.01663667895554648,1.4870593539901358,0.8961132825704735,1,2.6336200505167575,0.08507231310362016,-0.3622283777250048,-1.615769494455535,1.7805889132621044,0.6391897535093369,-0.22737249703498455,-1.1478347800265052,-0.3679435925930795,0.38540270639295643,0.8460054994186881,-0.4997618516390312,0.008105054938489576,1.7908274314080597
-M23LNtRRjvSdNAtBXw_.-M23LcUphqrfh5KQ94Pg.-M23Nn5RfJUvqt4PBAJf,0.009998539881578505,-12.139158882634616,0.20330950916009383,1,51.313333031298576,0.021195637864530898,50.806682948804365,-42.39010248683923,0.9981296041806466,1,-0.0038467458355149198,1.1533131710651194,0.3101124534612575,1,-11.769029847667737,0.4805477488070709,1.4895798945318761,1.5964857940016657,-4.774361596081894,3.032480425574497,-0.16853504643503855,-1.182700037226068,0.5294050380502303,0.17111530434656408,0.9159267753204033,0.33319657160604876,0.0032642781047736357,1.273200543205352
-LkStkgOz4aCQplRjDVI.-LkSu-v9GyFDvJPWbbAu.-LvjQY43uj5tmCAw-hHj,0.04278407451626508,-5.368939381511308,0.9969750069187469,1,8.738657977292847,0.02434204885173512,156.5186956217055,-3.255111541506981,0.9982345852772113,1,0.014118354604360395,-1.8053707874554914,0.6219613692705084,1,-3.78613458886463,0.9276358074982626,-0.06143143695192914,-1.3136268125394708,-1.4586268980299966,0.4936226563547641,0.24559493863881934,-1.1554527843315452,0.4889759836207136,0.39280453334597937,-1.1412074849585783,-0.015105638064046634,0.006298970836534083,1.8491775203158214
-NWl0jWJFTZ10mK2RPVt.-NWl0qiTmLgUOAwJbfny.-NWl7t_R7z7c0LAmtGU9,-0.13898755368800209,8.164597845900534,0.9833486362008846,1,2.072082938613977,0.16099057810130954,93.77744189143476,-0.9891329325612405,0.9984458191240061,1,-0.016193001838449465,2.7096502743202855,0.8754389453401001,1,3.022639795810836,3.035144836905424,0.18466931325853053,-1.360267280329526,0.27463982070638343,0.7185337629591713,-0.36868283684213615,-1.4529252453752592,0.07794869264459758,0.37973414210898576,0.8843263294608084,-0.5722267520972286,0.013546114209196679,2.666939040132487
-Mpu5yCb1WZyswg2eF4e.-Mpu6TNW3n26b23UYkK5.-MrR6QV4LcgFu2OASpdt,0.0277003294054006,-1.4355068109784541,0.9938523454243692,1,0.7634500349889508,0.08573661789196657,73.27526898849766,-0.3956395702719138,0.9926805978066264,1,-0.004189372994841456,0.5996918601642098,0.8683860377809443,1,-0.8814902900958377,0.32916683117158446,-0.022535448413486165,-1.3663644192646234,-0.10660142959678237,0.18570017141635486,0.28616601243392464,-1.3045219145363545,0.06125757623641301,0.099170499044335,-0.8708547761608668,-0.5299205967671718,0.010944653899265197,2.196681680036295
-LhFWo4psMxNltfNkt3V.-LhFWuDai6yRoxydHy4g.-LrmGlAPqR0tbyUdKLyo,0.028481856069014506,-3.7837575052782917,0.9985074689738109,1,2.705859125104065,0.09560276862098828,93.17424865326959,-1.96557379616053,0.9995410152386307,1,-0.01994450228414113,3.35112077108571,0.9847993304681787,1,-2.7298276194440416,0.6169101821863981,0.0063170403248077305,-1.1076609657332714,-0.3307400293895374,0.7153869281898658,-0.2747501666516969,-1.361080438183855,0.11020843434211747,0.4414421266775615,-0.19266857615558694,-1.3812969568092215,0.004721084969609904,1.495526710416588
-LceKoJLHb8IoImrI10u.-Lq_T4LSBS-6gUdajamQ.-LsuOaBQRXJ3Y0_f_CTu,-0.057282376108811706,7.365123408622859,0.9977018789272768,1,-3.337160607109322,0.08519927637508543,94.376918231039,3.5674290320759527,0.9995935441578083,1,-0.006877936185696543,1.067392024411187,0.8863598135378986,1,5.245736036837119,1.240870422273618,0.0886570267498584,-1.1418381412252794,1.6309231807160147,0.8305190347251769,0.19366341336459714,-1.3705131159200283,-0.050460944764906555,0.16030273717294263,0.9738891536036165,0.346855574530204,0.005361159471197759,1.643492961016847
-Mi_w1gto2BtGo1yFXa_.-Mi_wVTIy6LAxxjzRhOb.-Mi_wavff4rxyxcP3XnM,-0.08428947726681546,14.065515343469627,0.7360317348524166,1,-8.732699879420124,0.1595513805704668,75.47602318441177,8.461598768110715,0.9971786302104477,1,0.0018769733994412618,0.0044597268177323235,0.05975241656938335,1,10.94666865761754,2.126887958016476,-1.4428875415102425,1.0014059552525785,0.575509744154908,1.23815708589474,1.5764174238576263,1.3667677671857072,0.3094775371486824,0.16865583513912513,-0.7603753804813694,-0.36574546622506654,0.0046555395545171,1.5945543355524578
-LoP7_n5ROEawdOTAeDN.-LoP7y1mZ9A1bOMfEnJ1.-MdQuWXSn-t75zoABTx4,0.0632965605078101,-4.713601342689084,0.9925536113663007,1,5.1980137793572,0.06651225767538133,45.73363508369974,-4.193925976689984,0.9969182311904936,1,-0.008585167938245819,1.8632423551946768,0.4934111768157451,1,-3.76388075155886,0.5677750942058606,0.17073712285147669,-1.3137766319260253,-0.9162211009439116,1.0334504381883511,-0.2618709300911569,-1.2741846003593047,0.8459104789767379,0.268318978725603,-0.6885917980325014,-0.6826026899882085,0.012160371591097782,1.9702923061501483
-N12ztQ1CjdoxS8yF7au.-N1IiknvHn91byFbDwyO.-N53xIAi8xbmXdtRqdYj,-0.12268866953786772,13.573352543770305,0.9959332122511831,1,-6.878873462029933,0.08112745747832754,87.65905042311056,6.206916355858623,0.9998880402361259,1,0.006419622126581204,-0.893875800464085,0.06625752530938367,1,9.03375655655783,2.661418668123711,-0.11229303706667126,-1.3112923831454444,1.5561275481004546,1.497340684482801,0.4168406545845821,-1.1904283563704094,0.14958206491333847,0.5519119560148104,0.6302910835803865,-1.1632781777624577,0.005793306054962814,1.7410147721214806
-MpAnRz-p_1u1zHKeCf9.-MpAng5mLDd6JPQVWhCU.-MtN8o4sEHsyaIsCJQEz,0.011198944774009512,-1.1115771275924948,0.7974867258252505,1,0.8466503986426027,0.17631837741727666,77.37807493468301,-0.44088625201057696,0.9731854121713152,1,-0.01940028498733156,2.521695697330897,0.787979919175203,1,-0.9173647170745206,0.1338200489233841,-0.062225971413550435,0.6934913716273257,-0.2829250974424537,0.20978573336744868,1.090329822385127,-0.05650648334774555,0.12563143801531948,0.48174241446012783,0.007778262189744892,-1.5399953230880081,0.007382757473379254,1.482269972698068
-Lilua2XE74Z18rgZNVN.-Liluj98v9mvUJFCihVY.-LuCgozZc39_JUB9jds-,-0.00901030182021012,-1.686087317348968,0.5743603571652569,1,2.268912474442542,0.0966062221700401,24.48499835201403,-2.082104873773919,0.9994684638855438,1,-0.0015030724149098784,0.2137701315674757,0.6926887726130044,1,-1.7187162454518554,0.03423624526766009,1.0031616869039273,-0.6768754786716382,-0.612582193500241,0.5797776696858052,-0.3981410776300421,-1.2469250569572554,0.06863455197903334,0.040365277450643874,0.641906205302632,-0.5864228734191608,0.013268028416223938,2.3224681115755534
-LrIRVq3IK3HG10yEBuK.-LrISdQltvo9B1C3m_ci.-M923ETBu0kCqehzwTP0,0.32549715861708317,-16.41765204860462,0.9908558566307798,1,73.46574439934201,0.07196884404510556,8.319514009712003,-70.50218477993327,0.9983552126142317,1,-0.07670732294651139,10.944995562180893,0.9559167062918813,1,-9.425402010473142,4.168613601427203,-0.16971224335673862,-0.8878862730118291,1.4455912543571126,1.4077855522261669,-1.0982144888774472,0.11199167547658284,0.8576881355033708,1.7216810756975989,-0.3140593314474469,-1.4832129504330074,0.013845293539874329,2.1867844506322824
-LiMfnjpZAneTtCKR2v-.-LkYF607-0igwXk8JKJx.-LkYFQLLnaTRXZIABaa1,0.12809328279812562,-14.02314662359281,0.9969543691180466,1,5.823874509035572,0.11443757178894816,85.21714322305144,-5.473340906901195,0.9996036181759322,1,-0.01544873405246383,2.408227859916126,0.9803445247298384,1,-9.284259159621852,2.7778945114856555,0.13933305937179633,-1.1674524295068707,-1.1478198493942442,1.401671837663592,-0.72597275098835,-0.8799523753084069,-0.1023856483738367,0.34232597660622144,0.08352503845803676,-1.4371779671322233,0.005712065326271766,1.7250308058362318
-LimCEPj4cm8u6UaR3tY.-Lq5kl7IDH9h8Q9cfZx7.-Mr1l36M1Xq_w7aJXrP5,-0.013355253988503124,0.5392520655784739,0.9182032007984458,1,0.207035078249733,0.33780466267480236,87.46602636918715,-0.050073857075061255,0.6520520700109051,1,-0.004699193328210338,0.708347322780718,0.9043919481793138,1,0.25886403805450614,0.17323959507484799,0.3361416824321586,-1.6114712755002873,-0.027103224222268657,0.05757056379035249,0.8740419471417733,0.5290018823521683,0.0949882872068519,0.10856687669985525,0.007866821463370918,-1.564831625387061,0.014499494875761996,2.4653857583243193
-NJErXKLwkd1nbg1WAvd.-NJErcSu-bZzgcub_6av.-NaGY_u9m0Tg92THYpqk,-0.035414813710522575,7.023567356468456,0.8415206137996173,1,-4.783011309454713,0.09596649380871095,84.19465367587162,4.814134908620869,0.9987630415953518,1,-0.022851954951535802,3.8949854892935525,0.537127120226578,1,5.71323012999485,0.835602763218107,-1.0586332299931702,-0.08867519594044193,1.2690677528236558,1.0336756659009891,0.6452533132401075,-0.9270093444827943,0.1815175065376985,0.6849735182613205,-0.7655157543944389,-0.7462176224790942,0.004927955156031199,1.6139139446336497
-LfT9PcuzeyBN4p2B5D_.-LfT9ZUhyem8y37kNU5a.-MBcnw-k3smtIGqY0vMZ,-0.20625616027264138,37.569413329171496,0.8840906029403626,1,-22.54042709907629,0.11022712560403805,82.7219608852534,25.17092035710054,0.9986678627347119,1,-0.04885256375769398,8.153603770411419,0.9887607192256311,1,29.93800954678325,4.749149946189871,-0.9011806584965149,-0.45966009946137687,7.683641807966877,4.863357093421222,0.8143620801599027,-0.7135940303838821,0.2151953104476815,1.0780368981393202,0.2884270224936805,-1.054053893678058,0.004307109716107899,1.4960363209821315
-LrT9vjWuzEgjD6FlMrs.-MwzoWCQEr3hdVDoxl8b.-MwzoYynWf8GJCrMJzor,-0.07523101955045676,6.043088720863024,0.9984142999614053,1,-0.8923663860218413,0.2794100323873539,79.97801018475029,0.6713390784536676,0.8783474841823842,1,0.00241339242671601,-0.005653503431712226,0.10333909595388002,1,3.2967256278901975,1.6081432479680928,-0.03708187417940283,-1.2176423039468223,-0.0954025106327445,0.23276476692904494,1.2711117942889152,0.8271645890817072,0.3839466642536871,0.1652416535351419,-0.518005415734791,-0.8999576687086743,0.007757826031416306,2.0296648473225063
-LrEOj4rqH7ZBpA0UNkj.-LrEOytkjv0CyFTCOSXH.-Lt-__oxF4Cv34jTLD8Y,-0.04866895599499643,1.3591741224466807,0.9035641385937832,1,2.620842752431527,0.3719936392556775,94.68739764335332,-3.215467488201577,0.9613221113602283,1,0.005288480447649574,-0.46700932828429315,0.06327941576735818,1,-0.44129815647719683,1.1090887842624806,-0.6210641188170272,-0.9975371002160673,-1.6529775357715628,1.1735897287635295,-0.3992709824005996,-1.5774739316591198,0.38896127435427263,0.5031808115847192,0.4211192078354491,-0.6925365517369162,0.009204430803325152,1.9911514052452441
-Lt47WbLeFz0Frdnf7qM.-Lt47aFOlKM6fxX6e0QG.-MA5t0DLwiSuEdpyUvp8,-0.03520321163710971,0.9179901676225152,0.9435785288138464,1,0.13687463891633198,0.463410893688123,41.533261572254865,0.40460414120660854,0.6178300069683407,1,-0.010753454764568904,1.3450677691928705,0.9322776126067318,1,0.7567103906714564,0.09454140028810067,0.8310890949124247,0.0020568213845999495,0.4532825769565474,0.07525083806786635,-0.005055811086943778,-1.504462536418864,0.29666173138198654,0.24456468297924036,-0.4438621195245651,-1.3481242472977086,0.005894890859642065,1.100959953057999
-LhZ7r-p4msytop_Vgt9.-LhZ8BI0riAuNBl6dbPn.-LuHHuqVQyOW35__bUYZ,0.16593348086814053,-11.391452608658046,0.9891414276670033,1,10.284253479883048,0.14809925007285304,32.409180420003466,-9.17747720362864,0.9996495404753684,1,-0.02813333415071817,2.902865799196316,0.9568655734898116,1,-9.567846724268186,1.107440911118508,0.27365703482108145,-1.0581113267511353,-1.215719407733165,2.6300605454102817,-0.9533637445835745,-0.5164723170105816,-0.20569305547986758,0.6314663571034448,0.40108728309308367,-1.2858604879791269,0.011245967893930996,2.207704405746317
-N4RG48iBIzVT6ueJT45.-N4RG8oDFXQHKf1qGVaK.-N4RGIxbUORW0A491BkD,-0.032434881284990835,6.707573395647942,0.7143953407074047,1,-4.854140329566045,0.14074779535732024,82.77645171424565,4.168661403397153,0.9994964167188569,1,0.015304802945104612,-2.4508363503570005,0.7768880794994787,1,5.507588106533594,0.8305629684533052,-1.3352989238656934,0.6058136143787709,0.3031337939691751,1.1309357183315314,1.0155950226334567,-0.3452277680037401,0.03659621871596642,0.38139315444642585,-0.4834484104677329,-1.0696701379632352,0.0042946927332207585,1.4945069636646988
-LuX9kwmV6pnBd40J7DJ.-LuX9pRPFAsi475WiqOL.-MYOZpbNIgVTkwk_BJQo,-0.007499000708590886,0.7835905183567331,0.688719920435217,1,0.33499290887103844,0.3489367250463201,45.69600677863049,0.42662079919657964,0.9052497633292147,1,-0.022954851953107536,2.3139088299308277,0.9543612779612205,1,0.7178115238727476,0.04649856921157688,0.9538563741790768,0.8259015758185764,0.5787529234518591,0.15473126680964946,-0.07574874670690354,-1.4905837709315541,-0.1307611610558829,0.515264719823396,0.41690723834823956,-1.3105019937697229,0.013490122980341229,2.2627624038212972
-NhBED-g-u9qLNqDRW5I.-NhBEKM13r3i-35vcz6Y.-Nj71knAznF6APJorjKy,-0.15636379668534328,17.93644045324263,0.9973200960821275,1,-8.418139748336102,0.08265188850191782,74.99456377253435,10.009045751748198,0.9963150210466332,1,0.05840090734706981,-9.623136603576151,0.2482985615775185,1,12.38550463231171,3.254345806969325,-0.1382377739740244,-1.1804299513029197,3.274007843021029,1.3811830825696234,0.719144136165949,-0.7668527943909522,-0.3072935493238525,2.5723109501694,-0.10636274754965318,-1.324106931905699,0.0045910744452013165,1.5544756791341323
-LhtgDx5KeVU6cU3K9Dh.-LzfdBx2b-FaN5Ij9lGf.-M-scKCvGhpLmIruJJjr,0.1564190602395584,-22.80201118888076,0.9970089661828808,1,21.629397790696853,0.06504414941091942,112.97526986900053,-11.700991048665141,0.9960721892062178,1,-0.030517118367376916,7.057971640143016,0.8210080186581825,1,-17.014558952196573,3.3913767577472407,0.1457149146308224,-1.1631636804602596,-4.665471528062567,3.9929519467291295,0.35067897429253686,-1.2045495640823585,2.0987690855348715,0.7400426299307372,-1.0644050537771284,0.17981072243082563,0.0054307145040367166,1.6681457277449776
-Li78_-q6o1fQuak5tjs.-Li792Lr928udbQJoVff.-MoIBwYa0dMdoc5I7Jhh,0.026241627385730437,-2.1129143498711906,0.9303125010532759,1,0.9224131098188871,0.3126238508475019,43.786491382767075,-1.042788982765799,0.7237749310992558,1,0.014183359327869849,-2.2074488871246243,0.6429400327596163,1,-1.6932486395676887,0.259471044157024,0.6803036739522399,-0.7528904600440707,-0.33067104100002614,0.3671803227165869,-0.16994756904176594,-0.5192686072596726,-0.4981940621919508,0.39177484622916325,0.45414490686356634,-1.2820578073606066,0.0070601546837623045,1.561749734379126
-NHTSIH6WGEuYYUbVYA2.-NHTSRVS7egqeBUpedyd.-NLPmfd3Sl6-evZrBDNz,-0.030396867525636972,5.843871741209257,0.7861649889217618,1,-3.2183026661293335,0.09900584913760739,82.67897066365069,4.00083627152394,0.99859800453643,1,-0.018703107711174116,2.9935913934442224,0.9849768374542304,1,4.718934989023911,0.7425652636458163,-0.7932708984328282,-0.7170946891537437,1.537911906262822,0.6680086849727355,0.728952357164633,-0.832422435523025,-0.04543422167212061,0.41341277633826196,0.3194542460480261,-1.120060034755905,0.004182971175677228,1.5031122493078333
-LeLWB-dy351dCB87ylW.-LeLWXTFsi6ThQOgC5vm.-LhF5cerNtaZZH19ymLM,-0.14233230956352627,3.3584177596652083,0.9957972635866772,1,-3.9974121063942096,0.22011266215759412,20.67929567842888,1.8998107812006397,0.9827283250199959,1,0.029597945665631127,-3.4583728694622624,0.9938824378182847,1,2.50517919768083,0.5335814450474097,-0.169069726239191,-1.1587336563785549,-1.3882145789811036,1.0511096665632538,1.305677009115254,0.40538391942228547,-0.4841212140757356,0.6511411177191919,-0.046648615636499725,-1.072353949326078,0.01108492703366812,2.0349526394854984
-M__2ibuRzAUzNyrl7Fl.-M__2jw7T8dAPuB2SK1q.-M__2peBLkY920AC951Q,-0.005267863306669174,-1.7744156107207298,0.8373112865018421,1,2.959229078956383,0.09802375801144772,94.89908584151453,-2.4787471245756825,0.9994011351383202,1,-0.007158718176696777,1.652944998558845,0.5063232345290687,1,-1.9695737576926717,0.12540234071144504,-0.13430710094429918,-1.4942232740631498,-0.7708735401433522,0.8111150409232942,-0.2024703900267869,-1.4098782327653872,0.4896139467963644,0.2206488477421747,-0.5067605080662774,-1.0556891840167364,0.004365224634229365,1.3293731524393857
-Leujocx_cjh-Ci6MrBu.-NLUo7sNx6hp4uSLWSwI.-NQ-6HHv1xoKIDy48blM,-0.03869717324140942,2.1161358727845396,0.9958208878464684,1,0.7730621014989065,0.3122523133301116,115.26785889057064,-1.0945173326018565,0.8683381505807963,1,0.010452112642967484,-1.3414907009760357,0.7455173737119938,1,0.6842509773406286,0.8393555535369427,-0.12574857426923758,-1.287585518350327,-0.949180671704566,0.25173761871873407,1.0078508369833492,-0.11372638982246874,0.35716310151514724,0.26566619784985535,-1.1035418618616792,-0.20748028032700905,0.00797223084046308,1.2842463478164208
-NR2hnPMHlzSYlFPnE_v.-NR2i5paEAk7H7Kzku97.-NR2iAqpI7SC4LLBmuup,-0.02301844098693273,1.3342264651911349,0.9917271752826046,1,-0.9281135044066698,0.1933444362952701,85.03819756589769,-0.46692775194583047,0.9241599869554684,1,0.013975813378238998,-2.097743331790554,0.4585555574042526,1,0.48268838938850916,0.5013313732425755,-0.20564500968916516,-1.0293084805183277,-1.187428287262859,0.2774568832150251,0.8570776447012709,-0.3751847705256144,0.1730861919987773,0.45607683864465787,-1.5151370812235982,1.243033083295881,0.008012946378233653,1.030623581252318
-NHTSIH6WGEuYYUbVYA2.-NHTSRVS7egqeBUpedyd.-NN6VzAzS59s2fFNu2oJ,-0.046945277691891496,5.1746106896156805,0.9682176478262962,1,-1.6567878171258885,0.12375469787528245,73.49643492897373,2.366177502485981,0.9625097344062417,1,-0.013763822688984018,2.0612337982505213,0.8817732827015178,1,3.4372912748873445,1.0333214461950955,-0.36410744298957526,-1.2578592335882557,0.8786246928224719,0.2154292323050334,1.192697046833861,0.48947008434556505,-0.17511042281790257,0.3216693957552902,0.774310610271776,-0.7428289316336065,0.0060741911047192945,1.8474023041830796
-LhK8IOTmrsPmNrMPCDS.-LhK8OtQ5iKk05YFt0Ly.-LhKFVMUdgoXGLU8VU0m,-0.02899899184478616,7.190714545146207,0.9549080340172065,1,-33.192635715188445,0.00908390990290773,97.33586772394669,19.49500847481557,0.9997354597775409,1,-0.00552743185940785,0.48050361673040565,0.059136923063116686,1,6.117632900377248,0.6421127685205696,-0.5943220330811784,-0.6620050030060303,2.7357941940282022,1.085635364837364,-0.0012182732221974132,-1.2039970956668506,-0.41949655451061263,0.5098013529194743,0.5721363206406325,-0.6262564154176467,0.004283134879524581,1.4357795802299724
-MHV02e1E_IyU-SnFFcB.-MHV41ZfXu89QkQkwOCr.-MJ66Vv3ejjnjzBP4Aj-,-0.0860640502515756,10.95666418014919,0.9647414449308395,1,-4.774320145212147,0.1586562421472089,87.72293374726677,4.103175483909236,0.9974169286382554,1,0.0032754603219916634,-0.5869253001944901,0.33973228622488516,1,7.772221128334772,1.8958705295780707,-0.48701206007350367,-1.0230195040962542,0.659228605454594,1.4257583257069104,0.7700811558658099,-0.8953316673872727,-0.05471448481859276,0.124548717965728,-1.7306386655806443,2.4949239022579857,0.005463769209979955,1.707735456782234
-Lih1-8YhTUk-ZydBu9I.-LuX0jxGpudVjXn46epD.-M023UZM0AlzBKDn3HiQ,-0.15343146192916102,5.394187676589666,0.9295860178749006,1,2.45463538880236,0.294772141861869,76.77528936188456,-2.687121087261414,0.7226893551129396,1,0.00772122115333207,-0.05166638319060923,0.22427251326506625,1,2.7076079028774505,1.6522443617035185,-0.6868995806804372,-0.7941722198998522,-2.245710844538311,0.8404823742711558,0.7618143199313441,-0.5938102657227002,0.9015343496928138,0.3592086570027075,-1.1820584095892974,0.742067402160338,0.011927751867324227,1.8290864300958365
-LzGdLjUoEBVPOJZmMeH.-LzGddlZQJa6XEpUGNmu.-MCk4z3JQj18lHXxogmO,-0.09004638088569614,8.670161935619864,0.9823721451457685,1,-5.887444375311273,0.12599273335556582,68.34666238025132,5.543105680743462,0.9700880515622025,1,0.002428375271043226,-0.23944113942086465,0.23265090682262635,1,5.338222689244634,1.9660433248108662,-0.3280961045134145,-1.1771680581710617,0.008599225400913551,0.4806150435964735,1.4040735828124256,1.0567702622424147,0.1553995872366777,0.11076685933819563,-0.7870973215460696,0.2752494190484587,0.006533100914520047,1.8951313891040549
-LhtgDx5KeVU6cU3K9Dh.-LhtgZ-OCWFD-YL8GREj.-Lzfcnc-DOVJHb3GiVsm,0.003174237161066795,-0.723760670404298,0.02925670384712653,1,0.9517525170088155,0.28730498897130946,81.80325016488004,0.26052032624446425,0.8840154299071397,1,-0.021805099696972124,3.6064425194556837,0.9954462646673439,1,-0.6063347357532194,0.4017852952044402,0.5219180191036764,-0.9507876906342516,1.0654381433895919,0.2647121241983623,-1.2031848073000513,0.5340506795750009,0.06304092084312218,0.48021833382073076,0.17006968896504576,-1.175198767567333,0.006677214412181458,0.8925498013672416
-MlTakWpGUfKPI0QyGyu.-MlTarsPN1zuvraYiiTs.-MlTayY6dmF2-RMBu6yq,-0.24095366977450183,-5.630238689688631,0.998143237952037,1,52.84913990360597,0.07447158852294895,129.54001891169102,-26.83920904775277,0.9685960330804592,1,-0.07623953025819374,18.903182420564992,0.24103681443139802,1,-14.546097170889974,5.220475946077469,-0.10818551106139299,-1.2074864370146865,-19.652238829581464,6.006786708400365,0.7839142885296896,-0.36502110031904245,6.514833391345954,3.4133879722671283,0.25230628666296057,-0.7440529251812769,0.0035637451790878887,1.424941053991419
-LcfARU6yMZ2m2s6CoLf.-LkXxPo_lFVLhHSkPeBe.-LkXxhp9G0jGfkXZbOgy,,,,0,2.4468378994685587,0.1923006117675517,26.056777030508037,-2.836849628347974,0.9973819112891931,1,0.009938183768813284,-0.2805914844054597,0.20949782556147323,1,-1.923730330023436,0.8414702770009662,0.4359240229401209,-1.4151375847972096,0.5096138043364744,0.47759184438100755,-0.16463869133875036,-0.9898176642493475,0.014290567865330806,1.7158496923723767
-MvrNkubcd0s4PMRZU6L.-NI1TgdEDYAkN8V6xeu8.-NI1TkEhO8dKhpsgnOx0,-0.0371750891332446,3.948059445104429,0.944242566200248,1,-1.3231212941534065,0.18424677252879484,84.48629437269861,0.908083648743614,0.912697594935258,1,-0.004792476183366867,0.7189395533627589,0.3884756655454291,1,2.572489349068305,0.8279259141066391,-0.5884493700962996,-0.9231408347276289,-0.12847721007208393,0.3830363497840067,0.7543440861811235,-0.5090222165883693,-0.06118158138318824,0.17393183735673504,-0.41726489367131947,-0.8820087482465038,0.007574634892558103,2.0329283452946614
-M2884NgPeRfqT9yEIhG.-M288OMwwuD3O033rX6-.-M288nkg25uF3wIx9cZt,-0.0472058731940217,9.618911306487751,0.9676546812278375,1,-9.384700715408716,0.034266021483764106,103.95695847578239,8.074596148493193,0.9992398343906106,1,-0.03342249980617695,5.6212226693296,0.9701602660222935,1,7.872615026924257,1.0385525380861182,-0.48647407696246536,-0.8493459294815566,3.7191977485692735,1.1142030734473067,-0.04257597346403185,-1.247594768877849,0.1901615302715085,0.744477134373233,0.4673902625156612,-0.9333411637867322,0.00389439615948272,1.3654122667606476
-MLCPaVHke5WF47cCC4x.-MLCPgQ3s22FJfFDZztz.-Mw_vUiW6iJXWJEQBuKO,0.029517844944994542,-3.8754581424325636,0.9915053971001629,1,3.55254119322915,0.0872763865747805,114.08286863113896,-1.6061045661430253,0.994877904498094,1,-0.007260637463003983,0.9183077071545821,0.2547298175811591,1,-2.783317587589379,0.6420646499806749,-0.1800976571663378,-0.9456864992674499,-0.6151940203694892,0.75662607939376,0.5812195145668341,-0.9716802572327459,-0.2618378256584831,0.3187647441908165,1.8212966332968774,2.0842646678895624,0.0051140360758460705,1.5129575025173605
-LfT9PcuzeyBN4p2B5D_.-LfT9ZUhyem8y37kNU5a.-M1Q6o_TcbsJH5zPtSFH,0.05982823002481123,13.100836234150528,0.9905695669473706,1,-17.597528824022437,0.18077855625632863,87.24238917250115,19.09245654845862,0.9952646523206561,1,-0.015727717695995347,2.0226056790004683,0.7588368771152504,1,15.314605358402915,1.3014405724088816,0.011716405436427697,-1.3253800072746305,6.1622519432272895,5.420383664991752,0.8573111793630287,-0.8083366443696036,-0.5331816109302259,0.3970317681455154,0.8616494943559235,0.11654305529815234,0.0031581708360104935,1.2833224715769034
-LiMpCaA24H9MjEXOVk0.-LiMpKyjdotKO7FGl0BA.-LiMpcqJf0bCnjPV2pbN,-0.03601720647799134,4.308785327800282,0.9987266550587552,1,-149.64187511378373,0.0013749832068301168,-1010.5186691823612,123.82251989762446,0.9929206326951823,1,-0.00543570978997554,0.644786270304434,0.7556604876266573,1,2.975483391474874,0.7800581259866688,-0.012324892312484206,-1.246855458900108,0.9012387421106344,0.43841236880355755,0.027762342446949518,-1.161781341643596,-0.23851419754290273,0.1370269885800854,1.406885205609666,0.9600839745523815,0.006235982672674142,1.8156380180590215
-LoP7_n5ROEawdOTAeDN.-LoP7y1mZ9A1bOMfEnJ1.-LoP89dxNoYRR5WH3nx_,-0.023264530749980014,1.143696986298196,0.8159660511387958,1,0.035050593856291834,1.6725052407819967,128.37040948629175,-0.7966302383458796,1.1879386363489175e-14,1,-0.012874662591247477,0.8816096472684434,0.8394261393351483,1,0.4226011559233568,0.4681260980590866,-0.7031036216224518,-0.9621839968966452,-0.7968858267708874,0.07317794137515204,0.574660838336232,0.3731606125280975,-1.0557864942000554,0.3079841025563083,-0.9457351943789821,-0.46254210758793946,0.009715548446251065,2.3083378361907116
-MYEQzR3ToSh4GRLSIMW.-MYER3l2D2gbCmUtaz6K.-MlsKc7RDHpqDmHYPzG-,0.016950891941696744,6.132083585571591,0.6274624190924418,1,-6.133431834715421,0.19813922035585482,85.18218280355609,8.031133103482107,0.9951236665509559,1,-0.035349899103620595,5.368260918699731,0.9195931296180824,1,6.759745745062572,0.46529549566704687,0.48953718088025344,-0.9902024721634279,3.277908175002444,1.784775984547828,1.0593184628356287,-0.36978761075855227,-0.37616529291748363,0.8085057752476527,0.7376321462904143,-0.721568195465164,0.003912230787568231,1.3968970828075402
-LtYy4Zza7zo46cmS_Q0.-MHGNj3IFRga_iK82gM_.-MJ6qqSKL4OteX8qmYKj,-0.05789800136609369,5.2345101396887905,0.9968668581457937,1,-5.05100127494931,0.04351091262016857,49.93726691161076,4.767908395141824,0.9988694533839021,1,-0.010759126962015086,1.2499684702178937,0.847994462421615,1,4.1353173196030735,0.653562256612415,-0.047054629854106265,-1.0736840823334461,1.5774713902650404,0.6988593738622465,0.1875764981363681,-1.2254595826030805,-0.11046270683978274,0.25530111112254955,0.45359644489880097,-0.028966981164037175,0.008405240951394404,1.9360759348131047
-MmMplI_4JJp9lKe_bDe.-MmMppWSH_uBq272VJlE.-MmMq-Jr9ejjIfzQr_1X,0.09804355214662697,-11.30073949903251,0.9683643988510733,1,8.826251956835353,0.11182574244128227,49.296020583303836,-8.693561769578547,0.9997281920333132,1,0.006589268193997966,-0.5687322825775967,0.9774053988640463,1,-9.682652164286335,0.9765165055354945,0.4707845082357281,-0.98133947380345,-2.870298853185132,2.4267960387809637,-0.46427244900214626,-1.2390125445013886,0.23171101033700162,0.1468016528864972,-0.1501021262918119,-1.030791231190828,0.008228639902162105,1.9350790614033477
-LqAlBMdW0SudzsLML2z.-N2VgCBAuw5_zV_jq91x.-N2VgG1BfhWtaZ6hViMC,0.03031726736913154,-0.6307937596842896,0.9573257668139493,1,-0.7177446407178617,0.11883799065499827,88.98507285838001,0.874206145357947,0.9930288655587217,1,-0.00761158507552917,0.9385138629187267,0.9184902292405317,1,0.1585796249783743,0.4731261751141442,0.011643289557836247,-1.269203225550728,0.6601558449584641,0.19299109946845278,-0.5807940633396056,-1.0943840644572849,-0.13114380109386028,0.17433508941582626,0.5601973083647205,-0.4594888007546589,0.0054073034490743545,1.3084615380137932
-NauLXLNrJ4F1nMMhARw.-NauLbmJwYehgUQGsEvN.-Nc1eMW_0cjeRV2RSVrv,-0.20549119435615903,28.27653104560116,0.9674475995788063,1,-62.779635827528104,0.031990255728672666,38.23647995439071,59.34923212125583,0.9999141891655291,1,-0.0159418502334123,1.4875768460700824,0.4252632928380551,1,20.672936095099196,4.522791995910409,-0.4439397049066178,-1.127693023209996,4.862018471004981,3.2396427294726347,0.39798215291260425,-1.0497493549107684,-1.1026408384564115,0.5480522157434561,0.4750963114477332,-0.4111507605128719,0.005441942803606295,1.6913140771483497
-Lhi_hQB4d9hP668bC18.-Lhi_pFqfsm7Fzt3bPH5.-Mtvb2iaM_uKQTG6n6pG,-0.24523018776219563,17.255220022025537,0.9983040645168982,1,-26.469601500182026,0.06466781419521894,7.089882300819094,28.656450497813903,0.9997112472892083,1,-0.05736861793947945,5.948661516794535,0.9842711439630653,1,16.64271860754633,0.4258510668814537,-0.1699851236831439,-1.242586753699758,7.942700443001332,3.793260232652289,0.5711208900531255,-0.9517116835252186,0.5846741688216914,1.2684932577492032,0.33896812468769405,-1.0528900163794948,0.01177404028312913,2.118844417870727
-LimCEPj4cm8u6UaR3tY.-LimCJq_owsUDVdRu8Y8.-NkFADDbryk4eP6JIubh,-0.012564439660639052,0.1352109075713567,0.9040088526884756,1,0.3089330236910913,0.3984926536141536,31.23146385138632,0.06662896544463551,0.9201793385208102,1,-0.006016418809752276,0.4523245549622679,0.8414116664368931,1,0.09530420459323541,0.025811513018617498,0.9831990376004882,-0.6150295343053562,0.21694786921543943,0.14408382246428178,0.13569612029189923,-1.5618733950355763,-0.11017564689963723,0.14435615129822502,1.0617230532161288,-0.09695370880825838,0.012629144461223442,1.0429326881566432
-MYJenbIhBSGGHhAbwF2.-MYJeqhnsX41qQkFQhti.-MbfAHNmVONeJpbHPABN,-0.004911896263842586,19.083281295891062,0.3010968312440159,1,-22.757223542969964,0.11689644886760014,82.93145821287638,26.16171905664163,0.9897163745784351,1,-0.05043129122550951,7.530911762219974,0.8332398116939459,1,18.901680652353715,0.19461051963056122,0.9581017914270257,-0.1459276950576882,8.446327596394589,5.072784875967477,0.8377003908401598,-0.685741962379316,-0.664239339175932,1.2119365771597221,1.034085847813475,-0.2092727918742967,0.003589590986020069,1.3328125377271756
-NOJLSbEUK8-kwpgRLMv.-NOJL_OgEmxUqIM6d_Ow.-NWkr6c5Zkt1OB0dmRcb,-0.037844083022681295,-3.5369396729059135,0.9859203042968161,1,6.8415508352974514,0.13340065020255595,101.98780675872962,-6.276044446253921,0.9995959501761653,1,-0.022985217932737223,3.922192796808112,0.8118281682095794,1,-4.937300799408726,0.8254037274114455,-0.10415341203956653,-1.4392866692350434,-3.1716004515755003,2.256528407631452,0.14565308924652248,-1.5378705463103384,0.18712579120054587,0.5761372907902419,0.005332483487669224,-1.3620753502421463,0.0024124400297588664,1.125340201122608
-N1HyPmDE0QTEp92yfCF.-N1HyeLZGJ7ggEnhy63n.-N8bf_irmv3MWUqEL0id,-0.00033296801616811145,1.3488832691075194,0.006171091328303624,1,-1.2134348220960296,0.10818248772601004,111.34118560438165,1.324974415335978,0.9990272719137067,1,-0.012110674207586405,1.6031892119837443,0.8689025502502727,1,1.3362992428866567,0.09279474580871774,-0.9490947412680881,1.5101426687541109,0.9616980635442429,0.3076925493156783,-0.5711961140052702,-1.0854743124890622,-0.36482078013676517,0.28474757378825544,0.8914731769351171,-0.4991544855658887,0.004565245953700699,1.60903414678752
-NKw9Asu7GCLi0GaKhb5.-NKwBAhcudsOZY1xJlvf.-NNumANFCnv2xpia56SF,,,,0,5.4173679105853365,0.2346495988003553,35.10364616109333,-11.385148326968991,0.8923023726618382,1,0.12637188142726097,-8.5210190573089,0.8383719407001092,1,-10.2831113887478,1.591236745162544,0.8500512822320018,-0.29958972385537086,1.7787053158214794,3.027928280295464,-1.1056342749578651,0.04973475713797848,0.012133552015689613,1.8066425510705284
-MYJenbIhBSGGHhAbwF2.-MYJeqhnsX41qQkFQhti.-MYJezDbkl9pa66sIT6a,-0.025141614041891254,16.739366257987935,0.9664033758308053,1,-12.849874557674175,0.1191361826971871,89.72602364551348,17.623856370130262,0.9885385833480081,1,-0.07360679452746748,12.585184423218267,0.9752682504840872,1,15.80906841435021,0.5539268627428712,0.30030495072341556,-1.428339021017723,8.978642137232178,3.619618372624833,0.5048948063407677,-1.20739908618567,0.6243097127814169,1.6352251283648789,0.4291714448230788,-0.970736633555862,0.003123739625939154,1.202553484208821
-LcfARU6yMZ2m2s6CoLf.-LhiLyo332AVoAFcUndg.-LnWaXQnPUQludKuP7_i,0.07444327635136572,-0.6764391303771844,0.9837087478924442,1,-4.252079037352611,0.10230809172907013,107.17657281744711,4.476134510341013,0.9987877227553885,1,-0.017310747087684396,2.2828100768290778,0.6924962302007966,1,2.0780068679701897,1.6248992026216968,-0.2892593739929446,-1.2479923908568964,2.9013614360831155,1.1475568464997374,-0.35349832618068405,-1.3069542701546528,-0.5302979169838432,0.4563837096360496,1.33898009233955,0.5327897372578079,0.0026232375492556727,1.0901841023296048
-LnHernN_fpHMmekEDg6.-LrsEMc0TBu1X-ESuAtq.-MorV8-SyG8kRTMPONdb,-0.015893538579296252,-1.6017932713464715,0.999921126304443,1,2.8776917965995974,0.12440737286749186,42.84751053657087,-1.665692676131597,0.9791043813798951,1,0.009094656668276468,-1.0979774518061602,0.3155130393319582,1,-1.6415485613082827,0.027860263246042127,-0.0353239324854727,-1.3228047550904733,-0.8549106061016651,0.7742952814836436,0.67623161854985,-0.9846355069474084,-0.2476628456121535,0.35955613748264853,-0.36316395123648115,-0.7391239449478575,0.009923480526693286,1.9450298878326524
-NHOoZ70QpQM7um_M3XF.-NHOojxAH2u4qid1oHyr.-NX9Om94OlP0OyTVdyaB,-0.036395186679482716,2.0716361128607366,0.9885914772903833,1,0.8841869366551203,0.23260150070639074,95.37291813731827,-0.4608725228484368,0.9978533649056599,1,-0.005488510712552186,0.9022422760647327,0.8276329379879104,1,0.7253397428731445,0.7928436344517211,-0.002849737840228254,-1.4679852059339538,0.05336201916484775,0.3520374663472324,-0.30154967702668134,-1.619056121704334,0.010010971700189253,0.13549412635471478,0.4677312216119459,0.7003884160009282,0.012533689052565572,2.5444838925953808
-Lp1z2lWKfAeZDKWwYbw.-Lp1ygsd0pYjRlpdfYQ2.-Lq-z1ARxv-tk_dapzxm,-0.003963358389775397,1.5327190332725804,0.8073540971001287,1,-1.0677320332427003,0.12121439953765854,89.73033108949387,1.3718590403921662,0.9945111558991034,1,-0.009901492017602154,1.2826053328430926,0.8540198563904571,1,1.4294086973935398,0.06962964763991866,0.023660242227292815,-0.7781035016513385,1.067960706414953,0.28134556017087586,-0.6275401913358553,-1.0339186822403124,-0.10900496848037419,0.23436058398113926,0.8881845170844601,-0.4670041478938014,0.004421895084839907,1.4531286864609494
-MYi7zRYMQ0Kilz5luEH.-MYi81LZbNwySbneLNcl.-MYi86lzPG3SY1y5B3S_,-0.10402025579435548,13.20681997250896,0.9680698397496881,1,-4.3763649894090575,0.11325145132433902,79.86940782359869,6.132629111143026,0.9986581337290396,1,-0.04695688873772896,7.514644256136259,0.9356683957207667,1,9.357454474391155,2.2888836858462116,-0.44453386779466647,-1.0692406414344646,2.5575192516652874,0.8353506953088109,0.9721144194953472,-0.34421613272093543,-0.11589768036390168,1.0650907224373907,0.46991938234665237,-1.3237403681854831,0.005509524948713097,1.7300915566321415
-LuX9kwmV6pnBd40J7DJ.-LuX9pRPFAsi475WiqOL.-NjgB4b8SzQSQY_X6I8D,-0.004414443671887813,1.2992304338211547,0.9575665819947697,1,0.34769542222358824,1.0291602494549021,49.37134416165247,1.0891050523743364,0.791179838130658,1,-0.018935171247666416,2.0059307016231847,0.8496951752288856,1,1.2785956456118384,0.012205907694285947,0.37249296658413894,-0.1401345014375459,1.1571358930280946,0.15335174213324473,1.3884083349961696,1.1778735146428412,0.16107063961577733,0.45816090694228245,0.9455142399942221,-0.4998375421594119,0.006211829327161461,1.470957441075629
-LoP7_n5ROEawdOTAeDN.-LoP7y1mZ9A1bOMfEnJ1.-MTtjN2Z0At-0_sUPqBM,-0.14300559422231043,17.972763227206745,0.9986183409407806,1,-10.230730332030213,0.10108473567699244,81.98275471977784,10.279004353791786,0.9992921984592259,1,0.0029793324668608845,-0.6051191518113039,0.09773252438963453,1,12.681502420904787,3.0972761199629963,-0.0004267434076172752,-1.1064115574307039,2.330205680059498,2.079935425446333,0.7742681255594017,-0.7580005579778337,-0.12054970189552237,0.2118434541344307,0.4628051954602489,-0.4731215629395864,0.00559227541267079,1.6957832191801283
-MYEQzR3ToSh4GRLSIMW.-MYER3l2D2gbCmUtaz6K.-MtbfpjOH80wNuaVqmOu,-0.10386569295210404,16.87909343690737,0.9865885347868978,1,-13.757206860830124,0.061930660318849896,97.10345102928156,11.195487713368928,0.9998896377671014,1,-0.017972269958504948,2.1461505806787504,0.39842359361026247,1,13.03566532407927,2.2632572589213873,-0.29792068332651905,-1.0855008238427382,3.8886625143881344,2.7519902922658632,0.058690825301494706,-1.328688349889304,-0.7741403507022045,0.6300178824000916,0.9936256996150956,-0.32725104281053063,0.005022424940134083,1.6248915087164872
-LeLWB-dy351dCB87ylW.-LeLXCQXbo8URP4BKSNL.-LeLX_Ksoxn1_MiL2WgJ,0.15961788674906685,-9.668790884986498,0.9841416316997725,1,13.238834845664458,0.05715034400392152,31.18153630187373,-11.097603528099228,0.9995989172046577,1,0.0018223853167661508,1.197349272512501,0.011476103191481846,1,-8.533731396845514,0.6696449258214896,-0.18502290441804342,-0.771331805350087,-3.1426604598007777,2.3917708366700223,-0.17993377139140637,-1.2766085150233064,1.3839686629018526,0.3768750366997917,-0.36722934326600465,-0.4416200884064949,0.015088166891028933,2.218451799796028
-Lj_M3HTF61jKiWsSATd.-LrDDIqn_SvKUqnELg1z.-LsVeOx9E6AfrLDY-4W3,-0.054976529060774076,4.775532330392735,0.986952905465513,1,-2.40741682198278,0.11062345132537431,112.98077279978908,1.1056158416582333,0.999479066754729,1,0.06732230546649665,-11.604898306464904,0.4092755222404225,1,2.7413935705233374,1.1985435008280017,0.16333208821223058,-1.3992005328467465,0.44997760897998423,0.5877024019202491,-0.6655510969088431,-0.9612953535005979,-0.6651692033332278,2.308179458362047,1.4963520607672862,0.8610048452711325,0.0056691371519038926,1.8303675070122212
-LeLiaV_6NrLdFlMbLi_.-LiCBvXce-5OzfiYh1Tu.-LiCIQ9x-ZAGU5BtD5YK,-0.03161859033777792,3.5748966564518567,0.9733645607833011,1,-14325.478813628652,0.0325505172983142,416.8720107508897,1.6154052622992432,0.9784404870639287,1,-0.014199366401500768,2.1667410964484204,0.9161530728850085,1,2.405362519980223,0.6948721113514791,0.31969930159697885,-1.3404810043647175,1.0944994629582416,0.24360235439373698,-0.5168722941060946,-0.7565280412962156,-0.14018825061757534,0.32663353185774974,0.7246133077902901,-0.7082742107437254,0.006244045317040939,1.8274418058944992
-MXBVcEIvN-sNDxnfkvo.-MXBT_QsWdJTmoWlK2Lt.-MdVaJebeRpi6Lgv7hGh,-0.02099317456635652,2.420998607633196,0.9834194358980849,1,-0.5011739548705572,0.25574307601405655,112.49997251252714,1.1269348870691052,0.9382244527007156,1,-0.017161028252946853,2.626658548219516,0.9679114574379729,1,1.6443640602302145,0.4584629253860765,-0.0076441679225833494,-1.3942031783702533,1.0050832458110064,0.17119557778781344,-0.8746412593684999,-0.5531554655148789,-0.16222776215540766,0.38242709083635934,0.3940700578865335,-1.213962026692948,0.006792783501430217,1.8815297430073192
-N0Zi8FY955-rvKl7bfh.-N0Zj4_M_0BzOO7HDsQp.-N0ZjLFoyZqB486G0BmP,-0.07009485815834071,5.010738177911317,0.8262436874493492,1,-14028.67802154415,0.00595111821794766,1258.6094142234335,9.522431991308904,0.9263800267909819,1,0.24620314419364575,-39.94949802298975,0.8437590788108148,1,2.4172317142112028,1.6691095747315943,-1.1172549158148213,-0.019812640503586554,-4.681729599540553,1.2665486042107335,0.02504500316583254,-0.5814058095632615,0.05877955325988859,5.884103801791738,-0.30212857411149846,-1.6441266860842556,0.006434223888585322,0.9539232158482802
-NeHf-GvUYrdHiL06Csr.-NeHf7ReRz_rWIlBpXqN.-NeHfGDJt1lbejplNpBx,-0.12667011365971836,18.85229910971078,0.813403626920751,1,-9.376416213486776,0.15263100327920207,73.7408572771334,9.870019148958114,0.999036220304455,1,-0.012185630637908451,1.9201810420164873,0.9975580785506258,1,14.926012869742213,2.5544086208764734,-0.9938306840598046,-0.39789796050471793,2.8012015886145627,2.5661857399331884,0.8871211647390574,-0.6637876853238804,0.08633631942556418,0.26784182855890504,0.009623418029220291,-1.2322507374804317,0.00508460910635477,1.6334244488119107
-LkTO1CuQrlaMdFEn_ar.-LkTOAdl4dn0YRMx1iA_.-LkTOQdqBz9OCQChexZV,0.02539243497885768,4.4484916088085455,0.792572501407738,1,-7.856331302494454,0.05687326326774362,151.48239988469348,5.802892758552186,0.9991475758741266,1,-0.08843078073099386,15.510745796105384,0.9905540096307448,1,5.388075332262381,0.6176327523779436,-1.012807434283392,-0.24424123481726,5.298351733465226,0.36139275664164555,-0.7952593022061216,-0.5683954262812159,1.140193864575784,1.949549649475611,0.07373492431253777,-1.3940036170507768,0.0018844810375795498,0.9182575259362237
-Moh5mqOGpsYy_5lzQFG.-Moh5xBnf63CZd_hxNQR.-Mpuor_rOiFHFvD5V20c,-0.4965482440242204,34.765811551873284,0.983969720578441,1,-2.3873087611355657,0.22380451484006647,81.09241838478728,1.8195114789864493,0.9434522235844636,1,-0.004858552091237643,0.9997553320377527,0.24619719205936053,1,16.393604665749958,10.837461649605753,0.28496148054459847,-1.1588415626797846,-0.2087821534700749,0.5763805415580407,1.321540823203864,0.7234320415063928,0.2103816131985897,0.21471545440569847,-0.285705859825568,-1.196975378877827,0.011368667862837934,2.4804950527488963
-MlJCDvnb_LyXnv_6uwo.-MlJCMLG_tvqtd-ytTif.-NqRhpw91uL02pfPngmC,-0.031098237946339147,-1.7190551812917954,0.9962890930544845,1,4.964449641340367,0.1431464807144388,87.58307774774212,-3.524209276064587,0.9992452453883766,1,-0.016204708243059418,3.8227389568055163,0.47977917333276354,1,-2.559359948019906,0.4936470591283819,0.080488858525978,-1.0887244087028938,-1.7916608977054063,1.5711320535905295,0.4939609235232775,-1.292605022561063,1.5183526552510742,0.5271207989857144,0.5211247251793392,0.49153068016737445,0.006389749697818061,1.0575997160339776
-NH44iQMs9g_9-63iJgm.-NH44xW2DdfHpYlVFOsr.-NNk4WYLdZdvEGL5RRQM,-0.0493530516957168,3.219315307937846,0.9963593725674534,1,0.060027285063812594,4.555504783769955,64.0636452281295,1.0138384569654346,0.05714972123324724,1,-0.01504664338823137,1.887652063430383,0.7928355681263072,1,2.3058850806911493,0.5429750856308303,-0.16197389731752457,-1.1519528905803456,1.0422663191380466,0.12512409193264107,0.047949468343356484,-1.0139944090555035,-0.0011219133743300151,0.3742172322351376,0.294043411885315,-0.617164686744315,0.010002989989201124,2.1014196254089805
-Lhi_hQB4d9hP668bC18.-NJnbybnfglLVaLUOmiV.-NgwWJRXkA2muUtVxY_z,-0.18221572008474984,29.735823128549523,0.9401915517842903,1,-56.98380389865962,0.07348789389540357,59.2754362496696,56.60923792925514,0.997658428965357,1,0.002663045510221602,-1.3726875913363168,0.011900998147665098,1,22.993897240451833,4.068679562302423,-0.6791739678320897,-0.6499385605051082,3.8806149410180244,3.7527448636052085,0.9784963509718143,-0.243468081058821,-0.9412991079611643,0.5438343846665794,0.6999415937543344,-0.39120417286485987,0.005022260953418006,1.6169214283958073
-LjL053LDwz53ECJceWS.-Lo-r9zciba06Hi4D04j.-MujSQVeOcJe16PYkLEY,-0.23265022304190208,15.928748923517249,0.9531613823210855,1,-8497.281321125123,0.0575093509928332,-94.9689493822711,8497.98809050608,0.9993803442189058,1,-0.028413768425993968,2.755545790541686,0.901216298604033,1,13.138797270690125,1.7194580374317598,-0.5787279106749977,-0.8613445187665603,3.5985188180390337,2.256489012924107,0.9438232206467294,-0.24566749683438083,-0.44081027648368076,0.6567216515114181,0.7097112706394655,-0.7819326877711399,0.011752142476592103,2.308990655393844
-MrWMcBqkBqlw5NMQFkQ.-MrWMm-bJkLdGSQBRCb6.-N-WqDaQR32R7JOnczbU,-0.08036865305699037,10.36445224380474,0.981035025446016,1,-7.2271391802523794,0.08346497239681068,79.02455598346354,6.716973479813865,0.9997219805066982,1,0.007890971087063603,-1.3513189949870226,0.8154342742688914,1,7.390299719295275,1.7568753856594754,-0.3675533424361088,-1.0485397921320558,1.0093233158919803,1.2350473362627807,0.7148816330302257,-0.7859100126977792,-0.06899422003656627,0.19144351900444787,-0.4228646383288998,-1.3785373310474867,0.005335427333728859,1.6652059529998162
-Lhi_hQB4d9hP668bC18.-NJnbybnfglLVaLUOmiV.-NlNImy_htBOEhbVH5LB,-0.10562489426484123,17.047903659378093,0.837300047547413,1,-7.337768443050006,0.15095511805674486,84.50183567954203,8.032397524507205,0.9950362319523538,1,-0.03948636066522959,6.328530913949326,0.9367381581635693,1,13.1395999318639,2.4989701532689073,-1.0308426242879816,-0.2755894503199552,2.3518738851740792,1.9037037425162957,0.9433379074097258,-0.48775856997745226,-0.08643989735163697,0.9005233321637786,-0.06836187094225321,-1.6100862421359883,0.0050050975039109885,1.6518624664215988
-MXfL6xiimGibxc-mHXj.-MXfLJaxihJHWGBGd5Jj.-MXfLdC6o-8o45i2ZpRm,-0.09903850792850426,18.429298572933938,0.9995449224355433,1,-17.470306133443284,0.062003964469625784,84.40770603397706,17.352177443323384,0.9984069383466211,1,-0.02757025094179033,3.6156788842242036,0.7836514350148065,1,14.765481091001835,2.144626967031878,-0.051455336517043766,-1.1942264728237415,5.329596350216926,3.03044143362699,0.3638376854427568,-1.1805922819237264,-0.8647566096065559,0.68300007331327,1.0908891008758004,-0.027616316054507095,0.004755714799469086,1.555857586412572
-Ll6cs_2_PISse2tMbIY.-Ll6d2JxKsxCBH7cEtzy.-Lr89PApFOqMYcrLpH62,,,,0,-0.47221558159795185,0.19550493321585954,32.97831001309419,0.7760923874029263,0.9903283228280443,1,-0.008467356876962873,0.647620829659701,0.9949311796352781,1,0.6245677957692916,0.1642527518450077,-0.5989741479707354,-1.2109222816669065,-0.08493918045087268,0.186253107238827,0.10355172415476972,-1.1277588311972286,0.014430661844642893,2.233806513948305
-MqxMJ3lfkYcQvx3vuB6.-MqxMOtop_fRx4yVmH2N.-Mqx_fw-9rSdXVGMNU7c,0.0005866536815753998,-3.367334567697174,0.01076695811764472,1,3.39390133695751,0.41291173052079644,88.78142460436916,-2.49094513973133,0.7436147257540173,1,-0.0050216014444501855,0.07094076907963343,0.5804795660346068,1,-3.3453981013959995,0.1232896114661221,1.400557265258251,2.683708884489058,-0.06851874127346047,1.562648839082278,-0.05027483247184304,-0.8901151954643427,-0.7437074803234516,0.1501423744004919,1.8869735464781547,3.2324741558754075,0.0037919960718242507,1.5458966687834401
-LrrNay2wBPa2vx0qmAa.-LrrOY_sRzPUPkCxTVuZ.-LtUK1FtiqYvQ9peJB5D,-0.003290849918751837,7.460502128810425,0.11791082362301086,1,-8.194852112166677,0.1080027111708976,87.71165415718632,8.51662458022666,0.997901238342739,1,-0.009781885183694161,1.2522461982369992,0.8078419662470521,1,7.338367782224048,0.20806918263746368,-1.0106966125122547,0.8001147476887773,2.785590983542385,2.0804638880686337,0.5709274110472441,-1.1093099723693032,-0.33750049564260426,0.2384605148930863,1.0376746823187597,-0.26313912627316993,0.0035982988129477835,1.338185547052196
-MDJI3UFwj2pMJWLfOpR.-MDJIAJ9DeXt6BqL2z9c.-MDJINTx3wwKl6dkwt13,-0.13742388971709163,32.10967372789392,0.9241241400047678,1,-508.0876286019869,0.0380872585763637,-10.779377148413401,508.5896144070883,0.9994521754032533,1,-0.09392395461915264,14.289790337098657,0.9788434354876596,1,27.025236884571278,3.0954452167276574,-0.7729787407789932,-0.47079664922411624,9.131516247757013,4.527412837765258,0.6213987261076045,-0.7959802999043082,-0.9731876603302156,2.082786038641856,0.3753980876131482,-1.0822391565845724,0.004501321914098026,1.5257523523337426
-NU_b8dtlGSf-S6i52IZ.-NU_bEQ0-5CCq_ik2e3i.-NU_bWkmSafTscEc0Eel,0.051661021203966255,-11.727677386624462,0.9727470254183904,1,5454.296188712803,0.020544381932474532,-214.99027689889766,-5447.784217679668,0.9266344343770192,1,0.07615274694871835,-11.996257932571247,0.45731428861811174,1,-9.816849312684528,1.134161327297003,0.21356539899183286,-0.5334401450644037,-2.378396930937805,2.721911369698672,-0.19790926100255055,-1.0643074797407774,0.3793489608298609,2.5353939265643874,1.1632721970984856,1.1231920721247333,0.007674141298852284,1.9042941744455604
-Lv9hh-a4QVyzCd8GNgW.-Lv9hkjUsctU0WHEm7gD.-Lv9lI_SoMpuOHeTQo15,-0.225023549685895,16.130141345656114,0.9822991979342679,1,-10908.655121765647,0.05546153133269714,-97.95656278406062,10909.87320775207,0.9985100748444092,1,-0.029343207018971418,3.8697301146298066,0.9929784271806003,1,11.96746906753004,2.490978843301019,-0.33826053251687677,-1.1573898221482524,3.2315316979730784,1.5230600770140774,0.9165412255009942,-0.26276791427371204,0.18721600477959235,0.6462254957985595,0.22248979320346735,-1.1384402816180177,0.008918589277327894,2.0461527903761834
-Lhi_hQB4d9hP668bC18.-Lhi_pFqfsm7Fzt3bPH5.-LhigY5gK8fW92lG1zwx,-0.2666293803427254,27.47523737668855,0.9806563350633468,1,-59.15667777736281,0.05069602130842455,25.597928829991446,59.2968702607832,0.9998977108986568,1,-0.02676280332786097,3.8285621405769263,0.9899416835823857,1,20.54286066106159,4.118435015791845,-0.37313520023151325,-1.0602554082887097,4.984852985739165,3.075320119998677,0.6960983794617904,-0.706652503004439,0.0685432674124721,0.5900639901723874,0.25322289270920834,-0.9780214690917646,0.006725633381921941,1.8188962476041135
-Moh5mqOGpsYy_5lzQFG.-Mt2gAlzCy5YHHCCWWgu.-Mt2gLpnwi1wXSVCZouP,0.08873470310538538,-10.911133120539157,0.9852872112470751,1,6.002782671686945,0.09375720398837259,90.43609887316504,-4.896704147978288,0.9998440571732016,1,-0.015471184237571656,3.0169217712574024,0.9727431013850852,1,-7.628093884690106,1.9359692499621983,0.3207776802207358,-1.096142740421956,-1.0151373433916158,1.5031009517054787,-0.38298311410745206,-1.263138058905709,0.5031959170992171,0.3437734260997722,-0.20321473344251875,-1.3968931499813513,0.005796228856439171,1.7247074476943505
-NJErXKLwkd1nbg1WAvd.-NJErcSu-bZzgcub_6av.-NbOawUwZcDXrSbZtXdt,-0.06630106566579193,13.392846740731429,0.9899751516466829,1,-35.51591391437566,0.013371055549855971,138.6623065392551,18.655118577021614,0.9999730192502976,1,-0.07273011417791397,10.891638535727667,0.8975469379406945,1,10.939776803503314,1.4427191036448448,-0.2705572369036061,-1.085380022397446,5.40402606763168,1.5942956260909509,-0.05814932120762663,-1.2040209038896712,-0.9280450734574847,1.6848562827067513,0.6066970683560184,-1.0504477616475318,0.00482231967754819,1.6073261683833067
-LeFwjQg8H2YmqKWub7l.-LeFwyQRrBy5fhb9uzcX.-LlArMPl2h2r9fJfPaPO,0.042633737258978455,-5.283481763811368,0.9852231679952754,1,3.0963571771733114,0.08607962233383129,86.08793267630172,-2.5786481929637066,0.9992051138065801,1,-0.02163786216964425,3.4037449768103922,0.9289187963296596,1,-3.7061443044717324,0.9297640408069188,0.32921206964338656,-1.049857556760384,-0.3995863396734984,0.671268104964663,-0.502385593268443,-1.102778951217687,-0.11264292904313757,0.4929001476190404,-0.6906974235062872,-0.7685233096562514,0.004036377924141273,1.4472481872509289
-N1IDTNGaJdSPHgxB6Bt.-N1IDmde9b35A24xnhnM.-N2zDFEObqCFYZcKO1V9,,,,0,-14.08207638720671,0.046932052498093076,9.967369720621424,13.161303424670578,0.9997225016235025,1,-0.017381288471686407,0.9869926433545197,0.6034787705611385,1,4.020009998561271,2.041321062377984,0.22719651534134613,-1.2222621385837045,-0.5339719246676611,0.4910689313411673,1.365237781196792,0.7637290185155345,0.015678114273680963,2.347190960578515
-LeuS5h2wK5wNyGoBToE.-LsppWB_V7rydYhdjYll.-Lz1FJPoSy-AfshezMqh,0.016102804160917694,0.8385223092087901,0.6689144163228096,1,-1.5000512318319723,0.1273530386729866,35.943279932787945,1.208355625415723,0.9969126391107856,1,-0.009522280791048665,0.8881928899595654,0.5251226062151442,1,1.0147572033819336,0.13208961735522398,-1.0160549053942756,-0.4103176764102776,0.14926257318415406,0.41516426834352804,0.6640051160386915,-0.9580097524936044,-0.16373429466278075,0.29345174390881684,0.015803291785622647,-1.4599889820546452,0.017348529977089477,2.2489514991490402
-Li78_-q6o1fQuak5tjs.-Li792Lr928udbQJoVff.-Mx8UU5QuVS5_gy4QaBE,-0.050982804450721675,4.033044680170365,0.9155922538424786,1,1.0786192361125087,0.5046708267612898,92.05956391224,0.8799585340043274,0.7097515044196583,1,-0.028918642802705063,4.065120072803181,0.8406810358782939,1,2.146786961688816,1.1540774209393692,0.7767150534601547,-0.5962379655379322,1.581256960079829,0.557156452883667,0.09452208708458523,-1.463424092024159,-0.6348205720831418,0.6903136322437446,0.9801628379494813,-0.2701903635289451,0.012454188607248033,2.554933050482375
-M35rpcnqO-CvrquEW4i.-M7lWHNl0Rjf5gnSmFYt.-M7lWanbja9TRlTWXL03,-0.12859484612476701,15.83146545068072,0.9631386865173541,1,-5066.364464851749,0.034989138743638196,-117.95932330702394,5065.6793786359485,0.9998869137805421,1,-0.0056817436946423605,0.5532490250246999,0.12465819686366642,1,11.072205346284722,2.8361998932490837,-0.4554886877337952,-1.1314327900356607,2.159674136367903,1.4016376890229154,0.5948703578205825,-0.8074151747463576,-0.37103890172678683,0.35242252821790726,0.48981850020084466,-1.221644483676238,0.005175042736818693,1.6867778948291041
